published_date,open,high,low,close,traded_quantity,traded_amount,daily_return,daily_return_percent,symbol
2022-01-02,1107.0,1151.5,1086.0,1144.0,263845.0,297049298.9,,,NABIL
2022-01-03,1150.0,1160.0,1137.0,1137.0,130041.0,149363282.6,-0.006118881118881148,-0.6118881118881148,NABIL
2022-01-04,1137.0,1139.0,1117.2,1119.0,116739.0,130969035.9,-0.0158311345646438,-1.58311345646438,NABIL
2022-01-05,1122.0,1138.0,1110.0,1111.9,75462.0,84317711.8,-0.006344950848972242,-0.6344950848972242,NABIL
2022-01-06,1111.0,1123.0,1099.6,1114.0,67780.0,75380074.6,0.0018886590520730273,0.18886590520730273,NABIL
2022-01-09,1120.0,1129.0,1110.0,1113.0,126780.0,141472657.4,-0.0008976660682226134,-0.08976660682226134,NABIL
2022-01-10,1113.0,1119.9,1106.1,1111.3,120640.0,134198561.8,-0.0015274034141958825,-0.15274034141958825,NABIL
2022-01-11,1112.0,1117.0,1105.5,1114.8,102845.0,114259483.8,0.003149464591019502,0.3149464591019502,NABIL
2022-01-12,1120.0,1120.0,1107.0,1107.0,105760.0,117881455.5,-0.006996770721205525,-0.6996770721205525,NABIL
2022-01-13,1110.0,1112.0,1104.0,1110.0,92618.0,102712292.8,0.0027100271002709064,0.27100271002709064,NABIL
2022-01-16,1120.0,1147.0,1110.0,1140.0,176667.0,200255532.5,0.027027027027026973,2.7027027027026973,NABIL
2022-01-17,1162.0,1179.0,1140.0,1178.9,113189.0,131409910.2,0.03412280701754389,3.412280701754389,NABIL
2022-01-18,1180.0,1209.0,1180.0,1190.0,116223.0,139206459.5,0.00941555687505291,0.9415556875052911,NABIL
2022-01-19,1213.0,1213.0,1170.1,1177.0,73385.0,86938565.3,-0.01092436974789912,-1.092436974789912,NABIL
2022-01-20,1182.0,1182.0,1160.0,1178.0,47782.0,56086709.1,0.000849617672047609,0.0849617672047609,NABIL
2022-01-23,1178.0,1178.0,1155.0,1161.0,79765.0,92763156.9,-0.014431239388794537,-1.4431239388794537,NABIL
2022-01-24,1165.0,1165.0,1125.0,1127.0,96165.0,109300301.1,-0.029285099052540953,-2.9285099052540953,NABIL
2022-01-25,1135.0,1145.0,1110.0,1129.1,52041.0,58784959.5,0.0018633540372670065,0.18633540372670065,NABIL
2022-01-26,1129.0,1134.9,1115.0,1121.0,61217.0,68718459.2,-0.007173855282968655,-0.7173855282968655,NABIL
2022-01-27,1121.0,1130.0,1115.0,1117.0,56308.0,63080144.6,-0.003568242640499597,-0.3568242640499597,NABIL
2022-01-30,1139.0,1139.0,1127.1,1135.0,59027.0,66774823.3,0.01611459265890769,1.611459265890769,NABIL
2022-01-31,1149.0,1149.0,1125.0,1127.0,38126.0,43092491.0,-0.007048458149779724,-0.7048458149779724,NABIL
2022-02-01,1129.9,1129.9,1119.3,1121.1,54175.0,60782611.9,-0.005235137533274314,-0.5235137533274314,NABIL
2022-02-03,1141.5,1143.5,1121.0,1122.0,61153.0,68883392.7,0.0008027829810008935,0.08027829810008935,NABIL
2022-02-06,1130.0,1130.0,1108.5,1109.0,71516.0,79537958.1,-0.01158645276292336,-1.158645276292336,NABIL
2022-02-07,1112.0,1112.0,1106.0,1109.0,68960.0,76447346.1,0.0,0.0,NABIL
2022-02-08,1128.0,1129.0,1106.0,1107.0,51383.0,57126383.5,-0.0018034265103696878,-0.18034265103696878,NABIL
2022-02-09,1110.0,1110.0,1098.0,1100.9,59639.0,65698220.8,-0.005510388437217628,-0.5510388437217628,NABIL
2022-02-10,1101.0,1101.0,1095.0,1097.1,62380.0,68504631.0,-0.0034517213189210194,-0.34517213189210194,NABIL
2022-02-13,1095.0,1095.0,1069.0,1070.0,87909.0,94341596.8,-0.024701485735119766,-2.4701485735119766,NABIL
2022-02-14,1070.0,1079.0,1064.0,1064.0,68303.0,73017839.3,-0.005607476635513975,-0.5607476635513975,NABIL
2022-02-15,1085.0,1085.0,1066.1,1075.0,53230.0,57013901.4,0.010338345864661758,1.0338345864661758,NABIL
2022-02-16,1096.0,1096.0,1070.3,1080.0,46381.0,50105537.1,0.0046511627906977715,0.46511627906977715,NABIL
2022-02-17,1081.0,1094.0,1070.0,1079.0,34444.0,37204791.4,-0.0009259259259258856,-0.09259259259258856,NABIL
2022-02-20,1070.0,1075.0,1045.0,1062.0,61489.0,65233093.3,-0.01575532900834109,-1.575532900834109,NABIL
2022-02-21,1070.0,1073.0,1063.0,1067.0,39297.0,41953268.0,0.00470809792843685,0.47080979284368496,NABIL
2022-02-22,1080.0,1080.0,1069.0,1070.5,41743.0,44701700.4,0.0032802249297094743,0.32802249297094743,NABIL
2022-02-23,1084.0,1085.0,1065.0,1067.5,29641.0,31684313.2,-0.0028024287716020835,-0.28024287716020835,NABIL
2022-02-24,1065.0,1067.0,1048.0,1051.0,72385.0,76104471.7,-0.015456674473067866,-1.5456674473067866,NABIL
2022-02-27,1051.0,1051.0,1040.0,1041.0,43253.0,45196711.7,-0.009514747859181716,-0.9514747859181716,NABIL
2022-02-28,1050.0,1059.0,1037.0,1040.0,45316.0,47302325.4,-0.0009606147934678733,-0.09606147934678733,NABIL
2022-03-02,1040.0,1048.0,1000.0,1006.0,74636.0,75609425.5,-0.03269230769230769,-3.2692307692307687,NABIL
2022-03-06,985.9,1020.0,985.9,1002.9,64365.0,64436543.5,-0.003081510934393683,-0.3081510934393683,NABIL
2022-03-07,1010.0,1012.0,1000.0,1011.9,47036.0,47341531.0,0.008973975471133766,0.8973975471133766,NABIL
2022-03-09,1020.0,1020.0,1006.0,1007.9,35691.0,36048709.9,-0.003952959778634302,-0.3952959778634302,NABIL
2022-03-10,988.7,1018.0,988.7,1018.0,31958.0,32299087.5,0.010020835400337269,1.002083540033727,NABIL
2022-03-13,1036.0,1080.0,1034.0,1079.0,57510.0,60721142.4,0.05992141453831046,5.992141453831046,NABIL
2022-03-14,1100.0,1100.5,1081.0,1092.0,23711.0,25904097.4,0.012048192771084265,1.2048192771084265,NABIL
2022-03-15,1100.0,1100.0,1075.0,1079.0,44505.0,48101759.8,-0.011904761904761862,-1.1904761904761862,NABIL
2022-03-16,1079.0,1089.0,1060.0,1064.0,25272.0,27019937.4,-0.013901760889712733,-1.3901760889712733,NABIL
2022-03-20,1080.0,1080.0,1055.3,1060.0,28034.0,29827949.8,-0.003759398496240629,-0.3759398496240629,NABIL
2022-03-21,1075.0,1075.0,1046.0,1052.0,32178.0,33802164.9,-0.007547169811320753,-0.7547169811320753,NABIL
2022-03-22,1060.0,1065.0,1048.1,1050.0,35572.0,37554211.7,-0.0019011406844106071,-0.1901140684410607,NABIL
2022-03-23,1060.0,1060.0,1043.0,1047.0,29498.0,30904783.0,-0.0028571428571428914,-0.28571428571428914,NABIL
2022-03-24,1057.0,1057.0,1036.0,1040.0,34482.0,35845312.4,-0.006685768863419317,-0.6685768863419317,NABIL
2022-03-27,1055.0,1055.0,1017.0,1020.0,37321.0,38257052.8,-0.019230769230769273,-1.9230769230769273,NABIL
2022-03-28,1029.0,1029.0,1010.0,1017.0,36394.0,36969032.9,-0.002941176470588225,-0.2941176470588225,NABIL
2022-03-29,1000.1,1030.0,1000.1,1009.0,53395.0,53898812.7,-0.007866273352999054,-0.7866273352999054,NABIL
2022-03-30,995.0,1006.0,993.0,1006.0,101034.0,100998632.8,-0.0029732408325073845,-0.29732408325073845,NABIL
2022-03-31,1015.0,1019.9,1000.0,1002.0,62677.0,63023552.6,-0.003976143141153132,-0.3976143141153132,NABIL
2022-04-03,1010.1,1010.1,995.0,997.0,42507.0,42413438.7,-0.004990019960079861,-0.4990019960079861,NABIL
2022-04-04,1000.0,1002.0,995.0,997.0,56895.0,56787876.6,0.0,0.0,NABIL
2022-04-05,1000.0,1000.0,982.0,984.0,87147.0,85999199.0,-0.013039117352056206,-1.3039117352056206,NABIL
2022-04-06,982.0,990.0,963.0,965.0,69199.0,67001764.7,-0.019308943089430874,-1.9308943089430874,NABIL
2022-04-07,965.1,976.0,964.0,969.0,76197.0,73895218.3,0.004145077720207224,0.4145077720207224,NABIL
2022-04-11,980.0,995.0,970.0,971.0,70697.0,69287032.7,0.002063983488132193,0.20639834881321928,NABIL
2022-04-12,990.0,990.0,958.1,960.0,45151.0,43408463.8,-0.011328527291452062,-1.1328527291452062,NABIL
2022-04-13,970.0,972.0,953.0,971.0,35450.0,34129326.2,0.011458333333333348,1.1458333333333348,NABIL
2022-04-17,980.0,990.0,970.0,971.0,35787.0,34917275.9,0.0,0.0,NABIL
2022-04-18,972.0,977.0,955.0,956.0,51642.0,49626555.3,-0.015447991761071034,-1.5447991761071034,NABIL
2022-04-19,950.0,961.0,935.0,949.0,66610.0,63067385.0,-0.007322175732217606,-0.7322175732217606,NABIL
2022-04-20,949.0,950.0,936.0,940.0,37902.0,35782830.9,-0.009483667017913588,-0.9483667017913588,NABIL
2022-04-21,945.0,949.0,918.2,935.0,55028.0,50937946.5,-0.005319148936170248,-0.5319148936170248,NABIL
2022-04-24,941.0,951.5,930.0,951.5,47975.0,45117903.2,0.01764705882352935,1.764705882352935,NABIL
2022-04-25,965.0,980.0,936.0,940.9,54841.0,51980914.6,-0.011140304781923294,-1.1140304781923294,NABIL
2022-04-26,940.9,947.0,936.0,937.9,27496.0,25847948.6,-0.003188436603252187,-0.3188436603252187,NABIL
2022-04-27,939.0,944.6,929.2,934.9,34974.0,32648422.4,-0.0031986352489604686,-0.31986352489604686,NABIL
2022-04-28,934.0,947.0,927.0,928.0,43224.0,40204268.0,-0.007380468499304738,-0.7380468499304738,NABIL
2022-05-02,937.5,937.5,916.5,920.0,39086.0,36030960.5,-0.008620689655172376,-0.8620689655172376,NABIL
2022-05-04,920.0,925.0,899.0,909.0,37775.0,34250306.5,-0.011956521739130421,-1.1956521739130421,NABIL
2022-05-05,910.0,915.0,900.0,901.9,50023.0,45209407.9,-0.007810781078107842,-0.7810781078107842,NABIL
2022-05-08,900.0,910.0,880.0,889.0,46835.0,41548903.6,-0.014303137820157463,-1.4303137820157463,NABIL
2022-05-09,889.0,907.0,889.0,896.5,40948.0,36905688.6,0.00843644544431954,0.843644544431954,NABIL
2022-05-10,912.0,912.0,897.0,909.7,40752.0,36887470.3,0.014723926380368235,1.4723926380368235,NABIL
2022-05-11,915.0,938.0,915.0,933.0,37027.0,34410295.2,0.025612839397603615,2.5612839397603615,NABIL
2022-05-12,949.7,951.0,930.0,930.0,54739.0,51490582.1,-0.003215434083601254,-0.3215434083601254,NABIL
2022-05-17,930.0,935.0,908.0,910.0,26873.0,24558509.3,-0.021505376344086002,-2.1505376344086002,NABIL
2022-05-18,915.0,918.0,905.3,914.0,24747.0,22492071.4,0.00439560439560438,0.439560439560438,NABIL
2022-05-19,929.0,929.0,896.0,908.0,29333.0,26676250.1,-0.006564551422319487,-0.6564551422319487,NABIL
2022-05-20,901.0,915.0,900.0,906.0,25594.0,23127532.0,-0.0022026431718061845,-0.22026431718061845,NABIL
2022-05-23,906.0,941.0,898.0,899.0,45910.0,41509265.5,-0.007726269315673329,-0.7726269315673329,NABIL
2022-05-24,900.0,905.0,897.0,897.1,33616.0,30238038.8,-0.0021134593993326067,-0.21134593993326067,NABIL
2022-05-25,915.0,915.0,898.0,900.0,38263.0,34485355.8,0.0032326385018393022,0.3232638501839302,NABIL
2022-05-26,918.0,918.0,897.0,898.6,39717.0,35742783.8,-0.0015555555555555323,-0.15555555555555323,NABIL
2022-05-27,900.0,900.0,896.0,898.0,39790.0,35739162.0,-0.0006677053193857585,-0.06677053193857585,NABIL
2022-05-30,900.0,901.0,881.0,890.0,44382.0,39472978.5,-0.008908685968819552,-0.8908685968819552,NABIL
2022-05-31,890.0,890.0,865.0,875.0,45502.0,39852803.2,-0.016853932584269704,-1.6853932584269704,NABIL
2022-06-01,876.0,883.0,866.0,867.0,32984.0,28718353.8,-0.00914285714285712,-0.9142857142857119,NABIL
2022-06-02,883.9,883.9,858.0,861.9,36911.0,31857272.4,-0.00588235294117645,-0.588235294117645,NABIL
2022-06-03,855.0,871.9,843.0,845.0,43168.0,36674425.8,-0.019607843137254832,-1.9607843137254832,NABIL
2022-06-06,845.0,860.5,837.9,846.0,41330.0,34972889.4,0.0011834319526626835,0.11834319526626835,NABIL
2022-06-07,850.0,853.0,830.0,831.5,34581.0,29046597.9,-0.017139479905437405,-1.7139479905437405,NABIL
2022-06-08,828.1,855.0,828.0,843.0,43083.0,36218334.2,0.013830426939266394,1.3830426939266394,NABIL
2022-06-09,855.0,864.0,846.0,846.4,45493.0,38872733.8,0.004033214709371347,0.40332147093713466,NABIL
2022-06-10,850.0,855.0,840.0,848.1,26409.0,22346583.1,0.0020085066162571774,0.20085066162571774,NABIL
2022-06-13,850.0,850.0,844.8,846.0,27758.0,23514073.4,-0.002476123098691274,-0.2476123098691274,NABIL
2022-06-14,846.0,846.0,834.0,838.5,38169.0,32013076.8,-0.00886524822695034,-0.886524822695034,NABIL
2022-06-15,838.0,838.0,810.0,825.0,33494.0,27480500.2,-0.01610017889087656,-1.610017889087656,NABIL
2022-06-16,821.0,833.0,815.0,825.0,30303.0,25046352.8,0.0,0.0,NABIL
2022-06-17,835.0,835.0,817.0,817.0,16582.0,13671108.4,-0.009696969696969648,-0.9696969696969648,NABIL
2022-06-19,817.0,820.5,814.0,816.0,49808.0,40739382.7,-0.001223990208078285,-0.1223990208078285,NABIL
2022-06-20,814.0,814.0,793.0,794.9,51029.0,40744255.5,-0.02585784313725492,-2.585784313725492,NABIL
2022-06-21,795.0,799.0,783.0,792.0,54464.0,43235927.1,-0.003648257642470676,-0.3648257642470676,NABIL
2022-06-22,799.0,799.9,778.0,782.0,43206.0,33966548.6,-0.012626262626262652,-1.2626262626262652,NABIL
2022-06-23,775.0,777.0,748.0,749.0,73119.0,55369684.7,-0.0421994884910486,-4.21994884910486,NABIL
2022-06-24,749.0,750.0,726.0,740.0,32412.0,23897108.6,-0.012016021361815787,-1.2016021361815787,NABIL
2022-06-26,754.8,780.0,750.0,775.0,88020.0,67627858.4,0.04729729729729737,4.729729729729737,NABIL
2022-06-27,790.0,810.0,775.0,780.0,89874.0,71412242.1,0.006451612903225712,0.6451612903225712,NABIL
2022-06-28,794.0,794.0,765.0,778.0,35763.0,27883622.4,-0.002564102564102555,-0.2564102564102555,NABIL
2022-06-29,780.0,799.0,770.0,795.0,28748.0,22748918.8,0.02185089974293053,2.185089974293053,NABIL
2022-06-30,800.0,835.0,800.0,835.0,46615.0,38392058.9,0.05031446540880502,5.031446540880502,NABIL
2022-07-01,850.0,866.0,833.0,856.0,42203.0,36130112.0,0.025149700598802394,2.5149700598802394,NABIL
2022-07-03,856.0,890.0,856.0,889.0,71068.0,62471477.1,0.03855140186915884,3.855140186915884,NABIL
2022-07-04,900.0,916.0,893.8,895.0,114314.0,103998073.9,0.006749156355455588,0.6749156355455588,NABIL
2022-07-05,895.0,900.0,860.1,872.0,50999.0,45044516.3,-0.025698324022346397,-2.5698324022346397,NABIL
2022-07-06,885.0,889.0,837.0,864.0,58061.0,49581894.4,-0.00917431192660545,-0.917431192660545,NABIL
2022-07-07,864.0,886.0,844.0,845.0,51271.0,43794878.6,-0.0219907407407407,-2.19907407407407,NABIL
2022-07-08,845.0,847.0,825.5,826.0,30318.0,25208769.0,-0.022485207100591764,-2.2485207100591764,NABIL
2022-07-11,831.0,831.0,792.0,792.0,69864.0,55898125.1,-0.041162227602905554,-4.1162227602905554,NABIL
2022-07-12,796.0,804.9,787.0,796.9,42720.0,34006061.5,0.006186868686868685,0.6186868686868685,NABIL
2022-07-13,800.0,812.0,798.0,811.0,59513.0,47959378.5,0.017693562554900177,1.7693562554900177,NABIL
2022-07-14,826.0,841.2,808.5,817.0,54640.0,44809250.1,0.007398273736128225,0.7398273736128225,NABIL
2022-07-15,829.9,829.9,817.0,824.0,22065.0,18088990.8,0.008567931456548328,0.8567931456548328,NABIL
2022-07-17,828.0,835.0,821.0,830.0,28983.0,24017285.0,0.00728155339805836,0.728155339805836,NABIL
2022-07-18,832.0,837.0,825.0,832.0,29302.0,24374814.0,0.002409638554216942,0.24096385542169418,NABIL
2022-07-19,844.9,845.0,832.0,838.0,48099.0,40446732.5,0.007211538461538547,0.7211538461538547,NABIL
2022-07-20,847.2,850.0,836.0,845.0,32488.0,27422503.4,0.00835322195704058,0.835322195704058,NABIL
2022-07-21,847.0,859.8,841.0,855.0,36824.0,31458068.6,0.01183431952662728,1.183431952662728,NABIL
2022-07-22,855.0,855.0,836.0,839.9,26240.0,22132331.7,-0.017660818713450266,-1.7660818713450266,NABIL
2022-07-24,853.0,866.0,848.0,860.0,41717.0,35696123.1,0.02393142040719143,2.393142040719143,NABIL
2022-07-25,870.9,888.8,870.0,885.0,53131.0,46872526.1,0.029069767441860517,2.9069767441860517,NABIL
2022-07-26,895.0,895.0,865.5,866.0,49899.0,43646056.3,-0.021468926553672274,-2.1468926553672274,NABIL
2022-07-27,866.0,870.0,853.0,866.0,43850.0,37915630.6,0.0,0.0,NABIL
2022-07-28,880.0,880.0,865.0,866.0,43396.0,37704226.6,0.0,0.0,NABIL
2022-07-29,866.0,880.0,865.0,869.9,17497.0,15221344.0,0.004503464203233332,0.45034642032333316,NABIL
2022-07-31,879.0,882.0,871.0,881.0,52796.0,46248840.9,0.012760087366364026,1.2760087366364026,NABIL
2022-08-01,894.9,897.5,880.0,881.9,47675.0,42185561.8,0.0010215664018160542,0.10215664018160542,NABIL
2022-08-02,881.0,884.0,870.0,877.0,27948.0,24482621.9,-0.005556185508561073,-0.5556185508561073,NABIL
2022-08-03,880.0,883.0,859.1,862.0,93835.0,80979081.6,-0.01710376282782211,-1.710376282782211,NABIL
2022-08-04,879.2,879.2,850.0,850.0,37325.0,31873397.3,-0.0139211136890951,-1.39211136890951,NABIL
2022-08-05,850.0,850.0,817.0,819.7,171702.0,141414347.6,-0.035647058823529365,-3.5647058823529365,NABIL
2022-08-07,819.7,828.0,802.0,817.0,156363.0,127341908.0,-0.0032938880078078325,-0.32938880078078325,NABIL
2022-08-08,820.0,821.0,800.0,803.0,134201.0,108543151.3,-0.017135862913096656,-1.7135862913096656,NABIL
2022-08-09,808.0,808.0,787.2,788.1,130944.0,104209985.3,-0.01855541718555409,-1.855541718555409,NABIL
2022-08-10,787.0,796.0,781.0,790.0,82028.0,64689420.1,0.002410861565791178,0.2410861565791178,NABIL
2022-08-11,800.0,804.0,790.0,793.0,56771.0,45115351.6,0.0037974683544304,0.37974683544304,NABIL
2022-08-14,800.0,800.0,787.0,789.0,56155.0,44427134.0,-0.0050441361916772065,-0.5044136191677207,NABIL
2022-08-15,793.0,799.4,789.0,799.4,52346.0,41534539.5,0.013181242078580402,1.3181242078580402,NABIL
2022-08-16,806.9,808.0,798.0,799.0,49399.0,39610147.5,-0.000500375281461074,-0.0500375281461074,NABIL
2022-08-17,799.0,801.0,793.0,794.5,53622.0,42665079.0,-0.00563204005006257,-0.563204005006257,NABIL
2022-08-18,800.0,805.0,795.0,802.0,51320.0,41131559.9,0.009439899307740696,0.9439899307740696,NABIL
2022-08-21,802.0,815.0,800.0,801.0,44730.0,35936037.3,-0.0012468827930174342,-0.12468827930174342,NABIL
2022-08-22,805.0,806.0,795.0,799.0,46726.0,37341895.7,-0.0024968789013732895,-0.24968789013732895,NABIL
2022-08-23,800.0,803.0,797.0,801.9,29742.0,23822859.3,0.0036295369211514217,0.36295369211514217,NABIL
2022-08-24,806.0,810.0,800.0,802.0,38238.0,30680930.8,0.00012470382840756855,0.012470382840756855,NABIL
2022-08-25,808.0,809.9,799.0,800.0,40361.0,32342925.8,-0.0024937655860348684,-0.24937655860348684,NABIL
2022-08-26,800.0,802.0,795.0,795.9,19821.0,15795754.0,-0.005125000000000046,-0.5125000000000046,NABIL
2022-08-28,795.0,799.9,790.0,793.5,55498.0,44105178.9,-0.0030154542027892584,-0.30154542027892584,NABIL
2022-08-29,793.0,798.0,782.0,790.0,35660.0,28140408.0,-0.004410838059231259,-0.4410838059231259,NABIL
2022-08-30,789.0,795.0,783.0,789.5,56298.0,44492555.8,-0.0006329113924050667,-0.06329113924050667,NABIL
2022-08-31,790.0,798.0,785.5,786.0,35820.0,28257822.3,-0.004433185560481334,-0.4433185560481334,NABIL
2022-09-01,790.0,791.0,781.0,784.0,42923.0,33647608.8,-0.0025445292620864812,-0.2544529262086481,NABIL
2022-09-02,786.0,790.0,781.0,784.9,55803.0,43703308.5,0.001147959183673386,0.1147959183673386,NABIL
2022-09-04,783.0,789.9,777.0,779.9,80710.0,63049749.0,-0.006370238246910409,-0.6370238246910409,NABIL
2022-09-05,785.0,785.0,775.0,776.1,58697.0,45655586.9,-0.004872419540966733,-0.48724195409667326,NABIL
2022-09-06,784.0,784.0,768.0,768.0,73282.0,56685479.7,-0.010436799381522976,-1.0436799381522976,NABIL
2022-09-07,767.0,771.0,763.0,763.2,33333.0,25478373.2,-0.006249999999999978,-0.6249999999999978,NABIL
2022-09-08,764.0,765.0,758.0,760.0,44066.0,33505678.6,-0.004192872117400492,-0.41928721174004924,NABIL
2022-09-11,760.0,767.0,755.0,759.0,41713.0,31750970.1,-0.001315789473684159,-0.1315789473684159,NABIL
2022-09-12,755.0,761.0,748.3,755.0,54259.0,40754763.7,-0.005270092226614009,-0.5270092226614009,NABIL
2022-09-13,765.0,772.0,751.0,770.0,77706.0,59489245.7,0.019867549668874274,1.9867549668874274,NABIL
2022-09-14,775.0,802.0,774.0,799.0,82172.0,65169328.5,0.03766233766233773,3.766233766233773,NABIL
2022-09-15,812.0,812.8,779.0,781.0,58510.0,46108017.4,-0.02252816020025028,-2.252816020025028,NABIL
2022-09-16,768.0,779.9,761.0,772.0,38993.0,30055028.2,-0.011523687580025643,-1.1523687580025643,NABIL
2022-09-18,780.0,780.0,762.7,764.0,44695.0,34359816.0,-0.010362694300518172,-1.0362694300518172,NABIL
2022-09-20,765.0,769.0,749.2,749.5,62804.0,47365180.0,-0.018979057591622994,-1.8979057591622994,NABIL
2022-09-21,752.0,768.2,750.0,762.1,44522.0,33815448.5,0.01681120747164777,1.681120747164777,NABIL
2022-09-22,765.0,770.0,755.0,759.0,33966.0,25868761.5,-0.004067707649914709,-0.4067707649914709,NABIL
2022-09-25,759.0,759.0,746.0,752.9,57127.0,42978453.0,-0.008036890645586325,-0.8036890645586325,NABIL
2022-09-27,750.0,776.0,750.0,770.0,34179.0,26168117.6,0.022712179572320412,2.2712179572320412,NABIL
2022-09-28,777.0,777.0,767.0,767.0,34948.0,26953460.1,-0.003896103896103842,-0.3896103896103842,NABIL
2022-09-29,777.0,780.0,769.0,780.0,37569.0,29086776.8,0.016949152542372836,1.6949152542372836,NABIL
2022-10-09,781.7,808.0,781.7,807.0,44112.0,35198429.9,0.034615384615384714,3.4615384615384714,NABIL
2022-10-10,823.1,823.1,793.8,797.0,59995.0,48220262.9,-0.012391573729863659,-1.2391573729863659,NABIL
2022-10-11,800.0,800.0,788.0,792.0,39129.0,31009449.4,-0.006273525721455453,-0.6273525721455453,NABIL
2022-10-12,797.0,797.0,787.2,794.0,30352.0,24011652.0,0.002525252525252597,0.2525252525252597,NABIL
2022-10-13,794.0,804.0,790.0,796.0,42798.0,34035202.6,0.0025188916876575096,0.25188916876575096,NABIL
2022-10-16,796.0,798.0,790.0,794.0,33880.0,26898499.3,-0.002512562814070307,-0.2512562814070307,NABIL
2022-10-17,795.0,799.5,793.0,794.0,35066.0,27919215.0,0.0,0.0,NABIL
2022-10-19,795.0,800.0,790.0,798.5,30433.0,24151474.7,0.005667506297229119,0.5667506297229119,NABIL
2022-10-20,800.0,801.0,791.0,796.5,29921.0,23788271.6,-0.0025046963055729288,-0.2504696305572929,NABIL
2022-10-23,800.0,809.9,796.5,808.0,42040.0,33880101.1,0.01443816698053979,1.443816698053979,NABIL
2022-10-31,810.0,819.0,809.0,816.0,46691.0,38025836.7,0.00990099009900991,0.990099009900991,NABIL
2022-11-01,818.0,839.6,813.0,835.0,71557.0,59270094.9,0.023284313725490113,2.3284313725490113,NABIL
2022-11-02,835.0,844.0,825.0,830.0,67918.0,56617593.1,-0.005988023952095856,-0.5988023952095856,NABIL
2022-11-03,830.0,835.0,820.2,824.0,35595.0,29428996.9,-0.0072289156626506035,-0.7228915662650603,NABIL
2022-11-06,830.0,834.0,820.1,831.1,46206.0,38198493.0,0.008616504854368934,0.8616504854368934,NABIL
2022-11-07,841.5,842.0,832.0,834.0,37460.0,31344999.0,0.0034893514619178667,0.34893514619178667,NABIL
2022-11-08,827.0,835.0,827.0,833.0,20635.0,17146216.6,-0.0011990407673860837,-0.11990407673860837,NABIL
2022-11-09,834.0,866.5,822.6,823.5,46477.0,38563935.9,-0.01140456182472993,-1.140456182472993,NABIL
2022-11-10,837.0,837.0,814.0,815.0,33090.0,27097436.8,-0.01032179720704307,-1.032179720704307,NABIL
2022-11-13,816.0,822.0,810.0,811.0,29230.0,23825950.5,-0.004907975460122671,-0.4907975460122671,NABIL
2022-11-14,815.0,815.0,803.0,814.0,29743.0,24098711.1,0.0036991368680641123,0.36991368680641123,NABIL
2022-11-15,827.0,827.0,814.0,817.9,25680.0,21081840.1,0.0047911547911547725,0.47911547911547725,NABIL
2022-11-16,821.0,821.0,814.0,819.5,20391.0,16680452.9,0.001956229367893414,0.1956229367893414,NABIL
2022-11-17,821.0,829.0,821.0,827.3,28777.0,23798804.0,0.009517998779743797,0.9517998779743797,NABIL
2022-11-22,828.0,840.0,827.4,829.0,26547.0,22086869.0,0.0020548773117370356,0.20548773117370356,NABIL
2022-11-23,830.0,835.0,822.1,824.6,22341.0,18447908.3,-0.005307599517490935,-0.5307599517490935,NABIL
2022-11-24,830.0,832.0,820.0,831.0,32640.0,27006670.6,0.007761338830948317,0.7761338830948317,NABIL
2022-11-27,832.0,876.0,832.0,876.0,139753.0,120321988.4,0.054151624548736566,5.4151624548736566,NABIL
2022-11-28,890.0,890.0,870.0,874.0,82399.0,72458404.2,-0.0022831050228310223,-0.22831050228310223,NABIL
2022-11-29,876.0,880.0,866.7,877.0,49511.0,43161892.3,0.003432494279176135,0.3432494279176135,NABIL
2022-11-30,878.0,883.5,870.1,882.0,47288.0,41503915.8,0.005701254275940704,0.5701254275940704,NABIL
2022-12-01,865.0,915.0,865.0,913.0,159865.0,144556792.0,0.035147392290249435,3.5147392290249435,NABIL
2022-12-04,922.0,930.0,879.3,882.0,221592.0,198067493.4,-0.033953997809419545,-3.3953997809419545,NABIL
2022-12-05,866.0,895.0,866.0,883.0,95864.0,84789006.7,0.0011337868480725266,0.11337868480725266,NABIL
2022-12-06,900.6,900.6,875.1,888.0,54482.0,48195521.1,0.005662514156285381,0.5662514156285381,NABIL
2022-12-07,884.0,890.0,879.0,881.0,51341.0,45287666.8,-0.007882882882882858,-0.7882882882882858,NABIL
2022-12-11,880.0,880.0,842.8,846.0,87795.0,75843349.6,-0.039727582292849006,-3.9727582292849006,NABIL
2022-12-12,846.0,846.0,801.7,815.0,261519.0,213241682.5,-0.03664302600472813,-3.664302600472813,NABIL
2022-12-13,816.0,816.9,804.7,807.1,88690.0,71756635.7,-0.009693251533742342,-0.9693251533742342,NABIL
2022-12-14,807.0,818.0,807.0,808.0,52009.0,42277228.3,0.001115103456820643,0.1115103456820643,NABIL
2022-12-15,815.0,815.0,803.5,804.0,58542.0,47255902.5,-0.004950495049504955,-0.4950495049504955,NABIL
2022-12-18,810.0,810.0,793.0,794.0,67787.0,54113336.7,-0.01243781094527363,-1.243781094527363,NABIL
2022-12-19,795.0,800.0,794.0,797.0,40026.0,31909230.1,0.0037783375314861534,0.37783375314861534,NABIL
2022-12-20,800.0,807.0,797.0,800.0,42079.0,33692251.6,0.0037641154328733606,0.37641154328733606,NABIL
2022-12-21,816.0,816.0,800.0,807.0,48877.0,39508915.7,0.008750000000000036,0.8750000000000036,NABIL
2022-12-22,809.0,811.0,800.1,810.0,66052.0,53166698.0,0.0037174721189590088,0.3717472118959009,NABIL
2022-12-26,811.0,840.0,811.0,838.0,110057.0,91121150.2,0.03456790123456788,3.4567901234567877,NABIL
2022-12-27,847.0,860.0,834.0,842.0,133855.0,113229439.0,0.004773269689737569,0.4773269689737569,NABIL
2022-12-28,845.0,847.0,826.1,834.9,105429.0,88591274.1,-0.008432304038004768,-0.8432304038004768,NABIL
2022-12-29,840.0,844.0,835.1,843.0,110579.0,92888217.9,0.009701760689903027,0.9701760689903027,NABIL
2023-01-01,859.0,865.0,850.0,854.5,263159.0,225748979.1,0.013641755634638209,1.3641755634638209,NABIL
2023-01-02,735.5,751.0,725.0,739.0,227630.0,168451282.8,-0.1351667641895845,-13.51667641895845,NABIL
2023-01-03,743.0,750.0,735.0,736.0,107994.0,79862135.8,-0.004059539918809252,-0.4059539918809252,NABIL
2023-01-04,750.0,750.0,730.0,736.9,89872.0,66207371.9,0.0012228260869564522,0.12228260869564522,NABIL
2023-01-05,744.0,745.0,727.0,727.0,132642.0,97002720.2,-0.013434658705387403,-1.3434658705387403,NABIL
2023-01-08,738.9,739.0,718.5,719.1,146327.0,105631362.4,-0.010866574965612052,-1.0866574965612052,NABIL
2023-01-09,733.4,733.4,712.0,719.0,167381.0,120035819.4,-0.00013906271728547637,-0.013906271728547637,NABIL
2023-01-10,720.0,735.0,718.0,719.2,182296.0,132591912.1,0.0002781641168290161,0.02781641168290161,NABIL
2023-01-12,733.5,733.5,713.7,714.0,101205.0,72682871.4,-0.007230255839822064,-0.7230255839822064,NABIL
2023-01-17,724.0,725.0,709.0,711.0,88101.0,62759754.8,-0.004201680672268893,-0.42016806722688926,NABIL
2023-01-18,712.0,718.0,703.0,703.9,94709.0,67131987.9,-0.009985935302391002,-0.9985935302391002,NABIL
2023-01-19,705.0,710.0,701.0,703.5,93648.0,66002719.4,-0.0005682625372921413,-0.05682625372921413,NABIL
2023-01-23,717.5,729.0,710.0,710.9,114807.0,81990439.6,0.010518834399431354,1.0518834399431354,NABIL
2023-01-24,711.0,715.0,709.0,713.0,67781.0,48245961.7,0.0029540019693345965,0.29540019693345965,NABIL
2023-01-25,717.0,719.0,709.0,709.1,63311.0,45120868.2,-0.005469845722300137,-0.5469845722300137,NABIL
2023-01-26,714.0,714.5,705.3,705.6,57638.0,40819235.9,-0.0049358341559723184,-0.49358341559723184,NABIL
2023-01-29,707.0,709.0,701.1,702.5,57268.0,40322419.1,-0.004393424036281179,-0.43934240362811794,NABIL
2023-01-30,688.5,706.0,688.5,698.0,71228.0,49884863.1,-0.006405693950177982,-0.6405693950177982,NABIL
2023-01-31,700.0,700.0,688.0,690.4,67697.0,46790580.8,-0.010888252148997135,-1.0888252148997135,NABIL
2023-02-01,695.0,695.0,686.0,690.0,57940.0,39861439.4,-0.0005793742757821407,-0.057937427578214074,NABIL
2023-02-02,692.0,694.5,685.1,688.0,54429.0,37556908.0,-0.0028985507246376274,-0.28985507246376274,NABIL
2023-02-05,690.0,698.0,678.0,681.0,84062.0,57476381.6,-0.01017441860465118,-1.017441860465118,NABIL
2023-02-06,682.0,688.0,675.0,677.3,54726.0,37058416.2,-0.005433186490455322,-0.5433186490455322,NABIL
2023-02-07,677.3,692.0,677.3,691.9,69751.0,48024125.4,0.021556178945814297,2.1556178945814297,NABIL
2023-02-08,705.0,705.7,685.0,688.0,75546.0,52398853.0,-0.005636652695476196,-0.5636652695476196,NABIL
2023-02-09,690.0,698.0,676.0,693.0,83791.0,57355488.9,0.007267441860465018,0.7267441860465018,NABIL
2023-02-12,689.0,690.0,680.0,683.0,53279.0,36424747.2,-0.01443001443001446,-1.443001443001446,NABIL
2023-02-14,683.0,683.0,674.0,675.0,59511.0,40229741.2,-0.01171303074670571,-1.171303074670571,NABIL
2023-02-15,675.0,688.5,670.1,674.5,39631.0,26766341.2,-0.0007407407407407085,-0.07407407407407085,NABIL
2023-02-16,675.0,676.0,669.0,670.2,57195.0,38412329.3,-0.006375092661230486,-0.6375092661230486,NABIL
2023-02-20,670.2,670.2,661.0,662.5,53643.0,35649044.0,-0.011489107729036219,-1.1489107729036219,NABIL
2023-02-22,674.8,689.5,664.2,678.9,57464.0,38602222.0,0.024754716981131963,2.4754716981131963,NABIL
2023-02-23,678.0,679.0,665.0,669.0,47679.0,31867874.4,-0.014582412726469207,-1.4582412726469207,NABIL
2023-02-26,668.0,670.0,652.0,663.5,57017.0,37609406.3,-0.008221225710014934,-0.8221225710014934,NABIL
2023-02-27,672.0,675.1,658.0,661.0,41206.0,27264521.3,-0.0037678975131876236,-0.37678975131876236,NABIL
2023-02-28,665.0,669.0,656.1,657.0,31890.0,21053247.9,-0.006051437216338829,-0.6051437216338829,NABIL
2023-03-01,657.0,660.0,654.0,655.0,35796.0,23485365.0,-0.0030441400304414,-0.30441400304414,NABIL
2023-03-02,652.0,653.0,648.0,649.1,59279.0,38561494.6,-0.009007633587786223,-0.9007633587786223,NABIL
2023-03-05,650.0,650.0,635.0,637.3,54153.0,34508537.3,-0.01817901710060099,-1.8179017100600992,NABIL
2023-03-07,640.0,642.0,637.0,639.0,41137.0,26325287.0,0.002667503530519477,0.2667503530519477,NABIL
2023-03-09,641.0,648.9,641.0,647.0,55564.0,35785207.1,0.012519561815336422,1.2519561815336422,NABIL
2023-03-12,650.0,653.0,635.0,636.9,51762.0,33104679.2,-0.015610510046367931,-1.5610510046367931,NABIL
2023-03-13,624.2,635.0,624.2,629.9,55971.0,35140758.6,-0.010990736379337451,-1.0990736379337451,NABIL
2023-03-14,634.0,634.0,623.0,625.0,55015.0,34473548.7,-0.007779012541673236,-0.7779012541673236,NABIL
2023-03-15,628.0,628.0,618.0,618.0,69209.0,42912042.6,-0.011199999999999988,-1.1199999999999988,NABIL
2023-03-16,623.0,623.0,605.0,613.0,65028.0,39683731.2,-0.008090614886731351,-0.8090614886731351,NABIL
2023-03-19,625.0,625.0,605.0,606.0,50724.0,30904775.8,-0.011419249592169667,-1.1419249592169667,NABIL
2023-03-20,607.0,613.7,606.5,613.0,51889.0,31589859.2,0.011551155115511635,1.1551155115511635,NABIL
2023-03-22,615.0,619.9,610.0,613.0,59448.0,36387425.6,0.0,0.0,NABIL
2023-03-23,610.0,612.0,603.0,605.0,63514.0,38469238.7,-0.013050570962479635,-1.3050570962479635,NABIL
2023-03-26,605.5,605.5,596.0,596.0,58085.0,34751408.3,-0.014876033057851235,-1.4876033057851235,NABIL
2023-03-27,596.0,605.0,588.1,604.0,68181.0,40458527.9,0.01342281879194629,1.342281879194629,NABIL
2023-03-28,607.0,612.5,602.0,606.5,48081.0,29249513.8,0.004139072847682224,0.41390728476822236,NABIL
2023-03-29,610.0,610.0,599.0,609.0,31811.0,19273587.2,0.004122011541632276,0.41220115416322756,NABIL
2023-03-30,612.0,612.0,600.6,603.0,33868.0,20453706.0,-0.009852216748768461,-0.9852216748768461,NABIL
2023-04-02,606.0,610.0,595.0,597.8,39669.0,23822813.7,-0.008623548922056412,-0.8623548922056412,NABIL
2023-04-03,600.0,600.0,587.0,589.9,61504.0,36279007.6,-0.013215122114419553,-1.3215122114419553,NABIL
2023-04-04,595.0,595.0,586.1,589.0,41355.0,24424997.0,-0.0015256823190370472,-0.15256823190370472,NABIL
2023-04-05,595.0,595.0,588.0,590.0,39978.0,23584402.3,0.001697792869269854,0.1697792869269854,NABIL
2023-04-06,595.0,600.0,588.0,592.2,49701.0,29495712.9,0.003728813559322086,0.3728813559322086,NABIL
2023-04-09,590.0,590.0,578.1,580.0,99562.0,57855742.5,-0.02060114826072279,-2.060114826072279,NABIL
2023-04-10,580.0,588.0,577.0,582.1,46442.0,27025240.5,0.003620689655172482,0.3620689655172482,NABIL
2023-04-11,593.7,593.7,582.1,592.0,39186.0,22991337.6,0.01700738704689919,1.7007387046899192,NABIL
2023-04-12,603.8,630.9,598.0,629.0,86971.0,53384244.4,0.0625,6.25,NABIL
2023-04-13,641.5,643.8,610.0,618.9,72785.0,45917709.6,-0.016057233704292573,-1.6057233704292573,NABIL
2023-04-16,618.9,630.0,613.0,617.0,25772.0,15949563.7,-0.003069962837291884,-0.3069962837291884,NABIL
2023-04-17,617.0,625.0,615.0,616.0,28045.0,17320112.6,-0.0016207455429497752,-0.16207455429497752,NABIL
2023-04-18,604.0,620.0,604.0,616.0,32979.0,20357427.7,0.0,0.0,NABIL
2023-04-19,603.7,627.0,603.7,620.0,59588.0,36617823.8,0.006493506493506551,0.6493506493506551,NABIL
2023-04-20,608.0,632.0,608.0,620.0,41287.0,25740233.9,0.0,0.0,NABIL
2023-04-23,620.0,621.0,607.7,609.0,34734.0,21238989.1,-0.01774193548387093,-1.774193548387093,NABIL
2023-04-24,610.0,612.0,603.0,605.0,35512.0,21532546.3,-0.006568144499178974,-0.6568144499178974,NABIL
2023-04-25,606.0,607.0,600.0,605.5,44615.0,26950675.4,0.0008264462809917106,0.08264462809917106,NABIL
2023-04-26,607.5,610.0,603.5,604.0,40984.0,24821586.1,-0.002477291494632494,-0.24772914946324942,NABIL
2023-04-27,602.0,605.5,598.0,600.0,54508.0,32706170.2,-0.0066225165562914245,-0.6622516556291425,NABIL
2023-04-30,605.0,605.0,593.0,597.0,54304.0,32353777.0,-0.0050000000000000044,-0.5000000000000004,NABIL
2023-05-02,585.1,608.0,585.1,599.5,30177.0,18046957.6,0.0041876046901172526,0.41876046901172526,NABIL
2023-05-03,600.0,600.0,595.0,598.5,22982.0,13729373.8,-0.0016680567139282232,-0.16680567139282232,NABIL
2023-05-04,600.0,600.0,595.0,598.9,32806.0,19612850.3,0.000668337510442818,0.0668337510442818,NABIL
2023-05-07,600.0,600.0,593.1,595.0,28270.0,16823070.1,-0.006511938554015662,-0.6511938554015662,NABIL
2023-05-08,595.0,595.0,591.0,593.0,27670.0,16398503.3,-0.003361344537815114,-0.3361344537815114,NABIL
2023-05-09,581.8,612.0,581.8,595.0,34345.0,20387959.6,0.003372681281618828,0.3372681281618828,NABIL
2023-05-10,600.0,600.0,589.0,590.0,59646.0,35408992.8,-0.008403361344537785,-0.8403361344537785,NABIL
2023-05-11,590.0,594.0,589.0,590.0,26707.0,15759761.6,0.0,0.0,NABIL
2023-05-14,590.0,601.0,583.5,584.9,52485.0,30790801.32,-0.0086440677966102,-0.86440677966102,NABIL
2023-05-15,584.0,595.0,583.1,583.8,34630.0,20246495.6,-0.0018806633612583612,-0.18806633612583612,NABIL
2023-05-16,592.0,592.0,582.0,584.0,37052.0,21685277.3,0.00034258307639611907,0.03425830763961191,NABIL
2023-05-17,590.0,594.0,586.0,590.0,28470.0,16807685.3,0.010273972602739656,1.0273972602739656,NABIL
2023-05-18,590.0,600.0,590.0,590.0,50008.0,29758947.6,0.0,0.0,NABIL
2023-05-21,601.0,611.0,595.0,595.1,45034.0,26932317.8,0.0086440677966102,0.86440677966102,NABIL
2023-05-22,600.0,601.0,592.0,599.0,27093.0,16172911.1,0.0065535204167366246,0.6553520416736625,NABIL
2023-05-23,605.0,607.0,598.0,605.5,41814.0,25238036.5,0.01085141903171949,1.085141903171949,NABIL
2023-05-24,605.0,613.9,603.0,606.0,39756.0,24097410.9,0.0008257638315440907,0.08257638315440907,NABIL
2023-05-28,610.0,615.0,600.0,601.0,69792.0,42258257.5,-0.008250825082508295,-0.8250825082508295,NABIL
2023-05-30,600.0,602.0,584.0,587.3,76105.0,45006162.4,-0.02279534109816983,-2.279534109816983,NABIL
2023-05-31,585.0,592.0,575.6,581.5,57976.0,33838205.4,-0.00987570236676305,-0.9875702366763051,NABIL
2023-06-01,584.0,590.0,580.0,587.8,38294.0,22438475.8,0.0108340498710231,1.08340498710231,NABIL
2023-06-04,590.0,606.9,590.0,595.4,34455.0,20522148.0,0.012929567880231474,1.2929567880231474,NABIL
2023-06-05,599.9,606.0,591.0,591.0,28519.0,17025367.7,-0.00738998992274098,-0.738998992274098,NABIL
2023-06-06,590.1,599.0,590.0,591.7,29785.0,17622610.7,0.0011844331641286399,0.11844331641286399,NABIL
2023-06-07,591.7,599.0,591.0,591.3,33681.0,20003390.2,-0.0006760182524929714,-0.06760182524929714,NABIL
2023-06-08,590.0,595.0,587.0,590.9,36616.0,21610888.1,-0.0006764755623203111,-0.06764755623203111,NABIL
2023-06-11,585.0,596.7,585.0,594.0,52568.0,31236437.9,0.005246234557454876,0.5246234557454876,NABIL
2023-06-12,600.0,602.0,595.0,597.0,39241.0,23485659.9,0.005050505050504972,0.5050505050504972,NABIL
2023-06-13,599.9,601.0,595.0,597.0,67044.0,40124610.1,0.0,0.0,NABIL
2023-06-14,603.0,604.0,597.0,599.0,117524.0,70605525.3,0.003350083752093891,0.3350083752093891,NABIL
2023-06-15,610.0,610.0,596.0,598.0,39563.0,23729746.6,-0.0016694490818029983,-0.16694490818029983,NABIL
2023-06-18,600.0,601.0,595.1,596.0,77802.0,46419957.7,-0.0033444816053511683,-0.33444816053511683,NABIL
2023-06-19,598.0,605.2,593.1,594.0,69002.0,41098211.5,-0.003355704697986628,-0.3355704697986628,NABIL
2023-06-20,599.0,603.0,595.0,595.3,77314.0,46284743.8,0.002188552188552073,0.2188552188552073,NABIL
2023-06-21,600.0,600.0,589.1,590.1,74080.0,43876597.3,-0.00873509155047869,-0.8735091550478691,NABIL
2023-06-22,595.0,597.0,585.4,588.5,57079.0,33592097.2,-0.002711404846636234,-0.2711404846636234,NABIL
2023-06-25,594.0,594.0,581.5,587.0,123731.0,72516379.78,-0.002548853016142716,-0.2548853016142716,NABIL
2023-06-26,593.0,593.0,585.2,586.0,125517.0,73753126.2,-0.0017035775127768327,-0.17035775127768327,NABIL
2023-06-27,593.0,609.9,587.0,608.9,184325.0,110660786.1,0.039078498293515285,3.9078498293515285,NABIL
2023-06-28,620.0,633.0,605.0,606.0,151880.0,92844811.9,-0.004762686812284422,-0.47626868122844224,NABIL
2023-07-02,615.0,615.0,591.0,594.0,111991.0,66854976.65,-0.01980198019801982,-1.980198019801982,NABIL
2023-07-03,594.0,594.0,584.0,584.9,111999.0,65697698.15,-0.0153198653198654,-1.53198653198654,NABIL
2023-07-04,585.1,590.0,584.0,586.0,69678.0,40896154.2,0.0018806633612584722,0.18806633612584722,NABIL
2023-07-05,574.3,597.1,574.3,582.6,70629.0,41335410.7,-0.005802047781569897,-0.5802047781569897,NABIL
2023-07-06,584.0,594.0,580.0,582.1,61889.0,36123009.4,-0.000858221764503897,-0.0858221764503897,NABIL
2023-07-09,590.0,593.6,582.0,583.0,79385.0,46393314.1,0.001546126095172573,0.1546126095172573,NABIL
2023-07-10,593.0,593.0,581.0,583.0,88478.0,51633437.3,0.0,0.0,NABIL
2023-07-11,584.0,587.0,580.0,583.0,88236.0,51402666.7,0.0,0.0,NABIL
2023-07-12,585.0,589.9,585.0,586.0,51194.0,30016680.9,0.005145797598627766,0.5145797598627766,NABIL
2023-07-13,574.3,597.9,574.3,590.0,66352.0,39318126.2,0.006825938566553003,0.6825938566553003,NABIL
2023-07-16,595.0,605.9,590.0,599.2,73028.0,43608617.0,0.015593220338983027,1.5593220338983027,NABIL
2023-07-17,607.0,612.0,598.0,611.0,73868.0,44868342.9,0.019692923898531278,1.9692923898531278,NABIL
2023-07-18,620.9,621.6,610.0,613.0,76424.0,47031903.0,0.003273322422258529,0.3273322422258529,NABIL
2023-07-19,619.0,619.0,612.0,616.8,76090.0,46874578.9,0.006199021207177635,0.6199021207177635,NABIL
2023-07-20,620.0,628.9,620.0,624.0,124603.0,77783223.1,0.011673151750972943,1.1673151750972943,NABIL
2023-07-23,630.0,649.6,625.2,649.0,147953.0,94121522.8,0.040064102564102644,4.006410256410264,NABIL
2023-07-24,650.0,653.0,636.0,639.0,172938.0,111689687.7,-0.015408320493066285,-1.5408320493066285,NABIL
2023-07-25,640.0,640.0,621.0,623.6,103484.0,65026439.5,-0.024100156494522684,-2.4100156494522684,NABIL
2023-07-26,629.0,629.5,618.0,623.5,56916.0,35568721.8,-0.00016035920461843212,-0.01603592046184321,NABIL
2023-07-27,625.0,628.0,616.0,618.0,80901.0,50326274.7,-0.008821170809943824,-0.8821170809943824,NABIL
2023-07-30,623.0,623.9,614.0,616.0,79973.0,49335465.0,-0.003236245954692518,-0.3236245954692518,NABIL
2023-07-31,605.0,623.0,605.0,615.0,55627.0,34311195.5,-0.0016233766233766378,-0.16233766233766378,NABIL
2023-08-01,620.0,621.0,611.0,611.1,41626.0,25620471.8,-0.006341463414634152,-0.6341463414634152,NABIL
2023-08-02,619.9,620.0,609.0,613.0,36975.0,22620315.9,0.003109147439044335,0.3109147439044335,NABIL
2023-08-03,618.0,621.0,612.0,613.0,44414.0,27412266.2,0.0,0.0,NABIL
2023-08-06,625.2,637.7,607.0,612.0,113739.0,69820466.5,-0.0016313213703099683,-0.16313213703099683,NABIL
2023-08-07,612.0,614.9,602.0,610.0,78727.0,47898930.3,-0.0032679738562091387,-0.32679738562091387,NABIL
2023-08-08,610.0,614.0,600.0,600.0,58044.0,35073067.7,-0.016393442622950838,-1.6393442622950838,NABIL
2023-08-09,604.0,604.0,594.0,603.0,58335.0,34931078.9,0.004999999999999893,0.49999999999998934,NABIL
2023-08-10,604.0,607.3,602.0,606.5,47833.0,28957552.0,0.005804311774461057,0.5804311774461057,NABIL
2023-08-13,608.0,610.0,600.0,603.5,60137.0,36381307.5,-0.004946413849958753,-0.4946413849958753,NABIL
2023-08-14,591.5,605.0,591.5,602.8,43883.0,26482835.4,-0.0011599005799504125,-0.11599005799504125,NABIL
2023-08-15,601.0,601.0,596.6,599.0,65912.0,39447340.9,-0.006303915063039067,-0.6303915063039067,NABIL
2023-08-16,599.0,600.0,590.0,592.0,53322.0,31676925.7,-0.011686143572620988,-1.1686143572620988,NABIL
2023-08-17,602.5,602.7,592.0,593.0,32425.0,19240299.8,0.0016891891891892552,0.16891891891892552,NABIL
2023-08-20,595.0,597.0,588.0,591.9,58801.0,34751380.9,-0.0018549747048903775,-0.18549747048903775,NABIL
2023-08-21,590.0,598.9,585.0,591.5,40222.0,23765668.0,-0.0006757898293630049,-0.06757898293630049,NABIL
2023-08-22,592.0,600.0,590.0,594.0,41686.0,24674639.4,0.004226542688081203,0.4226542688081203,NABIL
2023-08-23,594.0,599.9,592.1,599.0,29155.0,17378859.0,0.008417508417508435,0.8417508417508435,NABIL
2023-08-24,595.0,600.0,591.1,592.5,43106.0,25686071.7,-0.01085141903171949,-1.085141903171949,NABIL
2023-08-27,592.5,595.0,589.1,590.0,45941.0,27149538.3,-0.00421940928270037,-0.42194092827003704,NABIL
2023-08-28,596.0,596.0,590.0,590.1,25988.0,15380695.0,0.00016949152542378165,0.016949152542378165,NABIL
2023-08-29,592.1,596.0,588.1,590.0,29237.0,17259695.2,-0.0001694628029147438,-0.01694628029147438,NABIL
2023-08-30,596.0,596.0,586.2,587.3,51037.0,30052229.3,-0.004576271186440772,-0.45762711864407724,NABIL
2023-09-03,587.3,590.0,583.0,584.0,46707.0,27297567.6,-0.00561893410522718,-0.561893410522718,NABIL
2023-09-04,584.0,587.0,575.3,584.0,66419.0,38500932.1,0.0,0.0,NABIL
2023-09-05,586.0,589.9,580.6,581.8,27803.0,16202031.4,-0.003767123287671259,-0.3767123287671259,NABIL
2023-09-07,585.0,585.0,576.5,577.2,51168.0,29566230.5,-0.007906497078033481,-0.7906497078033481,NABIL
2023-09-10,578.9,582.0,577.0,580.0,51489.0,29857994.8,0.00485100485100487,0.485100485100487,NABIL
2023-09-11,587.0,592.0,578.3,588.7,70550.0,41321868.5,0.015000000000000124,1.5000000000000124,NABIL
2023-09-12,598.0,599.0,583.0,584.0,42149.0,24816791.5,-0.007983692882622795,-0.7983692882622795,NABIL
2023-09-13,581.0,590.0,581.0,588.0,40108.0,23485920.3,0.006849315068493178,0.6849315068493178,NABIL
2023-09-17,599.7,608.0,590.0,593.0,72674.0,43158916.2,0.008503401360544283,0.8503401360544283,NABIL
2023-09-18,592.0,592.0,585.0,591.1,36430.0,21474886.3,-0.0032040472175378643,-0.3204047217537864,NABIL
2023-09-19,592.0,598.0,586.0,589.0,31416.0,18493866.5,-0.003552698358991746,-0.3552698358991746,NABIL
2023-09-21,591.0,603.0,591.0,593.0,38690.0,23034240.6,0.00679117147707986,0.679117147707986,NABIL
2023-09-24,593.0,598.0,586.8,592.0,51424.0,30396145.5,-0.001686340640809414,-0.1686340640809414,NABIL
2023-09-25,591.1,598.9,588.0,595.0,50135.0,29796596.4,0.0050675675675675436,0.5067567567567544,NABIL
2023-09-26,603.0,603.0,592.0,594.0,23327.0,13863486.1,-0.001680672268907557,-0.1680672268907557,NABIL
2023-09-27,600.0,604.0,590.0,591.5,30539.0,18094488.4,-0.004208754208754217,-0.42087542087542174,NABIL
2023-10-01,590.0,591.5,584.0,585.0,37802.0,22150202.8,-0.01098901098901095,-1.098901098901095,NABIL
2023-10-02,583.0,588.4,579.5,583.0,44667.0,26055975.9,-0.0034188034188034067,-0.34188034188034067,NABIL
2023-10-03,585.0,589.0,582.1,584.0,47601.0,27852069.2,0.0017152658662091813,0.17152658662091813,NABIL
2023-10-04,586.8,586.8,580.5,583.8,47450.0,27683428.3,-0.00034246575342478103,-0.0342465753424781,NABIL
2023-10-05,580.2,584.6,580.0,581.7,54791.0,31828814.6,-0.00359712230215814,-0.359712230215814,NABIL
2023-10-08,593.3,593.3,574.5,575.0,92585.0,53442373.9,-0.01151796458655674,-1.151796458655674,NABIL
2023-10-09,579.0,580.0,571.0,571.8,61332.0,35145369.4,-0.0055652173913044445,-0.5565217391304444,NABIL
2023-10-10,572.0,575.0,568.0,569.0,60468.0,34434414.9,-0.004896817068905102,-0.48968170689051016,NABIL
2023-10-11,570.0,570.9,566.5,567.0,58358.0,33179846.2,-0.0035149384885764245,-0.35149384885764245,NABIL
2023-10-12,570.0,570.0,560.5,566.9,50839.0,28714621.3,-0.00017636684303357075,-0.017636684303357075,NABIL
2023-10-16,578.0,578.0,566.5,568.0,30777.0,17493800.7,0.0019403774916211258,0.19403774916211258,NABIL
2023-10-17,579.0,580.0,570.0,572.1,37883.0,21706060.6,0.007218309859154948,0.7218309859154948,NABIL
2023-10-18,583.0,589.9,573.0,589.5,27895.0,16287197.7,0.030414263240692074,3.0414263240692074,NABIL
2023-10-19,596.5,596.5,586.0,590.0,66181.0,39090480.6,0.0008481764206955678,0.08481764206955678,NABIL
2023-10-29,590.0,590.4,579.2,581.0,37365.0,21737652.6,-0.015254237288135575,-1.5254237288135575,NABIL
2023-10-30,575.0,580.0,572.0,580.0,39951.0,23019064.2,-0.0017211703958691649,-0.1721170395869165,NABIL
2023-10-31,579.0,585.0,575.0,578.0,25726.0,14873435.3,-0.0034482758620689724,-0.34482758620689724,NABIL
2023-11-01,575.0,580.0,575.0,577.6,18731.0,10825934.3,-0.0006920415224913601,-0.06920415224913601,NABIL
2023-11-02,582.0,582.0,572.0,572.9,36808.0,21127137.6,-0.00813711911357351,-0.813711911357351,NABIL
2023-11-05,572.0,573.0,564.0,566.0,50715.0,28752025.4,-0.012043986734159517,-1.2043986734159517,NABIL
2023-11-06,570.0,577.0,567.0,568.0,29139.0,16603603.5,0.0035335689045936647,0.35335689045936647,NABIL
2023-11-07,577.8,577.8,567.0,569.9,32456.0,18470133.1,0.003345070422535068,0.3345070422535068,NABIL
2023-11-08,571.0,575.0,568.0,571.5,28864.0,16464832.4,0.002807510089489318,0.2807510089489318,NABIL
2023-11-09,571.5,571.5,569.0,569.2,25721.0,14653022.2,-0.004024496937882649,-0.4024496937882649,NABIL
2023-11-20,572.0,572.5,562.0,565.0,37308.0,21140991.4,-0.0073787772312017275,-0.7378777231201727,NABIL
2023-11-21,566.0,575.0,560.0,561.0,33672.0,18985793.7,-0.0070796460176991705,-0.707964601769917,NABIL
2023-11-22,563.0,563.0,558.0,561.0,38556.0,21615521.4,0.0,0.0,NABIL
2023-11-23,549.9,549.9,505.1,515.0,254979.0,131076105.8,-0.08199643493761144,-8.199643493761144,NABIL
2023-11-26,510.0,533.4,499.0,533.4,143911.0,73712280.6,0.03572815533980589,3.572815533980589,NABIL
2023-11-27,540.0,540.0,522.0,526.0,35690.0,18860924.7,-0.013873265841769733,-1.3873265841769733,NABIL
2023-11-28,529.8,529.8,515.5,517.0,32419.0,16836839.7,-0.017110266159695797,-1.7110266159695797,NABIL
2023-11-29,517.0,520.0,508.9,511.9,46655.0,23909578.8,-0.009864603481624767,-0.9864603481624767,NABIL
2023-11-30,512.0,512.0,507.0,508.9,34128.0,17354014.1,-0.005860519632740813,-0.5860519632740813,NABIL
2023-12-03,516.0,516.0,505.0,506.0,33642.0,17059256.0,-0.005698565533503563,-0.5698565533503563,NABIL
2023-12-04,498.0,510.0,498.0,502.0,35110.0,17661374.7,-0.007905138339920903,-0.7905138339920903,NABIL
2023-12-05,504.0,510.0,502.0,502.1,34084.0,17159415.8,0.00019920318725108466,0.019920318725108466,NABIL
2023-12-06,508.0,509.0,500.0,505.0,23989.0,12053221.1,0.005775741884086694,0.5775741884086694,NABIL
2023-12-07,513.5,514.0,501.0,507.6,16317.0,8262794.2,0.005148514851485153,0.5148514851485153,NABIL
2023-12-10,516.8,530.0,514.0,528.5,5437.0,2869237.7,0.04117415287628057,4.117415287628057,NABIL
2023-12-11,539.0,539.0,520.0,522.0,71048.0,37397217.9,-0.012298959318826852,-1.2298959318826852,NABIL
2023-12-12,528.0,528.0,520.0,521.2,61512.0,32135111.4,-0.0015325670498083088,-0.15325670498083088,NABIL
2023-12-13,530.0,530.0,520.0,521.0,62488.0,32770640.3,-0.0003837298541827794,-0.03837298541827794,NABIL
2023-12-14,525.0,527.9,521.0,522.8,63175.0,33077944.4,0.0034548944337811083,0.3454894433781108,NABIL
2023-12-17,515.0,518.9,493.0,513.0,136029.0,69726311.7,-0.018745218056618107,-1.8745218056618107,NABIL
2023-12-18,513.7,519.5,510.0,513.0,110278.0,56583376.5,0.0,0.0,NABIL
2023-12-19,523.2,523.2,514.0,518.0,91419.0,47333207.9,0.00974658869395717,0.974658869395717,NABIL
2023-12-20,525.0,528.0,518.6,520.0,145825.0,75974172.1,0.0038610038610038533,0.38610038610038533,NABIL
2023-12-21,520.0,525.0,520.0,523.0,91036.0,47621680.7,0.005769230769230749,0.5769230769230749,NABIL
2023-12-24,523.0,527.0,515.0,515.0,85406.0,44347884.3,-0.015296367112810683,-1.5296367112810683,NABIL
2023-12-27,520.0,520.0,508.0,508.0,70880.0,36195148.5,-0.013592233009708687,-1.3592233009708687,NABIL
2023-12-28,499.0,514.0,499.0,506.0,55161.0,27984384.9,-0.003937007874015741,-0.3937007874015741,NABIL
2024-01-01,513.0,513.0,505.0,505.9,56006.0,28388629.6,-0.00019762845849802257,-0.019762845849802257,NABIL
2024-01-02,506.0,510.0,498.0,499.9,97243.0,48739674.8,-0.01186005139355606,-1.186005139355606,NABIL
2024-01-03,500.0,501.5,488.6,496.0,150208.0,74243709.5,-0.007801560312062361,-0.7801560312062361,NABIL
2024-01-04,498.0,500.9,495.0,495.5,93743.0,46626099.4,-0.0010080645161290036,-0.10080645161290036,NABIL
2024-01-07,500.0,500.0,489.5,490.0,97677.0,48049103.8,-0.011099899091826404,-1.1099899091826404,NABIL
2024-01-08,495.0,495.0,488.0,488.1,109400.0,53586128.1,-0.0038775510204080987,-0.3877551020408099,NABIL
2024-01-09,488.1,495.0,488.1,490.0,123332.0,60580784.6,0.003892644949805346,0.3892644949805346,NABIL
2024-01-10,495.0,500.0,490.0,492.0,91478.0,45338816.5,0.004081632653061273,0.40816326530612734,NABIL
2024-01-11,499.0,499.9,490.0,493.0,52810.0,26080337.0,0.00203252032520318,0.20325203252031798,NABIL
2024-01-14,500.0,501.0,493.5,494.5,66912.0,33128429.6,0.0030425963488844854,0.30425963488844854,NABIL
2024-01-16,500.0,502.0,498.0,501.0,126928.0,63423350.8,0.013144590495449915,1.3144590495449915,NABIL
2024-01-17,503.5,512.0,503.0,504.0,111028.0,56271981.3,0.0059880239520957446,0.5988023952095745,NABIL
2024-01-18,507.0,507.0,498.0,498.0,78196.0,39099071.9,-0.011904761904761862,-1.1904761904761862,NABIL
2024-01-21,504.0,504.0,492.0,493.0,85324.0,42440772.6,-0.010040160642570295,-1.0040160642570295,NABIL
2024-01-22,495.0,495.0,486.5,489.0,106960.0,52410361.9,-0.008113590263691739,-0.8113590263691739,NABIL
2024-01-23,489.0,496.0,484.0,484.5,102618.0,49850590.0,-0.009202453987730008,-0.9202453987730008,NABIL
2024-01-24,492.0,493.0,484.0,484.9,75048.0,36499765.1,0.0008255933952527883,0.08255933952527883,NABIL
2024-01-25,492.5,492.5,483.2,488.0,78635.0,38332635.4,0.0063930707362342964,0.6393070736234296,NABIL
2024-01-28,497.0,497.0,487.7,491.0,62690.0,30688492.6,0.006147540983606481,0.6147540983606481,NABIL
2024-01-29,492.0,495.0,485.0,488.0,112649.0,54993722.6,-0.006109979633401208,-0.6109979633401208,NABIL
2024-01-30,485.0,494.0,485.0,487.0,58884.0,28719052.7,-0.002049180327868827,-0.2049180327868827,NABIL
2024-01-31,489.0,490.0,484.6,484.6,101519.0,49422553.3,-0.004928131416837789,-0.4928131416837789,NABIL
2024-02-01,494.2,494.2,480.0,480.6,88972.0,42874748.3,-0.008254230293025189,-0.8254230293025189,NABIL
2024-02-04,482.0,483.9,477.0,477.0,79654.0,38139312.6,-0.0074906367041198685,-0.7490636704119868,NABIL
2024-02-05,481.0,481.0,474.9,475.0,65154.0,31059134.5,-0.004192872117400381,-0.41928721174003813,NABIL
2024-02-06,479.0,484.0,475.0,475.0,62626.0,29864909.3,0.0,0.0,NABIL
2024-02-07,484.5,484.5,474.5,475.1,72757.0,34651267.2,0.0002105263157894388,0.02105263157894388,NABIL
2024-02-08,476.0,480.0,475.0,476.5,40791.0,19428344.2,0.0029467480530414036,0.29467480530414036,NABIL
2024-02-11,486.0,486.0,474.5,475.0,87081.0,41536813.4,-0.0031479538300105414,-0.31479538300105414,NABIL
2024-02-12,476.0,477.0,474.0,477.0,48708.0,23137701.8,0.004210526315789442,0.42105263157894424,NABIL
2024-02-13,477.0,479.9,469.1,471.5,83243.0,39335243.7,-0.011530398322851187,-1.1530398322851187,NABIL
2024-02-14,471.5,471.5,464.5,465.5,63187.0,29432541.5,-0.012725344644750836,-1.2725344644750836,NABIL
2024-02-15,465.0,466.0,462.0,462.5,51339.0,23763885.7,-0.0064446831364124435,-0.6444683136412444,NABIL
2024-02-18,456.0,465.0,455.5,457.7,65595.0,30047882.8,-0.010378378378378406,-1.0378378378378406,NABIL
2024-02-20,456.0,460.0,448.0,449.0,90305.0,40799800.6,-0.01900808389774955,-1.900808389774955,NABIL
2024-02-21,450.0,454.8,448.0,449.0,61605.0,27709782.7,0.0,0.0,NABIL
2024-02-22,450.0,452.9,443.0,445.0,62441.0,27844413.9,-0.008908685968819552,-0.8908685968819552,NABIL
2024-02-25,445.0,445.0,434.0,436.5,68284.0,29943351.1,-0.019101123595505642,-1.9101123595505642,NABIL
2024-02-26,436.5,440.0,430.1,434.0,63611.0,27597828.0,-0.00572737686139746,-0.572737686139746,NABIL
2024-02-27,434.0,440.0,432.5,437.8,44089.0,19182202.4,0.008755760368663656,0.8755760368663656,NABIL
2024-02-28,442.0,442.0,435.0,435.0,32394.0,14143989.0,-0.006395614435815489,-0.6395614435815489,NABIL
2024-02-29,435.0,435.0,429.0,429.5,84087.0,36293346.1,-0.012643678160919491,-1.2643678160919491,NABIL
2024-03-03,429.5,432.0,422.0,424.0,57099.0,24247315.8,-0.012805587892898762,-1.2805587892898762,NABIL
2024-03-04,432.4,458.3,432.0,458.3,14359.0,6514387.2,0.08089622641509431,8.08962264150943,NABIL
2024-03-05,459.0,459.0,435.0,446.0,85486.0,38275055.4,-0.026838315513855626,-2.6838315513855626,NABIL
2024-03-06,448.0,450.0,440.0,442.0,46408.0,20614974.9,-0.008968609865470878,-0.8968609865470878,NABIL
2024-03-07,450.0,450.0,442.0,445.5,27778.0,12360332.5,0.007918552036199067,0.7918552036199067,NABIL
2024-03-10,448.0,451.0,447.0,449.8,38263.0,17184098.6,0.009652076318743097,0.9652076318743097,NABIL
2024-03-12,458.7,470.0,455.0,469.0,62909.0,29076699.0,0.0426856380613605,4.26856380613605,NABIL
2024-03-13,477.0,479.9,467.0,473.0,66733.0,31614147.3,0.008528784648187626,0.8528784648187626,NABIL
2024-03-14,480.0,480.0,468.3,471.9,48287.0,22778295.1,-0.0023255813953488857,-0.23255813953488857,NABIL
2024-03-17,478.0,480.0,462.0,464.0,51485.0,23971254.6,-0.016740834922653103,-1.6740834922653103,NABIL
2024-03-18,473.0,473.0,459.0,461.0,36185.0,16682507.5,-0.006465517241379337,-0.6465517241379337,NABIL
2024-03-19,460.0,462.0,456.0,460.0,34096.0,15682309.0,-0.002169197396963085,-0.2169197396963085,NABIL
2024-03-20,463.0,465.0,456.0,457.0,31882.0,14624891.1,-0.006521739130434745,-0.6521739130434745,NABIL
2024-03-21,459.9,459.9,449.0,451.0,46500.0,20947008.4,-0.013129102844638973,-1.3129102844638973,NABIL
2024-03-25,458.0,458.0,444.4,445.0,33441.0,14908542.0,-0.013303769401330379,-1.3303769401330379,NABIL
2024-03-26,445.1,448.0,440.0,441.8,40492.0,17930260.1,-0.007191011235955003,-0.7191011235955003,NABIL
2024-03-27,442.0,447.0,440.0,440.5,30220.0,13329809.2,-0.0029425079221367945,-0.29425079221367945,NABIL
2024-03-28,442.0,444.0,440.0,442.5,32919.0,14525360.1,0.004540295119182858,0.4540295119182858,NABIL
2024-03-31,443.0,448.0,437.9,440.0,55639.0,24528721.5,-0.005649717514124242,-0.5649717514124242,NABIL
2024-04-01,437.0,439.0,432.0,439.0,44256.0,19270228.2,-0.002272727272727315,-0.2272727272727315,NABIL
2024-04-02,437.0,440.0,432.0,436.0,26386.0,11528904.1,-0.006833712984054663,-0.6833712984054663,NABIL
2024-04-03,439.0,439.0,432.0,434.0,40271.0,17488920.7,-0.004587155963302725,-0.4587155963302725,NABIL
2024-04-04,434.0,436.0,432.7,434.0,37125.0,16117591.6,0.0,0.0,NABIL
2024-04-07,434.0,438.0,430.1,438.0,83715.0,36212319.0,0.009216589861751112,0.9216589861751112,NABIL
2024-04-09,446.7,446.7,432.0,439.0,51408.0,22583822.2,0.0022831050228311334,0.22831050228311334,NABIL
2024-04-10,440.0,442.0,436.0,438.0,46883.0,20567165.6,-0.002277904328018221,-0.2277904328018221,NABIL
2024-04-14,438.0,446.0,436.6,438.0,37958.0,16656746.2,0.0,0.0,NABIL
2024-04-15,438.0,439.0,434.1,435.0,33297.0,14508815.3,-0.006849315068493178,-0.6849315068493178,NABIL
2024-04-16,435.0,435.0,431.0,433.0,33034.0,14285085.7,-0.0045977011494252595,-0.45977011494252595,NABIL
2024-04-18,433.0,434.0,429.0,429.9,39409.0,16961501.7,-0.007159353348729858,-0.7159353348729858,NABIL
2024-04-21,437.0,437.0,422.0,428.0,68601.0,29231237.3,-0.004419632472667967,-0.4419632472667967,NABIL
2024-04-22,428.0,435.0,428.0,429.0,30359.0,13070595.6,0.002336448598130758,0.2336448598130758,NABIL
2024-04-24,430.0,435.0,428.5,429.0,35268.0,15162356.1,0.0,0.0,NABIL
2024-04-25,429.0,433.0,427.0,427.3,52043.0,22305164.7,-0.0039627039627039284,-0.39627039627039284,NABIL
2024-04-28,435.8,435.8,427.0,427.0,43925.0,18805484.3,-0.0007020828457757755,-0.07020828457757755,NABIL
2024-04-29,435.5,435.5,424.5,429.0,51708.0,22092433.0,0.004683840749414525,0.4683840749414525,NABIL
2024-04-30,437.5,437.5,426.0,431.5,44100.0,18944607.2,0.005827505827505908,0.5827505827505908,NABIL
2024-05-02,440.1,440.1,427.5,429.5,47931.0,20580422.3,-0.004634994206257237,-0.4634994206257237,NABIL
2024-05-05,430.0,432.0,425.0,426.0,41759.0,17829873.3,-0.008149010477299212,-0.8149010477299212,NABIL
2024-05-06,427.0,427.0,423.0,424.0,26747.0,11340493.6,-0.0046948356807511304,-0.46948356807511304,NABIL
2024-05-07,422.3,430.7,421.9,422.0,38545.0,16314507.3,-0.004716981132075526,-0.4716981132075526,NABIL
2024-05-08,427.0,427.0,422.0,424.5,18323.0,7747542.8,0.005924170616113722,0.5924170616113722,NABIL
2024-05-09,428.0,428.0,419.0,422.7,40811.0,17188349.2,-0.004240282685512353,-0.4240282685512353,NABIL
2024-05-12,421.1,425.0,420.0,422.0,44038.0,18601027.3,-0.0016560208185474323,-0.16560208185474323,NABIL
2024-05-13,426.0,431.5,422.4,430.8,68228.0,29223743.1,0.020853080568720372,2.0853080568720372,NABIL
2024-05-14,435.5,435.5,430.0,433.5,35940.0,15536713.1,0.0062674094707519945,0.6267409470751995,NABIL
2024-05-15,440.0,441.0,434.0,434.0,36943.0,16131722.1,0.0011534025374855261,0.11534025374855261,NABIL
2024-05-16,442.6,442.6,428.0,431.0,40117.0,17306919.7,-0.00691244239631339,-0.691244239631339,NABIL
2024-05-19,439.6,439.6,432.2,437.0,47893.0,20893781.6,0.0139211136890951,1.39211136890951,NABIL
2024-05-20,443.0,463.4,441.0,458.0,97887.0,44504840.1,0.048054919908466776,4.8054919908466776,NABIL
2024-05-21,460.0,481.0,457.0,480.9,144313.0,68180180.6,0.050000000000000044,5.000000000000004,NABIL
2024-05-22,480.9,515.0,480.9,514.0,307056.0,155072385.7,0.0688292784362654,6.882927843626541,NABIL
2024-05-26,515.0,532.0,507.0,517.0,257882.0,134055334.8,0.005836575875486361,0.5836575875486361,NABIL
2024-05-27,523.9,523.9,500.2,507.9,101039.0,51333314.9,-0.017601547388781502,-1.7601547388781502,NABIL
2024-05-29,505.0,522.0,488.5,489.0,124575.0,62074720.9,-0.037212049616066056,-3.7212049616066056,NABIL
2024-05-30,485.0,492.0,469.8,478.3,104947.0,50405336.0,-0.021881390593047056,-2.1881390593047056,NABIL
2024-06-02,476.0,490.5,476.0,490.0,77895.0,37524452.2,0.02446163495713982,2.446163495713982,NABIL
2024-06-03,496.9,497.0,484.0,484.9,46126.0,22468242.4,-0.010408163265306136,-1.0408163265306136,NABIL
2024-06-04,493.0,493.0,480.3,483.0,37907.0,18264152.8,-0.003918333677046748,-0.3918333677046748,NABIL
2024-06-05,483.0,487.6,479.0,480.0,43444.0,20896744.9,-0.006211180124223614,-0.6211180124223614,NABIL
2024-06-06,480.1,485.0,477.0,477.0,40452.0,19393372.4,-0.006249999999999978,-0.6249999999999978,NABIL
2024-06-09,486.5,486.5,474.0,474.0,42853.0,20402877.7,-0.0062893081761006275,-0.6289308176100628,NABIL
2024-06-10,483.4,483.4,462.6,468.0,57462.0,26919557.7,-0.012658227848101222,-1.2658227848101222,NABIL
2024-06-11,477.3,478.1,466.1,478.0,50026.0,23618602.8,0.02136752136752129,2.136752136752129,NABIL
2024-06-12,480.0,490.0,480.0,483.0,45437.0,22046828.6,0.010460251046025215,1.0460251046025215,NABIL
2024-06-13,490.0,490.0,479.0,479.1,63580.0,30607694.5,-0.00807453416149062,-0.8074534161490621,NABIL
2024-06-16,488.6,488.6,473.2,475.0,48170.0,22914153.8,-0.008557712377374238,-0.8557712377374238,NABIL
2024-06-18,483.0,483.0,468.7,469.0,43382.0,20412289.3,-0.012631578947368438,-1.2631578947368438,NABIL
2024-06-19,469.0,475.0,469.0,472.0,29603.0,13955577.2,0.006396588486140775,0.6396588486140775,NABIL
2024-06-20,481.4,481.4,469.6,470.1,51724.0,24331204.9,-0.0040254237288135375,-0.40254237288135375,NABIL
2024-06-23,469.0,469.0,465.0,466.0,53680.0,25038296.6,-0.008721548606679508,-0.8721548606679508,NABIL
2024-06-24,464.0,467.0,461.1,461.1,45036.0,20929810.4,-0.010515021459227447,-1.0515021459227447,NABIL
2024-06-25,462.0,465.0,455.3,458.2,56926.0,26111288.7,-0.0062893081761007386,-0.6289308176100739,NABIL
2024-06-26,458.8,460.0,455.1,456.0,57007.0,26058156.4,-0.004801396769969379,-0.48013967699693794,NABIL
2024-06-27,456.0,457.0,454.6,456.0,29699.0,13534403.0,0.0,0.0,NABIL
2024-06-30,456.9,461.0,450.8,452.0,55043.0,25040847.5,-0.00877192982456143,-0.8771929824561431,NABIL
2024-07-01,457.0,458.8,450.0,458.8,31786.0,14413918.9,0.01504424778761071,1.504424778761071,NABIL
2024-07-02,467.9,499.3,466.0,477.1,93437.0,44669247.6,0.039886660854402844,3.9886660854402844,NABIL
2024-07-03,477.0,484.0,469.0,484.0,48855.0,23335629.9,0.014462376860197024,1.4462376860197024,NABIL
2024-07-04,485.0,490.0,480.0,487.0,58487.0,28370114.6,0.006198347107438051,0.6198347107438051,NABIL
2024-07-07,487.0,490.0,482.0,487.0,59675.0,29077830.7,0.0,0.0,NABIL
2024-07-08,487.0,490.0,482.0,490.0,79001.0,38542488.7,0.006160164271047153,0.6160164271047153,NABIL
2024-07-09,490.0,491.9,482.1,490.2,48124.0,23437166.6,0.00040816326530612734,0.040816326530612734,NABIL
2024-07-10,500.0,500.0,490.0,497.1,82435.0,40854930.3,0.014075887392900999,1.4075887392900999,NABIL
2024-07-11,507.0,507.0,498.6,507.0,115571.0,57994102.0,0.01991550995775504,1.991550995775504,NABIL
2024-07-14,517.1,547.0,517.0,529.0,138178.0,72604290.4,0.04339250493096647,4.339250493096647,NABIL
2024-07-15,539.5,545.0,521.0,524.0,157693.0,83658136.5,-0.009451795841209809,-0.9451795841209809,NABIL
2024-07-16,534.4,534.4,514.5,532.9,116735.0,61368198.3,0.016984732824427473,1.6984732824427473,NABIL
2024-07-17,539.0,543.0,531.0,538.0,138575.0,74566356.1,0.009570275849127396,0.9570275849127396,NABIL
2024-07-18,538.0,589.0,538.0,567.0,242256.0,135914813.2,0.05390334572490696,5.390334572490696,NABIL
2024-07-21,578.0,584.0,568.0,577.0,248449.0,143659433.7,0.01763668430335108,1.763668430335108,NABIL
2024-07-22,580.0,587.0,563.0,574.0,183975.0,105850242.3,-0.005199306759098743,-0.5199306759098743,NABIL
2024-07-23,574.0,580.0,563.0,579.0,185075.0,106372294.2,0.008710801393728262,0.8710801393728262,NABIL
2024-07-24,576.0,590.0,570.0,579.0,162758.0,94481900.7,0.0,0.0,NABIL
2024-07-25,579.0,579.0,570.0,575.9,129069.0,74255917.3,-0.005354058721934396,-0.5354058721934396,NABIL
2024-07-28,587.4,633.4,587.4,633.4,348250.0,220337618.9,0.09984372286855359,9.984372286855358,NABIL
2024-07-29,646.0,690.0,643.0,649.0,451587.0,297700784.8,0.02462898642248179,2.462898642248179,NABIL
2024-07-30,658.9,658.9,620.0,644.0,331425.0,210223916.0,-0.007704160246533087,-0.7704160246533087,NABIL
2024-07-31,656.8,656.8,640.0,649.3,288592.0,187472565.1,0.008229813664596186,0.8229813664596186,NABIL
2024-08-01,649.3,660.0,638.0,645.0,197788.0,128019909.1,-0.0066225165562913135,-0.6622516556291314,NABIL
2024-08-05,657.9,700.0,657.0,660.0,314107.0,208629892.9,0.023255813953488413,2.3255813953488413,NABIL
2024-08-06,668.0,668.0,624.0,625.0,421596.0,270876511.8,-0.05303030303030298,-5.303030303030298,NABIL
2024-08-07,613.0,640.0,608.0,631.5,251049.0,157692586.0,0.010399999999999965,1.0399999999999965,NABIL
2024-08-08,644.1,644.1,628.0,630.0,154915.0,97946514.6,-0.002375296912114022,-0.23752969121140222,NABIL
2024-08-11,640.0,643.0,635.0,639.1,196534.0,125518630.4,0.014444444444444482,1.4444444444444482,NABIL
2024-08-12,645.0,657.9,640.0,646.9,228497.0,148296873.4,0.012204662807072442,1.2204662807072442,NABIL
2024-08-13,648.0,658.9,643.0,647.9,208455.0,135177164.7,0.0015458339774307994,0.15458339774307994,NABIL
2024-08-14,650.0,650.0,640.0,645.0,160074.0,103059752.05,-0.004475999382620777,-0.44759993826207767,NABIL
2024-08-15,657.9,673.0,647.0,660.0,460088.0,304494325.9,0.023255813953488413,2.3255813953488413,NABIL
2024-08-18,670.0,682.0,656.0,662.0,385734.0,257782857.6,0.003030303030302939,0.3030303030302939,NABIL
2024-08-21,675.0,675.0,651.0,658.3,251551.0,165831119.0,-0.0055891238670695564,-0.5589123867069556,NABIL
2024-08-22,658.3,668.0,652.0,654.0,210335.0,138210719.0,-0.0065319763025974975,-0.6531976302597498,NABIL
2024-08-25,654.0,654.0,636.0,636.9,206816.0,132777526.9,-0.026146788990825676,-2.6146788990825676,NABIL
2024-08-27,625.0,640.0,605.0,605.6,307846.0,189731911.0,-0.04914429266760867,-4.914429266760867,NABIL
2024-08-28,617.7,630.0,609.7,616.0,256298.0,158681461.1,0.017173051519154603,1.7173051519154603,NABIL
2024-08-29,625.0,625.0,600.0,605.0,155077.0,93909055.4,-0.017857142857142905,-1.7857142857142905,NABIL
2024-09-01,614.0,614.0,589.0,595.0,150454.0,89809421.5,-0.016528925619834656,-1.6528925619834656,NABIL
2024-09-02,600.0,612.0,585.0,611.7,174550.0,104924105.6,0.02806722689075647,2.806722689075647,NABIL
2024-09-03,615.0,623.0,610.0,610.0,107180.0,65893261.8,-0.002779140101356936,-0.2779140101356936,NABIL
2024-09-04,622.2,622.2,595.0,595.0,139235.0,83634651.9,-0.024590163934426257,-2.4590163934426257,NABIL
2024-09-05,596.0,598.0,585.0,592.0,92820.0,54792436.2,-0.005042016806722671,-0.5042016806722671,NABIL
2024-09-08,603.8,603.8,585.0,586.0,99880.0,59097867.6,-0.010135135135135087,-1.0135135135135087,NABIL
2024-09-09,588.0,592.0,572.0,573.0,93805.0,54213108.5,-0.022184300341296925,-2.2184300341296925,NABIL
2024-09-10,583.0,583.0,567.5,569.8,97919.0,56103877.3,-0.005584642233857018,-0.5584642233857018,NABIL
2024-09-11,577.0,577.5,560.0,561.5,78865.0,44418906.7,-0.014566514566514477,-1.4566514566514477,NABIL
2024-09-12,572.7,572.7,554.0,569.0,91654.0,51619177.4,0.013357079252003468,1.3357079252003468,NABIL
2024-09-15,574.0,590.0,570.0,571.0,100482.0,58344637.9,0.0035149384885764245,0.35149384885764245,NABIL
2024-09-16,571.0,571.0,560.1,561.2,56485.0,31829007.5,-0.017162872154115494,-1.7162872154115494,NABIL
2024-09-18,562.0,565.0,550.0,556.0,68886.0,38431118.4,-0.009265858873841903,-0.9265858873841903,NABIL
2024-09-22,556.0,578.0,556.0,562.0,55026.0,31054968.7,0.010791366906474753,1.0791366906474753,NABIL
2024-09-23,573.2,573.2,555.0,568.0,123568.0,69577465.0,0.01067615658362997,1.067615658362997,NABIL
2024-09-24,567.0,567.0,552.1,553.5,66337.0,36962336.0,-0.0255281690140845,-2.55281690140845,NABIL
2024-09-25,550.0,560.0,545.1,555.0,50441.0,27867328.7,0.0027100271002709064,0.27100271002709064,NABIL
2024-09-26,555.2,562.0,549.0,550.0,50686.0,28014233.9,-0.009009009009009028,-0.9009009009009028,NABIL
2024-09-29,550.0,550.0,540.0,541.5,46227.0,25111657.4,-0.015454545454545499,-1.5454545454545499,NABIL
2024-09-30,540.0,550.5,540.0,550.0,49497.0,27116381.2,0.015697137580794163,1.5697137580794163,NABIL
2024-10-01,550.0,571.0,550.0,568.0,74522.0,42116162.6,0.032727272727272716,3.2727272727272716,NABIL
2024-10-02,571.0,579.3,565.0,565.0,56823.0,32409462.5,-0.005281690140845119,-0.5281690140845119,NABIL
2024-10-06,565.0,574.0,556.0,574.0,84468.0,47888610.6,0.015929203539823078,1.5929203539823078,NABIL
2024-10-07,584.0,593.2,580.0,591.5,69067.0,40651069.6,0.030487804878048808,3.0487804878048808,NABIL
2024-10-08,592.0,600.0,580.0,591.0,65705.0,39034507.7,-0.0008453085376162184,-0.08453085376162184,NABIL
2024-10-09,595.0,595.0,580.0,593.0,38505.0,22733588.64,0.0033840947546530664,0.33840947546530664,NABIL
2024-10-15,593.0,601.0,593.0,600.0,69441.0,41603987.7,0.01180438448566612,1.180438448566612,NABIL
2024-10-16,608.0,608.0,601.0,608.0,94498.0,57089953.3,0.01333333333333342,1.333333333333342,NABIL
2024-10-17,615.0,619.0,602.0,607.1,70872.0,43161960.0,-0.0014802631578947345,-0.14802631578947345,NABIL
2024-10-20,600.0,606.0,593.0,597.0,100302.0,60079137.9,-0.016636468456596942,-1.6636468456596942,NABIL
2024-10-21,595.0,597.0,584.0,585.5,112249.0,65959989.5,-0.019262981574539317,-1.9262981574539317,NABIL
2024-10-22,581.5,592.0,577.0,591.0,77275.0,45295626.1,0.009393680614859123,0.9393680614859123,NABIL
2024-10-23,591.0,607.2,591.0,594.0,63996.0,38422281.4,0.0050761421319796,0.50761421319796,NABIL
2024-10-24,590.1,600.0,590.0,591.5,41245.0,24407052.4,-0.004208754208754217,-0.42087542087542174,NABIL
2024-10-27,588.09,599.0,585.1,587.0,33289.0,19567963.7,-0.0076077768385460764,-0.7607776838546076,NABIL
2024-10-28,585.0,594.9,583.5,585.0,51581.0,30212476.4,-0.0034071550255536653,-0.34071550255536653,NABIL
2024-10-29,595.0,595.0,586.1,591.8,38978.0,23000072.2,0.011623931623931494,1.1623931623931494,NABIL
2024-10-30,580.0,583.0,569.0,576.0,215581.0,124439618.6,-0.026698208854342598,-2.6698208854342598,NABIL
2024-11-05,570.1,576.0,565.0,567.0,98344.0,55680204.4,-0.015625,-1.5625,NABIL
2024-11-06,565.0,567.0,562.8,564.6,54129.0,30511010.0,-0.004232804232804144,-0.4232804232804144,NABIL
2024-11-10,565.0,573.0,565.0,570.0,108867.0,61944872.8,0.009564293304994642,0.9564293304994642,NABIL
2024-11-11,573.0,579.0,568.0,569.0,87145.0,49937465.2,-0.0017543859649122862,-0.17543859649122862,NABIL
2024-11-12,570.6,572.0,566.0,566.2,58126.0,33088676.4,-0.00492091388400695,-0.492091388400695,NABIL
2024-11-13,566.2,570.0,560.2,561.0,48085.0,27086743.4,-0.00918403391027911,-0.918403391027911,NABIL
2024-11-14,566.0,566.0,557.0,562.0,59666.0,33459901.3,0.0017825311942958333,0.17825311942958333,NABIL
2024-11-17,562.0,570.0,562.0,562.1,62749.0,35417355.5,0.000177935943060481,0.0177935943060481,NABIL
2024-11-19,560.0,568.0,557.0,559.8,84892.0,47657769.9,-0.004091798612346653,-0.4091798612346653,NABIL
2024-11-20,560.0,562.0,552.0,557.0,61578.0,34157291.3,-0.005001786352268556,-0.5001786352268556,NABIL
2024-11-21,565.0,565.0,552.2,553.7,56753.0,31472593.9,-0.005924596050269182,-0.5924596050269182,NABIL
2024-11-24,564.0,564.7,555.0,558.0,109617.0,61141240.4,0.007765938233700531,0.7765938233700531,NABIL
2024-11-25,569.1,569.1,542.7,547.6,78417.0,42826396.0,-0.018637992831541217,-1.8637992831541217,NABIL
2024-11-26,547.6,556.0,540.0,545.0,96250.0,52398724.4,-0.0047479912344777775,-0.47479912344777775,NABIL
2024-11-27,545.0,549.5,544.0,548.0,59923.0,32781668.0,0.005504587155963359,0.5504587155963359,NABIL
2024-11-28,545.0,551.0,539.0,540.0,98283.0,53383609.8,-0.014598540145985384,-1.4598540145985384,NABIL
2024-12-01,537.3,540.0,534.1,536.0,79422.0,42627477.8,-0.007407407407407418,-0.7407407407407418,NABIL
2024-12-02,546.7,546.7,533.0,534.0,80685.0,43132809.2,-0.003731343283582045,-0.3731343283582045,NABIL
2024-12-03,544.6,544.6,530.2,532.0,62719.0,33351241.1,-0.0037453183520599342,-0.3745318352059934,NABIL
2024-12-04,542.6,542.6,530.0,530.0,69630.0,36964486.1,-0.003759398496240629,-0.3759398496240629,NABIL
2024-12-05,540.6,540.6,523.0,525.0,61452.0,32305643.4,-0.009433962264150941,-0.9433962264150941,NABIL
2024-12-08,526.0,526.0,513.5,514.5,76545.0,39566583.4,-0.020000000000000018,-2.0000000000000018,NABIL
2024-12-09,505.0,516.9,505.0,510.0,54624.0,27932970.6,-0.008746355685131157,-0.8746355685131157,NABIL
2024-12-10,510.0,514.0,505.0,508.1,51966.0,26432713.9,-0.0037254901960783737,-0.3725490196078374,NABIL
2024-12-11,508.0,529.8,506.1,528.0,70328.0,36146924.2,0.03916551859870099,3.916551859870099,NABIL
2024-12-12,535.0,538.5,518.3,520.0,56954.0,29999645.9,-0.015151515151515138,-1.5151515151515138,NABIL
2024-12-16,520.0,524.0,509.7,512.9,47147.0,24175344.3,-0.013653846153846239,-1.3653846153846239,NABIL
2024-12-17,513.0,518.0,509.1,512.0,53169.0,27268731.1,-0.0017547280171572588,-0.17547280171572588,NABIL
2024-12-18,501.8,520.4,501.8,511.8,57475.0,29470230.7,-0.0003906249999999778,-0.03906249999999778,NABIL
2024-12-19,512.0,514.0,508.0,508.0,73723.0,37610350.0,-0.007424775302852682,-0.7424775302852682,NABIL
2024-12-22,497.9,511.0,497.9,502.9,67080.0,33761555.0,-0.010039370078740228,-1.0039370078740228,NABIL
2024-12-23,502.9,502.9,498.0,501.0,86473.0,43272734.6,-0.0037780870948498357,-0.3778087094849836,NABIL
2024-12-24,503.0,506.0,499.1,501.0,66517.0,33391369.2,0.0,0.0,NABIL
2024-12-26,511.0,511.0,498.0,502.0,127622.0,64123331.6,0.001996007984031989,0.1996007984031989,NABIL
2024-12-29,504.1,508.9,499.0,502.7,64296.0,32322538.0,0.0013944223107569265,0.13944223107569265,NABIL
2024-12-31,512.7,512.7,498.0,502.0,53222.0,26562216.3,-0.001392480604734403,-0.1392480604734403,NABIL
2025-01-01,502.0,502.9,500.0,501.4,29808.0,14928274.4,-0.0011952191235060639,-0.11952191235060639,NABIL
2025-01-02,502.0,502.0,499.0,499.3,43634.0,21812724.4,-0.004188272836058937,-0.4188272836058937,NABIL
2025-01-05,502.0,504.0,498.0,499.0,67379.0,33640202.3,-0.0006008411776486922,-0.060084117764869216,NABIL
2025-01-06,501.5,501.5,498.0,499.0,102420.0,51118470.5,0.0,0.0,NABIL
2025-01-07,499.0,504.0,498.0,500.0,64195.0,32074731.1,0.002004008016031955,0.2004008016031955,NABIL
2025-01-08,510.0,510.0,497.0,498.9,74206.0,36998891.8,-0.0022000000000000908,-0.22000000000000908,NABIL
2025-01-09,499.0,500.0,494.0,495.5,138476.0,68774076.3,-0.006814992984566004,-0.6814992984566004,NABIL
2025-01-12,505.4,505.4,490.0,490.6,46984.0,23132116.9,-0.009889001009081744,-0.9889001009081744,NABIL
2025-01-13,491.0,496.0,489.5,489.5,86269.0,42428502.5,-0.0022421524663677195,-0.22421524663677195,NABIL
2025-01-15,492.1,494.0,489.0,489.5,52957.0,25994163.7,0.0,0.0,NABIL
2025-01-16,490.0,495.0,487.0,489.1,51859.0,25336426.1,-0.0008171603677221695,-0.08171603677221695,NABIL
2025-01-19,489.0,497.0,485.0,488.2,52392.0,25518159.5,-0.0018401144960131788,-0.18401144960131788,NABIL
2025-01-20,490.0,495.0,482.2,484.5,82199.0,39945308.9,-0.007578861122490732,-0.7578861122490732,NABIL
2025-01-21,484.0,489.0,480.3,483.4,50098.0,24175213.0,-0.00227038183694539,-0.227038183694539,NABIL
2025-01-22,483.0,488.8,483.0,486.0,62780.0,30483036.6,0.005378568473314083,0.5378568473314083,NABIL
2025-01-23,490.0,492.0,485.3,488.0,51932.0,25366955.6,0.004115226337448652,0.4115226337448652,NABIL
2025-01-26,492.0,492.0,482.1,482.2,54531.0,26437625.3,-0.011885245901639419,-1.1885245901639419,NABIL
2025-01-27,481.0,483.0,477.2,479.5,62150.0,29773335.5,-0.005599336374948138,-0.5599336374948138,NABIL
2025-01-28,478.0,481.0,475.0,476.0,108959.0,51900828.7,-0.007299270072992692,-0.7299270072992692,NABIL
2025-02-02,479.0,493.4,476.1,491.4,105241.0,51266050.7,0.03235294117647047,3.2352941176470473,NABIL
2025-02-03,492.0,503.0,491.4,495.9,109341.0,54412930.6,0.009157509157509125,0.9157509157509125,NABIL
2025-02-04,500.0,500.0,490.0,493.0,53987.0,26637510.8,-0.005847953216374213,-0.5847953216374213,NABIL
2025-02-05,491.1,493.0,489.5,490.0,70028.0,34368058.9,-0.006085192697768749,-0.6085192697768749,NABIL
2025-02-06,494.0,495.0,486.0,486.7,50451.0,24674687.8,-0.00673469387755099,-0.673469387755099,NABIL
2025-02-09,495.0,495.0,485.0,486.3,49012.0,23879846.4,-0.0008218615163344545,-0.08218615163344545,NABIL
2025-02-10,486.5,490.0,484.0,490.0,51838.0,25208899.6,0.0076084721365412555,0.7608472136541256,NABIL
2025-02-11,492.0,492.0,486.0,487.0,29647.0,14448351.1,-0.006122448979591799,-0.6122448979591799,NABIL
2025-02-12,487.0,487.0,482.1,485.0,51961.0,25163981.5,-0.004106776180698102,-0.4106776180698102,NABIL
2025-02-13,488.0,490.0,482.1,485.5,40707.0,19745431.7,0.0010309278350515427,0.10309278350515427,NABIL
2025-02-16,486.8,488.3,482.9,487.0,53350.0,25859337.7,0.003089598352214118,0.3089598352214118,NABIL
2025-02-17,487.0,495.9,485.3,494.0,70310.0,34507660.8,0.014373716632443578,1.4373716632443578,NABIL
2025-02-18,500.0,500.0,494.0,496.0,60431.0,30012969.0,0.004048582995951344,0.4048582995951344,NABIL
2025-02-20,486.1,503.8,486.1,494.9,44322.0,21943112.1,-0.0022177419354839634,-0.22177419354839634,NABIL
2025-02-23,485.1,495.0,485.1,489.9,84304.0,41366659.7,-0.010103051121438722,-1.0103051121438722,NABIL
2025-02-24,490.0,495.0,488.5,489.0,63464.0,31139937.7,-0.001837109614206911,-0.1837109614206911,NABIL
2025-02-25,490.0,490.0,488.0,489.0,36470.0,17831334.2,0.0,0.0,NABIL
2025-02-27,498.7,518.0,498.0,501.8,123140.0,61837235.8,0.026175869120654394,2.6175869120654394,NABIL
2025-03-02,511.8,519.0,506.0,519.0,114489.0,58797746.2,0.03427660422479062,3.427660422479062,NABIL
2025-03-03,523.0,529.2,515.0,515.0,110922.0,57782578.4,-0.0077071290944122905,-0.770712909441229,NABIL
2025-03-04,520.0,520.0,504.0,507.0,116499.0,59229782.7,-0.01553398058252431,-1.553398058252431,NABIL
2025-03-05,509.5,509.5,498.5,499.0,66686.0,33396397.3,-0.015779092702169595,-1.5779092702169595,NABIL
2025-03-06,502.0,502.0,498.1,498.1,76130.0,38030227.3,-0.0018036072144288484,-0.18036072144288484,NABIL
2025-03-09,498.0,502.0,493.0,495.0,53038.0,26380628.3,-0.006223649869504189,-0.6223649869504189,NABIL
2025-03-10,496.0,500.0,490.0,491.0,44625.0,21979031.8,-0.008080808080808133,-0.8080808080808133,NABIL
2025-03-11,492.0,495.0,486.1,491.0,45903.0,22559000.9,0.0,0.0,NABIL
2025-03-12,494.0,494.0,489.0,491.0,39132.0,19204640.2,0.0,0.0,NABIL
2025-03-16,494.9,494.9,485.0,491.1,71238.0,34682594.9,0.00020366598777998846,0.020366598777998846,NABIL
2025-03-17,491.1,498.0,486.0,490.0,41530.0,20417432.3,-0.0022398696803095364,-0.22398696803095364,NABIL
2025-03-18,499.8,499.8,488.0,491.4,28929.0,14222960.9,0.0028571428571428914,0.28571428571428914,NABIL
2025-03-19,495.0,496.0,487.0,488.9,49272.0,24118449.0,-0.0050875050875051064,-0.5087505087505106,NABIL
2025-03-20,489.0,490.0,487.0,487.31,36716.0,17908359.7,-0.003252198813663232,-0.3252198813663232,NABIL
2025-03-23,488.0,488.0,482.0,482.62,48632.0,23544363.1,-0.009624263815640965,-0.9624263815640965,NABIL
2025-03-24,484.5,486.0,476.5,484.03,54964.0,26524696.8,0.002921553188844239,0.2921553188844239,NABIL
2025-03-25,485.0,485.0,478.0,480.13,78144.0,37494028.2,-0.00805735181703604,-0.805735181703604,NABIL
2025-03-26,485.0,485.0,477.0,481.31,49757.0,23916849.5,0.002457667714993894,0.2457667714993894,NABIL
2025-03-27,490.9,490.9,480.0,485.09,38210.0,18513985.2,0.007853566308616111,0.7853566308616111,NABIL
2025-03-30,485.0,492.0,484.0,485.96,52866.0,25868427.1,0.0017934816219671301,0.179348162196713,NABIL
2025-04-01,490.0,493.0,483.0,484.56,37377.0,18155530.1,-0.002880895546958584,-0.2880895546958584,NABIL
2025-04-02,494.2,494.2,484.0,485.26,36189.0,17575535.2,0.0014446095426778882,0.14446095426778882,NABIL
2025-04-03,491.0,494.0,486.1,488.73,42041.0,20602284.7,0.007150805753616707,0.7150805753616707,NABIL
2025-04-07,490.0,497.0,482.0,486.97,46130.0,22422636.0,-0.003601170380373553,-0.3601170380373553,NABIL
2025-04-08,485.0,486.0,478.0,484.65,38820.0,18746522.3,-0.0047641538493131685,-0.47641538493131685,NABIL
2025-04-09,494.0,494.0,483.2,486.27,26187.0,12744525.0,0.003342618384401197,0.3342618384401197,NABIL
2025-04-10,491.0,492.4,484.0,485.97,30292.0,14717797.1,-0.000616941205503041,-0.0616941205503041,NABIL
2025-04-13,495.6,495.6,484.1,486.97,44237.0,21506720.9,0.0020577401897237113,0.20577401897237113,NABIL
2025-04-15,496.0,496.0,486.0,487.96,62586.0,30517392.0,0.0020329794443187943,0.20329794443187943,NABIL
2025-04-16,497.0,497.0,488.0,489.31,43376.0,21240560.5,0.002766620214771809,0.2766620214771809,NABIL
2025-04-17,490.8,495.6,489.0,494.38,54656.0,26922513.4,0.010361529500725553,1.0361529500725553,NABIL
2025-04-20,500.0,501.2,490.0,492.09,79228.0,39103117.8,-0.004632064403899849,-0.46320644038998493,NABIL
2025-04-21,494.9,495.0,490.0,490.87,49104.0,24161003.3,-0.0024792212806600267,-0.24792212806600267,NABIL
2025-04-22,490.0,494.0,485.0,487.76,31332.0,15266150.5,-0.006335689693808932,-0.6335689693808932,NABIL
2025-04-23,487.0,488.0,482.0,486.77,65014.0,31491464.6,-0.0020296867311793143,-0.20296867311793143,NABIL
2025-04-24,483.0,489.9,483.0,485.87,30597.0,14863308.9,-0.001848922489060545,-0.1848922489060545,NABIL
2025-04-27,490.0,490.0,483.2,485.01,50578.0,24578874.7,-0.0017700207874534746,-0.17700207874534746,NABIL
2025-04-28,485.3,487.9,480.6,481.3,45746.0,22048192.7,-0.007649326818003677,-0.7649326818003677,NABIL
2025-04-29,480.0,488.0,480.0,481.45,29998.0,14451570.2,0.0003116559318512291,0.03116559318512291,NABIL
2025-04-30,480.0,487.0,478.0,478.18,49915.0,23920163.4,-0.0067919825527053,-0.67919825527053,NABIL
2025-05-04,480.0,487.4,477.0,478.32,44594.0,21378606.2,0.0002927767786189417,0.02927767786189417,NABIL
2025-05-05,478.0,481.0,477.0,478.25,39597.0,18946454.8,-0.00014634554273285083,-0.014634554273285083,NABIL
2025-05-06,478.0,484.0,475.1,476.94,39968.0,19059469.1,-0.0027391531625718946,-0.27391531625718946,NABIL
2025-05-07,477.0,485.0,474.1,483.31,66388.0,31828953.0,0.013355977691114296,1.3355977691114296,NABIL
2025-05-08,490.0,490.0,480.5,482.64,54724.0,26424061.9,-0.001386273820115469,-0.1386273820115469,NABIL
2025-05-11,490.0,490.0,484.5,485.65,44892.0,21799860.5,0.006236532405105244,0.6236532405105244,NABIL
2025-05-13,488.0,493.6,481.0,487.41,65061.0,31585532.7,0.0036240090600228037,0.36240090600228037,NABIL
2025-05-14,490.0,490.0,482.0,483.85,25028.0,12122585.6,-0.0073039125171826536,-0.7303912517182654,NABIL
2025-05-15,485.0,486.0,481.5,482.11,47247.0,22844525.9,-0.0035961558334194343,-0.35961558334194343,NABIL
2025-05-18,483.0,485.0,479.0,480.49,37266.0,17902061.6,-0.003360228993383285,-0.3360228993383285,NABIL
2025-05-19,488.0,488.0,479.9,482.58,42039.0,20293353.5,0.0043497263210472425,0.43497263210472425,NABIL
2025-05-20,482.6,489.0,481.0,488.16,43243.0,20974647.6,0.01156284968295429,1.156284968295429,NABIL
2025-05-21,497.9,527.0,492.5,494.21,91325.0,45723449.6,0.012393477548344745,1.2393477548344745,NABIL
2025-05-22,499.5,503.0,494.6,499.55,71455.0,35662859.3,0.010805123328139876,1.0805123328139876,NABIL
2025-05-25,509.5,510.0,495.0,496.75,108411.0,54020885.7,-0.005605044540086146,-0.5605044540086146,NABIL
2025-05-26,506.6,516.0,496.1,498.07,87620.0,43957960.7,0.002657272269753319,0.2657272269753319,NABIL
2025-05-27,498.0,498.1,493.6,496.48,33750.0,16728470.2,-0.0031923223643262055,-0.31923223643262055,NABIL
2025-05-28,501.9,501.9,494.0,500.42,66059.0,32927625.3,0.007935868514340916,0.7935868514340916,NABIL
2025-06-02,510.4,510.4,500.1,500.78,73634.0,37032517.5,0.0007193957076054858,0.07193957076054858,NABIL
2025-06-03,505.9,505.9,495.0,497.45,54808.0,27320373.9,-0.0066496265825312095,-0.664962658253121,NABIL
2025-06-04,499.0,499.0,490.0,491.11,48051.0,23650135.0,-0.012744999497436904,-1.2744999497436904,NABIL
2025-06-05,498.0,498.0,489.0,492.37,47113.0,23160435.1,0.002565616664291115,0.2565616664291115,NABIL
2025-06-08,490.0,495.0,489.0,489.65,50694.0,24865295.4,-0.005524300830676121,-0.5524300830676121,NABIL
2025-06-09,489.9,494.9,489.0,490.93,29647.0,14585465.2,0.0026141121209026785,0.26141121209026785,NABIL
2025-06-10,494.9,494.9,490.0,491.77,38403.0,18891832.9,0.001711038233556561,0.1711038233556561,NABIL
2025-06-11,495.0,495.0,490.0,490.34,39951.0,19627959.6,-0.0029078634320922614,-0.29078634320922614,NABIL
2025-06-12,493.0,493.0,488.3,489.44,53316.0,26126194.5,-0.0018354611086184303,-0.18354611086184303,NABIL
2025-06-15,495.0,495.0,490.0,490.73,43276.0,21256612.5,0.0026356652500818534,0.26356652500818534,NABIL
2025-06-16,497.0,497.0,489.0,490.59,48455.0,23792554.9,-0.00028528926293491796,-0.028528926293491796,NABIL
2025-06-17,490.0,492.0,487.1,488.99,36559.0,17876245.8,-0.0032613791557104532,-0.3261379155710453,NABIL
2025-06-18,490.0,492.0,488.0,489.97,44689.0,21873393.4,0.0020041309638234583,0.20041309638234583,NABIL
2025-06-19,494.8,494.8,487.0,489.04,78016.0,38171293.1,-0.0018980753923709681,-0.1898075392370968,NABIL
2025-06-22,493.0,493.0,485.0,488.99,47834.0,23346142.0,-0.00010224112547030373,-0.010224112547030373,NABIL
2025-06-23,489.9,489.9,485.0,487.35,30576.0,14888929.0,-0.0033538518170105336,-0.33538518170105336,NABIL
2025-06-24,489.0,493.0,483.2,487.3,54280.0,26444244.9,-0.00010259567046277951,-0.010259567046277951,NABIL
2025-06-25,488.0,488.9,481.0,486.24,24807.0,12047864.2,-0.0021752513851837074,-0.21752513851837074,NABIL
2025-06-26,486.0,488.5,485.1,485.95,33097.0,16101679.8,-0.0005964132938467426,-0.05964132938467426,NABIL
2025-06-29,482.0,490.0,482.0,489.82,40790.0,19855309.4,0.007963782282127907,0.7963782282127907,NABIL
2025-06-30,490.1,493.1,490.1,491.81,37425.0,18421945.1,0.004062716916418241,0.4062716916418241,NABIL
2025-07-01,496.4,496.4,491.0,491.79,35495.0,17476977.9,-4.06661108964812e-05,-0.00406661108964812,NABIL
2025-07-02,494.5,495.8,491.0,494.96,55089.0,27202962.4,0.006445840704365491,0.6445840704365491,NABIL
2025-07-03,491.1,500.0,490.0,498.22,91180.0,45234332.1,0.0065863908194603304,0.658639081946033,NABIL
2025-07-06,506.0,506.8,499.1,500.89,64130.0,32160033.7,0.0053590783188148805,0.535907831881488,NABIL
2025-07-07,500.0,503.0,496.3,497.07,36175.0,18021743.1,-0.007626424963564804,-0.7626424963564804,NABIL
2025-07-08,500.0,500.0,493.0,495.46,33006.0,16372932.9,-0.0032389804252922483,-0.3238980425292248,NABIL
2025-07-09,500.0,500.0,495.2,499.01,42721.0,21258926.6,0.007165058733298313,0.7165058733298313,NABIL
2025-07-10,503.0,522.0,500.0,511.17,264663.0,134931549.6,0.024368249133283948,2.436824913328395,NABIL
2025-07-13,521.3,537.5,521.3,535.77,270279.0,143508273.3,0.04812488995833086,4.812488995833086,NABIL
2025-07-14,538.0,538.0,521.1,522.22,165976.0,87288350.2,-0.025290703100210865,-2.5290703100210865,NABIL
2025-07-15,524.0,530.0,515.0,529.8,136308.0,71047008.5,0.014514955382788797,1.4514955382788797,NABIL
2025-07-16,530.0,543.6,530.0,541.37,260180.0,140412352.7,0.02183842959607407,2.183842959607407,NABIL
2025-07-17,545.0,554.0,542.2,548.66,192877.0,106084134.4,0.01346583667362422,1.346583667362422,NABIL
2025-07-20,550.0,560.0,548.0,549.77,233008.0,129064235.3,0.0020231108518937724,0.20231108518937724,NABIL
2025-07-21,550.0,554.0,540.0,545.21,126936.0,69339704.9,-0.008294377648834894,-0.8294377648834894,NABIL
2025-07-22,545.2,555.5,545.2,554.63,172337.0,94837467.6,0.017277746189541476,1.7277746189541476,NABIL
2025-07-23,543.6,562.0,543.6,551.41,132486.0,73160306.9,-0.00580567224996853,-0.580567224996853,NABIL
2025-07-24,552.0,556.0,547.1,548.08,95913.0,52752517.7,-0.00603906349177552,-0.603906349177552,NABIL
2025-07-27,550.0,554.0,545.1,547.84,147629.0,81220703.6,-0.00043789227849955203,-0.0437892278499552,NABIL
2025-07-28,545.5,547.0,536.0,540.43,183214.0,98869241.3,-0.013525846962616939,-1.3525846962616939,NABIL
2025-07-29,547.0,552.0,545.0,548.55,142244.0,78087885.1,0.015025072627352198,1.5025072627352198,NABIL
2025-07-30,550.7,555.0,545.0,545.18,115662.0,63522477.0,-0.006143469145930225,-0.6143469145930225,NABIL
2025-07-31,540.1,548.2,535.0,536.48,110940.0,59709752.8,-0.015958032209545392,-1.5958032209545392,NABIL
2025-08-03,536.0,538.0,522.5,524.4,166184.0,87771702.4,-0.02251714882195055,-2.251714882195055,NABIL
2025-08-04,524.4,532.0,519.0,527.97,103313.0,54318530.1,0.00680778032036633,0.680778032036633,NABIL
2025-08-05,517.5,540.0,517.5,527.73,91553.0,48640299.2,-0.0004545712824592929,-0.04545712824592929,NABIL
2025-08-06,530.0,530.0,523.0,525.93,48952.0,25755132.8,-0.00341083508612372,-0.341083508612372,NABIL
2025-08-07,534.9,534.9,525.6,527.36,63502.0,33510621.6,0.0027189930218851632,0.2718993021885163,NABIL
2025-08-11,533.0,534.0,525.0,526.3,69423.0,36644323.0,-0.0020100121359224454,-0.20100121359224454,NABIL
2025-08-12,530.0,534.5,524.2,524.86,79172.0,41718059.2,-0.0027360820824623433,-0.27360820824623433,NABIL
2025-08-13,523.0,524.9,522.0,523.63,50014.0,26191841.4,-0.0023434820714095528,-0.23434820714095528,NABIL
2025-08-14,524.1,526.5,523.1,523.82,47263.0,24778523.1,0.0003628516318776587,0.03628516318776587,NABIL
2025-08-17,525.0,528.0,519.0,521.21,63880.0,33327526.4,-0.004982627620174873,-0.4982627620174873,NABIL
2025-08-18,520.0,524.0,517.0,518.95,48703.0,25313878.1,-0.004336064158400599,-0.4336064158400599,NABIL
2025-08-19,525.0,525.0,518.0,518.81,44459.0,23102548.6,-0.00026977550823803487,-0.026977550823803487,NABIL
2025-08-20,518.0,521.0,517.0,518.81,43704.0,22666843.8,0.0,0.0,NABIL
2025-08-21,524.9,524.9,517.3,518.14,38427.0,19925528.2,-0.0012914168963589212,-0.12914168963589212,NABIL
2025-08-24,520.0,520.0,513.0,513.56,72676.0,37383957.5,-0.008839309839039688,-0.8839309839039688,NABIL
2025-08-25,512.0,525.0,509.0,522.58,81167.0,41935363.2,0.017563673183270012,1.7563673183270012,NABIL
2025-08-26,514.5,533.0,514.5,529.35,67932.0,35900524.6,0.012954954265375518,1.2954954265375518,NABIL
2025-08-27,539.9,539.9,526.5,533.87,64476.0,34175100.6,0.00853877396807401,0.8538773968074009,NABIL
2025-08-28,532.0,538.9,527.0,528.86,83641.0,44571924.6,-0.009384307041039985,-0.9384307041039985,NABIL
2025-08-31,535.0,536.9,520.0,520.84,66938.0,35271776.5,-0.015164693869833212,-1.5164693869833212,NABIL
2025-09-01,531.2,531.2,518.0,527.66,42334.0,22222760.8,0.013094232393825234,1.3094232393825234,NABIL
2025-09-02,538.2,538.2,523.3,523.75,34983.0,18405010.2,-0.007410074669294553,-0.7410074669294553,NABIL
2025-09-03,520.0,529.0,519.0,519.88,34096.0,17740832.0,-0.007389021479713653,-0.7389021479713653,NABIL
2025-09-04,528.0,528.0,515.0,517.58,40199.0,20749919.0,-0.004424097868738874,-0.44240978687388743,NABIL
2025-09-07,507.3,517.8,507.3,514.87,25831.0,13310474.8,-0.005235905560493137,-0.5235905560493137,NABIL
2025-09-08,515.0,515.0,510.0,513.15,42962.0,21964392.8,-0.0033406490958883817,-0.33406490958883817,NABIL
2025-09-18,502.9,502.9,471.0,483.0,16660.0,8052975.0,-0.058754750073077955,-5.875475007307795,NABIL
2025-09-21,474.0,514.0,474.0,510.18,122490.0,61735387.9,0.05627329192546582,5.627329192546582,NABIL
2025-09-23,516.9,525.0,513.0,523.5,55373.0,28777561.9,0.026108432318005415,2.6108432318005415,NABIL
2025-09-24,525.0,528.0,515.0,522.0,59254.0,30932259.0,-0.002865329512893977,-0.2865329512893977,NABIL
2025-09-25,523.0,524.9,516.0,521.6,28626.0,14946270.3,-0.0007662835249041544,-0.07662835249041544,NABIL
2025-09-28,524.0,528.0,521.0,527.0,30997.0,16269472.5,0.010352760736196176,1.0352760736196176,NABIL
2025-10-07,530.0,530.0,512.6,521.0,48977.0,25450439.7,-0.011385199240986688,-1.1385199240986688,NABIL
2025-10-08,523.0,523.0,505.0,514.0,78401.0,39999289.5,-0.013435700575815779,-1.3435700575815779,NABIL
2025-10-09,523.9,544.0,514.0,519.9,43284.0,22572450.2,0.011478599221789842,1.1478599221789842,NABIL
2025-10-12,530.2,530.2,505.0,510.5,65413.0,33410328.4,-0.018080400076937786,-1.8080400076937786,NABIL
2025-10-13,519.9,520.0,506.0,510.0,53374.0,27268268.7,-0.0009794319294809117,-0.09794319294809117,NABIL
2025-10-14,518.5,518.5,510.0,510.0,31168.0,15920085.6,0.0,0.0,NABIL
2025-10-15,518.0,518.0,507.0,508.7,38107.0,19392773.3,-0.0025490196078431504,-0.25490196078431504,NABIL
2025-10-16,517.9,517.9,506.0,509.0,37341.0,18987148.5,0.0005897385492432683,0.05897385492432683,NABIL
2025-10-19,512.0,512.0,506.0,507.9,38379.0,19552540.9,-0.00216110019646365,-0.216110019646365,NABIL
2025-10-26,508.0,508.0,503.0,505.3,32708.0,16536001.6,-0.00511911793660158,-0.511911793660158,NABIL
2025-10-28,505.3,510.0,505.0,509.0,49884.0,25341556.5,0.00732238274292496,0.732238274292496,NABIL
2025-10-29,509.0,516.3,507.0,507.0,51578.0,26340988.3,-0.003929273084479323,-0.39292730844793233,NABIL
2025-10-30,503.1,512.0,503.1,506.0,37178.0,18886889.1,-0.0019723865877712132,-0.19723865877712132,NABIL
2025-11-02,516.1,516.1,508.0,511.1,33330.0,17040192.6,0.010079051383399262,1.0079051383399262,NABIL
2025-11-03,515.0,517.0,510.1,513.1,32079.0,16515996.3,0.003913128546272793,0.39131285462727927,NABIL
2025-11-04,515.0,517.9,511.1,511.1,27560.0,14170430.6,-0.0038978756577665585,-0.38978756577665585,NABIL
2025-11-05,513.0,516.9,508.0,513.1,27044.0,13853498.0,0.003913128546272793,0.39131285462727927,NABIL
2025-11-06,515.0,517.0,506.7,507.3,46224.0,23608561.1,-0.011303839407522887,-1.1303839407522887,NABIL
2025-11-09,510.0,514.9,507.0,508.5,39600.0,20165989.7,0.0023654642223536193,0.23654642223536193,NABIL
2025-11-10,509.0,510.0,506.0,509.0,49391.0,25118841.2,0.000983284169124854,0.0983284169124854,NABIL
2025-11-11,510.0,510.0,505.3,507.9,21898.0,11118916.7,-0.00216110019646365,-0.216110019646365,NABIL
2025-11-12,508.0,508.9,504.0,504.0,29577.0,14939381.3,-0.007678676904902537,-0.7678676904902537,NABIL
2025-11-13,505.1,505.1,502.0,503.0,32775.0,16502822.2,-0.001984126984126977,-0.1984126984126977,NABIL
2025-11-16,503.0,506.9,501.0,503.5,31462.0,15877157.7,0.0009940357852882276,0.09940357852882276,NABIL
2025-11-17,504.0,509.9,504.0,508.0,24130.0,12232442.7,0.008937437934458892,0.8937437934458892,NABIL
2025-11-18,508.0,510.0,505.6,507.1,24383.0,12391665.5,-0.0017716535433069946,-0.17716535433069946,NABIL
2025-11-19,511.0,511.0,505.0,507.0,18121.0,9178167.3,-0.00019719976336030065,-0.019719976336030065,NABIL
2025-11-20,508.0,508.0,503.0,506.0,27947.0,14102498.5,-0.0019723865877712132,-0.19723865877712132,NABIL
2025-11-23,505.0,510.5,505.0,509.5,48408.0,24607528.2,0.006916996047430901,0.6916996047430901,NABIL
2025-11-24,508.0,513.9,507.0,513.0,22139.0,11338962.7,0.006869479882237517,0.6869479882237517,NABIL
2025-11-25,518.0,518.0,508.5,510.5,29221.0,14914041.2,-0.004873294346978585,-0.4873294346978585,NABIL
2025-11-26,510.0,513.0,507.0,511.0,35156.0,17950129.5,0.0009794319294809117,0.09794319294809117,NABIL
2025-11-27,511.0,517.0,509.0,514.9,50106.0,25732377.4,0.007632093933463757,0.7632093933463757,NABIL
2025-11-30,518.0,522.0,513.0,513.2,40956.0,21135249.6,-0.0033016119634878827,-0.33016119634878827,NABIL
2025-12-01,519.4,519.4,510.5,512.0,21944.0,11231680.4,-0.0023382696804366,-0.23382696804366,NABIL
2025-12-02,512.0,516.8,510.0,512.5,39306.0,20173367.4,0.0009765625,0.09765625,NABIL
2025-12-03,515.0,515.0,510.0,510.2,25319.0,12928141.9,-0.0044878048780487845,-0.44878048780487845,NABIL
2025-12-07,502.0,510.0,502.0,503.0,88964.0,44873341.0,-0.014112112896903173,-1.4112112896903173,NABIL
2025-12-08,503.0,503.0,495.0,495.0,81912.0,40826003.0,-0.015904572564612307,-1.5904572564612307,NABIL
2025-12-09,500.0,500.0,491.1,496.0,55413.0,27362965.0,0.002020202020202033,0.20202020202020332,NABIL
2025-12-10,500.0,500.0,493.0,494.7,29665.0,14662013.9,-0.0026209677419355426,-0.26209677419355426,NABIL
2025-12-11,492.2,497.5,492.0,495.0,37306.0,18444209.7,0.0006064281382656134,0.06064281382656134,NABIL
2025-12-14,500.0,500.0,490.0,492.0,78979.0,38805203.6,-0.0060606060606061,-0.60606060606061,NABIL
2025-12-15,492.0,495.0,489.0,494.0,36245.0,17841282.7,0.004065040650406582,0.40650406504065817,NABIL
2025-12-16,494.0,500.0,494.0,499.0,30522.0,15190235.7,0.010121457489878471,1.0121457489878471,NABIL
2025-12-17,503.0,505.0,497.0,499.9,44903.0,22470657.4,0.0018036072144287374,0.18036072144287374,NABIL
2025-12-18,500.0,504.0,495.1,499.0,39506.0,19630075.1,-0.0018003600720143398,-0.18003600720143398,NABIL
2025-12-21,500.0,504.4,493.0,497.0,24230.0,12035693.7,-0.004008016032064132,-0.4008016032064132,NABIL
2025-12-22,500.0,500.0,492.0,497.1,36711.0,18260463.0,0.0002012072434607326,0.02012072434607326,NABIL
2025-12-23,499.0,502.0,496.5,497.2,33607.0,16728796.7,0.00020116676724990512,0.020116676724990512,NABIL
2025-12-24,498.5,500.0,496.1,498.6,40096.0,19950202.3,0.0028157683024940816,0.28157683024940816,NABIL
2025-12-28,499.0,504.0,496.0,503.4,61455.0,30743662.3,0.009626955475330767,0.9626955475330767,NABIL
2025-12-29,508.0,508.9,500.0,506.5,78664.0,39714119.5,0.006158124751688643,0.6158124751688643,NABIL
2025-12-31,500.0,502.0,494.7,496.7,65111.0,32322187.3,-0.0193484698914117,-1.9348469891411701,NABIL
2026-01-01,495.0,496.0,490.0,492.0,35796.0,17621654.7,-0.009462452184417103,-0.9462452184417103,NABIL
2026-01-04,491.5,495.0,488.1,490.3,44294.0,21764273.6,-0.0034552845528454945,-0.34552845528454945,NABIL
2026-01-05,492.0,492.0,488.1,489.5,57630.0,28212967.3,-0.0016316540893330789,-0.1631654089333079,NABIL
2026-01-06,490.0,492.0,489.0,489.5,47593.0,23337901.1,0.0,0.0,NABIL
2026-01-07,493.0,493.9,489.0,489.0,38590.0,18897060.9,-0.0010214504596527396,-0.10214504596527396,NABIL
2026-01-08,492.0,492.0,486.5,489.0,35678.0,17440255.3,0.0,0.0,NABIL
2026-01-12,490.0,495.0,487.0,487.0,40413.0,19756468.0,-0.004089979550102263,-0.4089979550102263,NABIL
2026-01-13,496.0,496.0,485.0,488.1,60812.0,29667983.9,0.0022587268993841114,0.22587268993841114,NABIL
2026-01-14,490.0,490.0,487.0,487.5,44542.0,21754316.3,-0.0012292562999385304,-0.12292562999385304,NABIL
2026-01-18,488.0,492.0,487.7,490.8,71435.0,34993592.4,0.006769230769230861,0.6769230769230861,NABIL
2026-01-20,490.8,500.0,490.8,496.5,72522.0,36046488.1,0.011613691931540382,1.1613691931540382,NABIL
2026-01-21,502.0,504.0,493.0,496.1,44079.0,21895053.7,-0.0008056394763342745,-0.08056394763342745,NABIL
2026-01-22,498.0,498.0,492.3,493.1,63230.0,31254327.7,-0.006047167909695617,-0.6047167909695617,NABIL
2026-01-25,496.9,499.0,492.0,497.2,104063.0,51522824.2,0.008314743459744367,0.8314743459744367,NABIL
2026-01-26,501.0,504.0,496.0,497.0,109372.0,54595184.2,-0.0004022526146419958,-0.04022526146419958,NABIL
2026-01-27,497.0,500.0,492.1,494.9,72291.0,35899477.5,-0.004225352112676051,-0.42253521126760507,NABIL
2026-01-28,492.1,495.0,490.1,492.0,48841.0,24022794.9,-0.005859769650434332,-0.5859769650434332,NABIL
2026-01-29,500.0,508.0,493.0,497.0,132087.0,65706865.4,0.010162601626016343,1.0162601626016343,NABIL
2026-02-01,500.0,506.0,497.0,498.1,84076.0,41889487.5,0.0022132796780685027,0.22132796780685027,NABIL
2026-02-02,488.2,500.0,488.2,498.8,61083.0,30416105.6,0.0014053402931137882,0.14053402931137882,NABIL
2026-02-03,500.0,500.0,496.0,498.0,78804.0,39301639.4,-0.001603849238171584,-0.1603849238171584,NABIL
2026-02-04,489.0,502.0,489.0,496.1,49627.0,24731834.8,-0.003815261044176621,-0.3815261044176621,NABIL
2026-02-05,499.9,501.0,496.5,499.3,98644.0,49234318.5,0.006450312437008554,0.6450312437008554,NABIL
2026-02-08,497.3,500.9,497.0,498.5,75640.0,37753491.4,-0.0016022431403965864,-0.16022431403965864,NABIL
2026-02-09,499.0,499.0,494.0,495.9,68038.0,33764079.0,-0.005215646940822549,-0.5215646940822549,NABIL
2026-02-10,496.0,499.8,492.1,496.4,63267.0,31386145.5,0.001008267795926665,0.1008267795926665,NABIL
2026-02-11,500.0,500.0,495.0,496.0,42061.0,20905981.1,-0.0008058017727639033,-0.08058017727639033,NABIL
2026-02-12,495.0,498.7,492.5,495.0,83293.0,41246451.3,-0.0020161290322581182,-0.20161290322581182,NABIL
2026-02-16,498.7,498.8,493.0,497.9,82231.0,40828153.5,0.005858585858585785,0.5858585858585785,NABIL
2026-02-17,495.0,498.5,492.0,497.0,90768.0,44975581.7,-0.001807591885920834,-0.1807591885920834,NABIL
2026-02-22,497.8,497.8,490.0,495.0,43286.0,21371862.2,-0.004024144869215318,-0.4024144869215318,NABIL
2026-02-23,494.5,498.6,493.0,495.4,57825.0,28657902.8,0.0008080808080808133,0.08080808080808133,NABIL
2026-02-24,496.0,497.9,495.0,496.0,33305.0,16521094.8,0.0012111425111021035,0.12111425111021035,NABIL
2026-02-25,497.0,499.0,495.0,496.0,30849.0,15328310.3,0.0,0.0,NABIL
2026-02-26,498.0,499.0,496.5,497.9,32698.0,16267191.0,0.0038306451612901693,0.38306451612901693,NABIL
2026-03-01,497.9,500.0,494.0,499.0,58125.0,28963339.1,0.0022092789716812167,0.22092789716812167,NABIL
2026-03-03,508.9,508.9,497.0,504.0,53465.0,26848394.6,0.01002004008016022,1.002004008016022,NABIL
2026-03-09,514.0,550.0,514.0,545.0,4906.0,2569979.4,0.08134920634920628,8.13492063492063,NABIL
2026-03-10,545.0,555.0,528.0,534.8,271844.0,146203278.7,-0.018715596330275308,-1.8715596330275308,NABIL
2026-03-11,539.0,539.0,525.0,527.0,78574.0,41602142.1,-0.014584891548242274,-1.4584891548242274,NABIL
2026-03-12,522.1,531.7,522.0,529.0,81850.0,43235313.7,0.00379506641366234,0.379506641366234,NABIL
2026-03-15,531.0,539.0,528.5,530.5,92278.0,49151174.8,0.002835538752362865,0.2835538752362865,NABIL
2026-03-16,530.0,532.0,523.0,523.0,67561.0,35531577.9,-0.01413760603204528,-1.413760603204528,NABIL
2026-03-17,523.0,530.0,523.0,525.8,47099.0,24719828.7,0.005353728489483567,0.5353728489483567,NABIL
2026-03-19,528.0,536.0,527.0,535.2,151867.0,80762017.0,0.017877519969570432,1.7877519969570432,NABIL
2026-03-22,545.0,545.9,537.0,542.1,178526.0,96882442.0,0.012892376681614248,1.2892376681614248,NABIL
2026-03-23,542.1,546.0,536.7,542.0,100511.0,54536805.3,-0.00018446781036718374,-0.018446781036718374,NABIL
2026-03-24,546.0,546.0,542.5,544.6,99147.0,53987914.0,0.004797047970479751,0.4797047970479751,NABIL
2026-03-25,544.0,548.0,538.0,539.0,133329.0,72143579.5,-0.010282776349614386,-1.0282776349614386,NABIL
2026-03-26,539.0,543.0,533.0,543.0,58580.0,31633104.0,0.007421150278293043,0.7421150278293043,NABIL
2026-03-29,550.0,550.0,534.0,534.1,174352.0,94235236.4,-0.016390423572744006,-1.6390423572744006,NABIL
2026-03-30,533.0,539.0,525.1,527.0,104673.0,55468974.7,-0.01329339075079572,-1.329339075079572,NABIL
2026-03-31,535.0,535.0,520.0,531.0,86278.0,45264694.9,0.007590132827324458,0.7590132827324458,NABIL
2026-04-01,531.0,531.0,520.0,523.0,70913.0,37157925.3,-0.015065913370998163,-1.5065913370998163,NABIL
2026-04-02,512.6,524.9,512.0,517.5,83066.0,43064809.0,-0.010516252390057379,-1.051625239005738,NABIL
2026-04-05,510.0,518.0,499.8,505.3,103324.0,52632630.3,-0.023574879227053147,-2.3574879227053147,NABIL
2026-04-06,506.0,522.0,505.0,518.0,66226.0,34227090.8,0.025133584009499277,2.5133584009499277,NABIL
2026-04-07,523.9,525.9,518.0,520.0,48132.0,25072792.4,0.0038610038610038533,0.38610038610038533,NABIL
2026-04-08,520.0,525.0,520.0,524.0,63582.0,33266796.2,0.007692307692307665,0.7692307692307665,NABIL
2026-04-09,521.0,530.0,521.0,528.0,38820.0,20507937.7,0.007633587786259444,0.7633587786259444,NABIL
2026-04-10,532.0,538.0,526.2,529.5,85950.0,45681664.7,0.0028409090909091717,0.28409090909091717,NABIL
2026-04-13,540.0,540.0,520.0,530.0,51167.0,27168537.4,0.0009442870632672129,0.09442870632672129,NABIL
2026-04-15,530.5,534.0,530.0,531.9,57069.0,30335608.3,0.003584905660377391,0.3584905660377391,NABIL
2026-04-16,535.0,538.0,530.0,531.0,59730.0,31709332.4,-0.0016920473773265332,-0.16920473773265332,NABIL
2026-04-17,541.6,541.6,528.0,530.0,39114.0,20726889.9,-0.0018832391713747842,-0.18832391713747842,NABIL
2026-04-20,533.0,534.9,527.1,528.0,39912.0,21109795.6,-0.0037735849056603765,-0.37735849056603765,NABIL
2026-04-21,550.0,550.0,525.0,526.0,35671.0,18812349.4,-0.0037878787878787845,-0.37878787878787845,NABIL
2026-04-22,526.0,527.0,519.0,526.5,66642.0,34754254.81,0.000950570342205248,0.0950570342205248,NABIL
2026-04-23,530.0,530.0,518.0,520.0,33344.0,17393485.5,-0.012345679012345734,-1.2345679012345734,NABIL
2026-04-24,520.0,520.0,515.0,518.0,38819.0,20091557.7,-0.0038461538461538325,-0.38461538461538325,NABIL
2026-04-27,518.0,522.0,517.5,519.2,36199.0,18802312.9,0.0023166023166023564,0.23166023166023564,NABIL
2026-04-28,519.2,532.0,519.2,525.0,66167.0,34834152.6,0.011171032357472965,1.1171032357472965,NABIL
2026-04-29,525.0,527.0,522.0,524.9,36190.0,18951819.1,-0.00019047619047618536,-0.019047619047618536,NABIL
2026-04-30,524.0,528.1,520.0,528.0,47024.0,24662941.4,0.0059058868355876815,0.5905886835587681,NABIL
2026-05-04,528.0,535.0,516.0,521.0,62346.0,32623916.8,-0.013257575757575801,-1.3257575757575801,NABIL
2026-05-05,520.0,526.0,516.0,521.6,38727.0,20186499.1,0.0011516314779271841,0.11516314779271841,NABIL
2026-05-06,525.0,527.0,522.0,522.3,23570.0,12333112.2,0.0013420245398771957,0.13420245398771957,NABIL
2026-05-07,525.0,525.0,522.2,523.0,32514.0,17011699.1,0.0013402259237986769,0.1340225923798677,NABIL
2026-05-08,525.0,528.0,520.1,523.0,44672.0,23392652.4,0.0,0.0,NABIL
2026-05-11,523.0,532.0,523.0,527.0,37981.0,20038989.1,0.007648183556405286,0.7648183556405286,NABIL
2026-05-12,530.0,533.0,527.0,527.0,37974.0,20071403.2,0.0,0.0,NABIL
2026-05-13,527.0,528.0,523.1,527.0,29723.0,15625087.2,0.0,0.0,NABIL
2026-05-14,530.0,530.0,525.0,527.0,23778.0,12520605.1,0.0,0.0,NABIL
2026-05-15,525.1,531.0,525.0,527.0,22776.0,12022616.6,0.0,0.0,NABIL
2026-05-18,527.0,532.0,525.0,526.0,44305.0,23313421.6,-0.00189753320683117,-0.189753320683117,NABIL
2026-05-19,526.0,530.0,523.0,526.0,41228.0,21655922.2,0.0,0.0,NABIL
2026-05-20,529.9,531.0,524.0,527.4,55468.0,29262212.4,0.0026615969581749166,0.26615969581749166,NABIL
2026-05-21,527.4,530.0,526.2,527.9,27246.0,14377698.1,0.0009480470231324478,0.09480470231324478,NABIL
2026-05-22,529.0,530.8,527.9,530.0,42686.0,22593352.0,0.0039780261413147056,0.39780261413147056,NABIL
2026-05-25,530.0,536.0,530.0,535.4,59099.0,31548874.3,0.010188679245282994,1.0188679245282994,NABIL
2026-05-26,540.0,540.0,532.1,537.0,59432.0,31862044.6,0.002988419872992143,0.2988419872992143,NABIL
2026-05-27,538.7,540.0,534.0,537.0,68884.0,37050047.9,0.0,0.0,NABIL
2026-06-01,537.0,544.0,531.0,534.0,44350.0,23740496.2,-0.005586592178770999,-0.5586592178770999,NABIL
2026-06-02,540.0,540.0,530.0,536.9,43239.0,23186885.8,0.005430711610486805,0.5430711610486805,NABIL
2026-06-03,536.0,539.0,532.0,536.5,36962.0,19837224.3,-0.0007450176941702358,-0.07450176941702358,NABIL
2026-06-04,563.0,563.0,531.1,538.8,35729.0,19220678.3,0.00428704566635596,0.428704566635596,NABIL
2026-06-05,537.0,540.0,535.0,535.0,38895.0,20863977.4,-0.007052709725315465,-0.7052709725315465,NABIL
2026-06-08,536.0,539.9,530.2,533.0,52406.0,27928341.5,-0.0037383177570093906,-0.37383177570093906,NABIL
2026-06-09,531.0,535.0,530.1,533.0,49834.0,26543125.6,0.0,0.0,NABIL
2026-06-10,535.0,538.0,531.5,536.0,29859.0,15939757.0,0.0056285178236397115,0.5628517823639712,NABIL
2026-06-11,536.0,537.8,533.1,533.1,31193.0,16695202.9,-0.005410447761194037,-0.5410447761194037,NABIL
2026-06-12,533.1,535.0,532.0,533.0,27399.0,14619840.9,-0.0001875820671544126,-0.01875820671544126,NABIL
2026-06-15,533.0,536.7,530.0,531.5,39328.0,20911325.2,-0.0028142589118198558,-0.2814258911819856,NABIL
2026-06-16,532.0,535.0,531.3,532.0,30151.0,16046952.1,0.0009407337723423836,0.09407337723423836,NABIL
2026-06-17,532.0,535.0,530.5,532.0,20805.0,11074754.6,0.0,0.0,NABIL
2026-06-18,505.4,539.0,505.4,532.0,23502.0,12469846.6,0.0,0.0,NABIL
2026-06-19,536.0,536.0,530.1,531.0,37753.0,20094151.9,-0.001879699248120259,-0.1879699248120259,NABIL
2026-06-22,535.0,535.0,527.0,531.0,34257.0,18191182.7,0.0,0.0,NABIL
2026-06-23,531.0,531.0,528.0,529.0,33271.0,17621068.8,-0.0037664783427495685,-0.37664783427495685,NABIL
2026-06-24,529.0,534.8,520.0,524.5,68419.0,35934390.8,-0.008506616257088817,-0.8506616257088817,NABIL
2026-06-25,524.0,524.0,521.0,521.9,47945.0,25058372.0,-0.004957102001906577,-0.4957102001906577,NABIL
2026-06-26,523.0,529.9,519.5,525.0,47709.0,24892801.8,0.005939835217474654,0.5939835217474654,NABIL
2026-06-29,525.0,530.0,522.0,524.0,29220.0,15339496.6,-0.0019047619047618536,-0.19047619047618536,NABIL
2026-06-30,526.0,527.0,520.2,521.9,24993.0,13042964.4,-0.00400763358778633,-0.400763358778633,NABIL
2026-07-01,520.0,526.0,515.09,525.0,44906.0,23570212.85,0.005939835217474654,0.5939835217474654,NABIL
2026-07-02,530.0,545.2,512.0,541.0,231443.0,121567901.0,0.030476190476190546,3.0476190476190546,NABIL
2026-07-03,540.0,541.0,519.0,530.0,114343.0,60975242.0,-0.020332717190388205,-2.0332717190388205,NABIL
2026-07-06,530.0,535.0,523.0,526.0,37851.0,19979548.3,-0.007547169811320753,-0.7547169811320753,NABIL
2026-07-07,527.0,545.0,520.0,534.0,192322.0,101706773.8,0.015209125475285079,1.520912547528508,NABIL
2026-07-08,534.0,539.8,528.1,532.0,32674.0,17334986.3,-0.0037453183520599342,-0.3745318352059934,NABIL
2026-07-09,532.0,533.0,527.5,528.6,42398.0,22457149.0,-0.006390977443608947,-0.6390977443608947,NABIL
2026-07-10,534.0,534.0,527.0,527.8,53475.0,28320509.5,-0.001513431706394397,-0.1513431706394397,NABIL
2026-07-13,530.0,531.0,525.0,526.3,48177.0,25372811.9,-0.0028419856006063338,-0.2841985600606334,NABIL
2026-07-14,525.1,532.9,525.1,530.1,76835.0,40708052.9,0.0072202166064982976,0.7220216606498298,NABIL
2026-07-15,515.0,536.0,515.0,534.0,57577.0,30712675.2,0.007357102433503071,0.7357102433503071,NABIL
2026-07-16,535.5,537.9,534.0,534.9,28326.0,15154158.0,0.0016853932584268705,0.16853932584268705,NABIL
2026-07-17,539.0,546.0,536.0,542.7,66735.0,36195408.5,0.014582164890633909,1.4582164890633909,NABIL
2026-07-20,550.0,551.1,542.7,550.0,100779.0,55354893.5,0.01345126220748094,1.345126220748094,NABIL
2026-07-21,552.0,554.9,548.0,549.0,102884.0,56659381.6,-0.0018181818181818299,-0.181818181818183,NABIL
2026-07-22,550.0,550.0,546.0,546.8,48017.0,26339411.4,-0.004007285974499175,-0.4007285974499175,NABIL
2026-07-23,546.0,550.0,545.0,550.0,40281.0,22089641.4,0.00585223116313105,0.585223116313105,NABIL
2026-07-24,550.0,557.6,546.1,553.1,91376.0,50610822.8,0.0056363636363636616,0.5636363636363662,NABIL
2026-07-27,553.0,568.0,553.0,560.0,155380.0,87108157.9,0.012475140119327488,1.2475140119327488,NABIL
2026-07-28,560.0,560.0,554.0,558.0,61497.0,34237335.1,-0.0035714285714285587,-0.3571428571428559,NABIL
2026-07-29,558.0,560.0,553.5,557.5,58797.0,32817748.0,-0.0008960573476702871,-0.08960573476702871,NABIL
2026-07-30,530.0,566.0,530.0,554.5,50772.0,28143176.0,-0.0053811659192825045,-0.5381165919282505,NABIL
2026-07-31,554.5,558.6,550.0,556.0,45634.0,25347989.1,0.0027051397655546428,0.2705139765554643,NABIL
2026-08-03,528.2,568.0,528.2,557.1,53226.0,29781333.1,0.0019784172661871935,0.19784172661871935,NABIL
2026-08-04,560.0,561.8,556.5,558.0,60087.0,33592862.3,0.001615508885298933,0.1615508885298933,NABIL
2026-08-05,530.1,563.0,530.1,557.0,75852.0,42234263.2,-0.0017921146953404632,-0.17921146953404632,NABIL
2026-08-06,568.0,568.0,550.0,552.0,53215.0,29432922.0,-0.008976660682226245,-0.8976660682226245,NABIL
2026-08-07,552.0,560.0,550.1,556.0,83780.0,46549634.2,0.007246376811594235,0.7246376811594235,NABIL
2026-08-10,556.0,556.1,548.0,549.4,44025.0,24270104.1,-0.011870503597122384,-1.1870503597122384,NABIL
2026-08-11,556.0,556.0,549.0,551.0,26088.0,14361053.2,0.0029122679286495146,0.29122679286495146,NABIL
2026-08-12,551.0,555.0,549.0,550.0,27049.0,14895725.4,-0.001814882032667886,-0.1814882032667886,NABIL
2026-08-13,550.0,553.0,548.0,550.0,20477.0,11274469.6,0.0,0.0,NABIL
2026-08-14,550.0,552.0,549.0,549.9,22999.0,12655763.5,-0.0001818181818181719,-0.01818181818181719,NABIL
2026-08-17,549.9,555.0,549.9,551.5,30252.0,16667985.8,0.0029096199308966675,0.29096199308966675,NABIL
2026-08-18,555.0,555.0,548.0,550.0,36097.0,19879719.8,-0.0027198549410698547,-0.27198549410698547,NABIL
2026-08-19,556.0,556.0,545.0,548.0,95755.0,52534433.5,-0.0036363636363636598,-0.363636363636366,NABIL
2026-08-20,550.0,552.0,547.0,548.5,27241.0,14937853.1,0.0009124087591241281,0.09124087591241281,NABIL
2026-08-21,550.0,552.0,544.2,545.0,38251.0,20904592.3,-0.006381039197812188,-0.6381039197812188,NABIL
2026-08-24,545.0,546.0,540.0,541.5,34780.0,18880824.9,-0.006422018348623881,-0.6422018348623881,NABIL
2026-08-25,541.5,543.0,540.0,540.6,31533.0,17066663.4,-0.0016620498614957624,-0.16620498614957624,NABIL
2026-08-26,540.6,542.0,534.9,536.8,42608.0,22894494.4,-0.007029226785053799,-0.7029226785053799,NABIL
2026-08-27,535.0,542.0,530.0,540.2,36950.0,19878240.4,0.006333830104322091,0.6333830104322091,NABIL
2026-08-31,540.0,545.0,535.1,535.2,43318.0,23232512.6,-0.009255831173639373,-0.9255831173639373,NABIL
2026-09-01,535.0,539.8,533.0,536.5,25051.0,13466224.7,0.0024289985052317054,0.24289985052317054,NABIL
2026-09-02,540.0,541.9,537.0,537.5,24088.0,12977068.9,0.0018639328984155767,0.18639328984155767,NABIL
2026-09-03,540.0,540.0,537.5,539.0,21616.0,11650487.2,0.0027906976744185297,0.27906976744185297,NABIL
2026-09-07,545.1,555.5,545.1,552.5,126376.0,69700456.0,0.02504638218923927,2.504638218923927,NABIL
2026-09-09,553.0,560.0,552.0,552.0,48778.0,27036893.6,-0.0009049773755656076,-0.09049773755656076,NABIL
2026-09-10,555.0,555.0,550.0,552.5,56560.0,31254556.1,0.0009057971014492239,0.09057971014492239,NABIL
2026-09-11,552.0,554.9,551.0,552.0,37182.0,20540997.7,-0.0009049773755656076,-0.09049773755656076,NABIL
2026-09-14,552.0,557.0,551.2,554.0,38965.0,21550793.2,0.0036231884057971175,0.36231884057971175,NABIL
2026-09-15,581.0,581.0,555.0,560.0,100142.0,56128430.7,0.010830324909747224,1.0830324909747224,NABIL
2026-09-16,565.0,567.0,557.2,560.0,55113.0,30903609.0,0.0,0.0,NABIL
2026-09-17,560.0,565.0,558.1,560.0,51747.0,29018169.7,0.0,0.0,NABIL
2026-09-18,561.0,563.9,560.0,562.9,71074.0,39940701.8,0.005178571428571477,0.5178571428571477,NABIL
2026-09-22,565.0,567.0,561.1,565.7,90005.0,50856778.1,0.0049742405400605705,0.49742405400605705,NABIL
2026-09-23,570.0,570.0,565.0,565.0,88903.0,50349658.7,-0.0012374049849744884,-0.12374049849744884,NABIL
2026-09-24,566.0,570.0,566.0,569.0,70749.0,40205031.3,0.0070796460176991705,0.707964601769917,NABIL
2026-09-28,569.0,570.4,567.0,567.0,71637.0,40685934.1,-0.0035149384885764245,-0.35149384885764245,NABIL
2026-09-29,567.0,568.0,563.0,566.0,124425.0,70423999.2,-0.0017636684303351524,-0.17636684303351524,NABIL
2026-09-30,538.0,538.9,529.0,530.7,96214.0,51134700.8,-0.06236749116607765,-6.236749116607765,NABIL
2026-10-01,531.0,532.0,525.0,528.5,73656.0,38897356.6,-0.004145468249481921,-0.41454682494819206,NABIL
2022-01-02,536.0,551.8,532.0,548.0,40142.0,21819449.0,,,EBL
2022-01-03,552.0,576.0,551.1,573.9,65836.0,37353840.5,0.04726277372262766,4.726277372262766,EBL
2022-01-04,571.0,625.0,560.1,615.0,77227.0,45958834.5,0.07161526398327234,7.161526398327234,EBL
2022-01-05,615.0,618.9,591.0,597.0,70010.0,42303701.4,-0.029268292682926855,-2.9268292682926855,EBL
2022-01-06,598.0,618.0,588.4,614.0,40796.0,24616154.7,0.028475711892797406,2.8475711892797406,EBL
2022-01-09,624.0,630.0,612.5,619.0,61734.0,38275882.1,0.008143322475570036,0.8143322475570036,EBL
2022-01-10,629.0,629.0,605.0,610.0,32762.0,20108453.1,-0.014539579967689842,-1.4539579967689842,EBL
2022-01-11,610.0,620.0,605.0,613.0,26056.0,15942742.6,0.004918032786885185,0.4918032786885185,EBL
2022-01-12,611.0,616.0,599.1,600.0,42536.0,25734600.9,-0.021207177814029365,-2.1207177814029365,EBL
2022-01-13,600.0,604.0,595.7,604.0,31878.0,19107113.9,0.006666666666666599,0.6666666666666599,EBL
2022-01-16,606.0,621.0,602.3,610.0,67142.0,40925073.6,0.009933774834437026,0.9933774834437026,EBL
2022-01-17,621.0,635.0,615.0,626.0,59378.0,37078226.5,0.026229508196721207,2.6229508196721207,EBL
2022-01-18,630.0,640.0,623.0,630.0,75571.0,47720890.0,0.006389776357827559,0.6389776357827559,EBL
2022-01-19,630.0,632.0,614.0,615.0,26605.0,16463614.0,-0.023809523809523836,-2.3809523809523836,EBL
2022-01-20,615.0,615.0,605.0,615.0,45429.0,27681883.7,0.0,0.0,EBL
2022-01-23,610.0,612.0,597.0,601.0,48168.0,29036615.3,-0.02276422764227637,-2.276422764227637,EBL
2022-01-24,596.0,597.0,579.0,582.0,46044.0,26971521.5,-0.03161397670549082,-3.161397670549082,EBL
2022-01-25,582.0,593.6,578.2,583.0,18845.0,11068276.0,0.0017182130584192379,0.1718213058419238,EBL
2022-01-26,585.0,588.0,576.0,578.0,13258.0,7707701.5,-0.00857632933104635,-0.8576329331046351,EBL
2022-01-27,578.0,588.0,576.0,576.0,12623.0,7314110.9,-0.0034602076124568004,-0.34602076124568004,EBL
2022-01-30,587.0,604.0,581.3,594.9,19498.0,11574202.7,0.03281249999999991,3.281249999999991,EBL
2022-01-31,595.0,595.0,580.0,583.0,23495.0,13727096.6,-0.020003361909564643,-2.0003361909564643,EBL
2022-02-01,576.0,585.0,576.0,585.0,28069.0,16311590.3,0.0034305317324185847,0.34305317324185847,EBL
2022-02-03,590.0,595.0,585.0,585.0,29116.0,17151039.5,0.0,0.0,EBL
2022-02-06,583.0,585.0,578.0,580.0,9840.0,5715693.9,-0.008547008547008517,-0.8547008547008517,EBL
2022-02-07,578.0,585.0,576.1,577.5,8586.0,4969361.7,-0.004310344827586188,-0.4310344827586188,EBL
2022-02-08,589.0,600.7,571.3,579.8,20323.0,11736352.3,0.003982683982683977,0.39826839826839766,EBL
2022-02-09,573.0,578.0,571.0,572.0,11995.0,6881985.5,-0.013452914798206206,-1.3452914798206206,EBL
2022-02-10,572.0,572.0,565.0,568.0,17118.0,9710698.5,-0.006993006993006978,-0.6993006993006978,EBL
2022-02-13,561.0,561.0,550.0,557.0,24188.0,13409758.7,-0.01936619718309862,-1.9366197183098621,EBL
2022-02-14,557.0,568.1,550.0,550.5,26716.0,14908831.5,-0.011669658886894085,-1.1669658886894085,EBL
2022-02-15,550.1,556.0,547.0,552.0,20932.0,11529902.9,0.0027247956403269047,0.27247956403269047,EBL
2022-02-16,552.1,573.0,550.0,554.0,12086.0,6708720.5,0.0036231884057971175,0.36231884057971175,EBL
2022-02-17,552.2,564.5,550.0,555.9,13723.0,7654415.0,0.0034296028880866913,0.34296028880866913,EBL
2022-02-20,544.8,562.0,540.0,562.0,14121.0,7770305.5,0.010973196618096814,1.0973196618096814,EBL
2022-02-21,567.0,578.0,551.5,578.0,23725.0,13360988.9,0.028469750889679624,2.8469750889679624,EBL
2022-02-22,578.0,601.0,565.0,601.0,22719.0,13056453.0,0.03979238754325265,3.979238754325265,EBL
2022-02-23,589.0,594.9,576.3,582.0,30550.0,17919814.0,-0.03161397670549082,-3.161397670549082,EBL
2022-02-24,577.0,577.0,562.0,565.0,14046.0,7967132.4,-0.029209621993127155,-2.9209621993127155,EBL
2022-02-27,560.0,568.0,555.0,559.0,20000.0,11222505.2,-0.010619469026548645,-1.0619469026548645,EBL
2022-02-28,559.0,570.0,553.0,553.0,11179.0,6247086.5,-0.01073345259391767,-1.073345259391767,EBL
2022-03-02,548.0,549.0,536.0,539.0,34679.0,18749538.6,-0.025316455696202556,-2.5316455696202556,EBL
2022-03-06,540.0,549.0,536.2,537.0,10190.0,5501960.8,-0.0037105751391465214,-0.37105751391465214,EBL
2022-03-07,547.0,547.0,537.0,540.0,19027.0,10268421.6,0.005586592178770999,0.5586592178770999,EBL
2022-03-09,537.0,540.0,531.0,536.0,11289.0,6030498.0,-0.007407407407407418,-0.7407407407407418,EBL
2022-03-10,540.0,540.0,529.0,540.0,30144.0,16054049.8,0.00746268656716409,0.746268656716409,EBL
2022-03-13,550.0,558.9,539.0,555.0,14235.0,7812052.9,0.02777777777777768,2.777777777777768,EBL
2022-03-14,555.0,561.0,550.1,555.0,2387.0,1326921.8,0.0,0.0,EBL
2022-03-15,557.0,557.0,540.2,547.0,19461.0,10629472.2,-0.014414414414414378,-1.4414414414414378,EBL
2022-03-16,540.1,556.0,540.1,544.0,11603.0,6317074.4,-0.005484460694698323,-0.5484460694698323,EBL
2022-03-20,546.0,546.0,537.0,538.0,11584.0,6245962.6,-0.011029411764705843,-1.1029411764705843,EBL
2022-03-21,540.0,544.9,533.1,544.0,15163.0,8144772.6,0.011152416356877248,1.1152416356877248,EBL
2022-03-22,549.9,553.0,543.0,546.0,11326.0,6213288.8,0.003676470588235281,0.3676470588235281,EBL
2022-03-23,545.5,553.0,536.0,539.0,13480.0,7280124.9,-0.012820512820512775,-1.2820512820512775,EBL
2022-03-24,537.9,540.0,530.0,535.1,15910.0,8506122.3,-0.007235621521335722,-0.7235621521335722,EBL
2022-03-27,531.1,539.0,528.6,530.0,23543.0,12500081.5,-0.009530928798355487,-0.9530928798355487,EBL
2022-03-28,527.0,534.9,526.0,528.0,9346.0,4933651.3,-0.0037735849056603765,-0.37735849056603765,EBL
2022-03-29,530.0,530.0,524.1,525.0,12564.0,6605107.1,-0.005681818181818232,-0.5681818181818232,EBL
2022-03-30,522.0,529.0,522.0,526.0,17772.0,9346149.6,0.0019047619047618536,0.19047619047618536,EBL
2022-03-31,533.0,540.0,522.0,522.0,20708.0,10868301.9,-0.0076045627376425395,-0.760456273764254,EBL
2022-04-03,523.0,525.0,520.3,521.0,10005.0,5225640.0,-0.0019157088122605526,-0.19157088122605526,EBL
2022-04-04,521.0,527.0,520.0,520.4,10708.0,5582334.1,-0.001151631477927073,-0.11516314779270731,EBL
2022-04-05,518.0,519.0,512.0,515.5,24410.0,12585069.7,-0.00941583397386625,-0.941583397386625,EBL
2022-04-06,512.0,523.0,512.0,518.0,11576.0,5962998.6,0.004849660523763344,0.4849660523763344,EBL
2022-04-07,520.0,523.9,513.0,519.0,16193.0,8392790.1,0.0019305019305020377,0.19305019305020377,EBL
2022-04-11,529.0,529.0,512.1,512.1,19620.0,10095279.6,-0.013294797687861237,-1.3294797687861237,EBL
2022-04-12,520.0,520.0,508.0,514.0,15153.0,7738358.1,0.0037102128490529296,0.37102128490529296,EBL
2022-04-13,515.0,519.0,507.0,519.0,25490.0,13059297.6,0.009727626459143934,0.9727626459143934,EBL
2022-04-17,512.0,520.0,511.0,512.0,9172.0,4722356.4,-0.013487475915221592,-1.3487475915221592,EBL
2022-04-18,515.0,518.9,505.0,506.0,12323.0,6266507.1,-0.01171875,-1.171875,EBL
2022-04-19,505.0,513.8,501.0,508.0,10055.0,5097398.2,0.0039525691699604515,0.39525691699604515,EBL
2022-04-20,502.1,512.0,502.0,503.0,7915.0,4012514.2,-0.009842519685039353,-0.9842519685039353,EBL
2022-04-21,505.0,509.0,498.0,500.0,25076.0,12574993.0,-0.005964214711729587,-0.5964214711729587,EBL
2022-04-24,509.0,519.9,504.0,510.0,13619.0,7000177.0,0.020000000000000018,2.0000000000000018,EBL
2022-04-25,510.0,520.0,508.0,513.0,8347.0,4289115.4,0.00588235294117645,0.588235294117645,EBL
2022-04-26,512.0,512.0,503.3,506.0,10245.0,5189582.8,-0.013645224171540016,-1.3645224171540016,EBL
2022-04-27,501.3,509.0,501.2,507.8,5553.0,2800363.7,0.0035573122529644063,0.35573122529644063,EBL
2022-04-28,517.4,517.9,505.0,507.0,5724.0,2912890.6,-0.0015754233950374674,-0.15754233950374674,EBL
2022-05-02,501.2,506.0,500.0,501.9,16604.0,8318939.0,-0.010059171597633143,-1.0059171597633143,EBL
2022-05-04,500.0,501.0,495.0,495.0,11207.0,5569825.1,-0.01374775851763299,-1.374775851763299,EBL
2022-05-05,500.0,500.0,490.0,495.0,12818.0,6315421.4,0.0,0.0,EBL
2022-05-08,496.0,496.0,486.0,495.0,15979.0,7836546.3,0.0,0.0,EBL
2022-05-09,490.0,503.8,490.0,499.0,21132.0,10545309.5,0.008080808080808133,0.8080808080808133,EBL
2022-05-10,508.0,508.0,495.0,500.1,9494.0,4745826.5,0.002204408817635395,0.2204408817635395,EBL
2022-05-11,503.0,512.0,501.0,510.0,6630.0,3367907.7,0.019796040791841607,1.9796040791841607,EBL
2022-05-12,502.2,512.0,502.2,504.0,6458.0,3276829.5,-0.0117647058823529,-1.17647058823529,EBL
2022-05-17,495.0,499.0,493.0,494.5,7528.0,3726815.8,-0.018849206349206393,-1.8849206349206393,EBL
2022-05-18,490.0,496.0,490.0,495.0,4292.0,2119273.7,0.0010111223458038054,0.10111223458038054,EBL
2022-05-19,504.9,509.0,494.0,494.0,4908.0,2429376.1,-0.002020202020202033,-0.20202020202020332,EBL
2022-05-20,496.1,499.0,491.2,491.3,4040.0,1995355.1,-0.00546558704453437,-0.546558704453437,EBL
2022-05-23,495.0,495.0,486.0,486.0,8843.0,4305286.2,-0.010787706085894633,-1.0787706085894633,EBL
2022-05-24,487.0,494.7,485.0,494.4,8840.0,4303518.7,0.01728395061728394,1.7283950617283939,EBL
2022-05-25,500.0,500.0,490.0,495.0,4972.0,2458476.1,0.0012135922330096527,0.12135922330096527,EBL
2022-05-26,499.9,499.9,490.0,494.0,8044.0,3958714.7,-0.002020202020202033,-0.20202020202020332,EBL
2022-05-27,493.0,496.0,486.1,488.0,11789.0,5780902.9,-0.012145748987854255,-1.2145748987854255,EBL
2022-05-30,497.0,497.0,480.0,484.0,11897.0,5747530.9,-0.008196721311475419,-0.8196721311475419,EBL
2022-05-31,475.2,484.5,475.0,480.0,10917.0,5228745.0,-0.008264462809917328,-0.8264462809917328,EBL
2022-06-01,484.0,486.0,479.0,481.0,8708.0,4191919.6,0.002083333333333437,0.2083333333333437,EBL
2022-06-02,476.0,480.0,473.1,473.5,8342.0,3964242.5,-0.015592515592515621,-1.5592515592515621,EBL
2022-06-03,482.9,482.9,460.0,462.6,24101.0,11234513.3,-0.023020063357972465,-2.3020063357972465,EBL
2022-06-06,471.8,484.0,455.3,464.0,12312.0,5679189.9,0.003026372676178113,0.3026372676178113,EBL
2022-06-07,464.0,468.0,451.0,451.0,14040.0,6425026.7,-0.028017241379310387,-2.8017241379310387,EBL
2022-06-08,460.0,468.7,450.0,468.7,9914.0,4571355.3,0.03924611973392467,3.9246119733924667,EBL
2022-06-09,478.0,478.0,460.1,463.0,8716.0,4083063.2,-0.012161297205035226,-1.2161297205035226,EBL
2022-06-10,472.2,472.2,451.0,458.0,10641.0,4851733.6,-0.010799136069114423,-1.0799136069114423,EBL
2022-06-13,467.1,467.1,451.0,456.9,4841.0,2206586.8,-0.0024017467248909075,-0.24017467248909075,EBL
2022-06-14,466.0,466.0,442.0,453.0,18610.0,8351122.0,-0.008535784635587573,-0.8535784635587573,EBL
2022-06-15,462.0,462.0,440.0,447.0,11180.0,4968758.6,-0.013245033112582738,-1.3245033112582738,EBL
2022-06-16,438.2,452.0,438.2,445.0,8950.0,3983396.0,-0.004474272930648726,-0.4474272930648726,EBL
2022-06-17,453.0,460.0,443.0,445.0,3827.0,1710465.8,0.0,0.0,EBL
2022-06-19,453.9,453.9,438.1,439.0,10887.0,4785570.3,-0.013483146067415741,-1.348314606741574,EBL
2022-06-20,431.5,439.0,425.1,427.5,25764.0,11067802.6,-0.026195899772209597,-2.6195899772209597,EBL
2022-06-21,428.0,460.0,426.8,450.8,12488.0,5462264.2,0.054502923976608164,5.450292397660816,EBL
2022-06-22,459.8,459.8,438.1,445.0,9723.0,4287213.2,-0.012866015971606082,-1.2866015971606082,EBL
2022-06-23,436.1,449.8,427.0,437.0,12782.0,5559936.5,-0.017977528089887618,-1.7977528089887618,EBL
2022-06-24,445.0,445.0,428.3,434.0,6860.0,2992708.8,-0.006864988558352381,-0.6864988558352381,EBL
2022-06-26,440.0,448.8,434.2,445.0,23201.0,10205813.6,0.025345622119815614,2.5345622119815614,EBL
2022-06-27,453.0,453.9,436.1,438.0,10429.0,4597801.9,-0.01573033707865168,-1.573033707865168,EBL
2022-06-28,431.1,439.0,425.0,439.0,6168.0,2663980.0,0.0022831050228311334,0.22831050228311334,EBL
2022-06-29,447.0,447.0,436.1,442.5,5381.0,2369561.4,0.007972665148063829,0.7972665148063829,EBL
2022-06-30,449.9,458.0,436.3,456.9,25538.0,11499460.7,0.03254237288135586,3.2542372881355863,EBL
2022-07-01,460.0,463.0,440.0,450.0,14686.0,6591740.4,-0.015101772816808912,-1.5101772816808912,EBL
2022-07-03,445.0,457.0,440.1,450.0,25264.0,11283531.8,0.0,0.0,EBL
2022-07-04,458.9,460.0,446.0,453.0,28728.0,13033117.8,0.006666666666666599,0.6666666666666599,EBL
2022-07-05,452.9,458.0,441.1,445.0,15694.0,7012126.0,-0.017660044150110354,-1.7660044150110354,EBL
2022-07-06,438.5,452.0,436.1,444.5,21473.0,9455881.9,-0.0011235955056180247,-0.11235955056180247,EBL
2022-07-07,453.3,458.0,435.0,440.0,26058.0,11459994.3,-0.010123734533183382,-1.0123734533183382,EBL
2022-07-08,440.0,440.0,431.5,434.0,19636.0,8513180.9,-0.013636363636363669,-1.3636363636363669,EBL
2022-07-11,430.0,433.0,415.0,415.0,49290.0,20774636.0,-0.04377880184331795,-4.377880184331795,EBL
2022-07-12,422.9,423.0,411.0,413.0,31522.0,13079251.2,-0.004819277108433773,-0.48192771084337727,EBL
2022-07-13,420.0,428.0,416.0,427.9,19351.0,8142832.2,0.03607748184019366,3.607748184019366,EBL
2022-07-14,427.8,434.1,427.8,427.9,58706.0,25342245.8,0.0,0.0,EBL
2022-07-15,429.0,439.0,429.0,439.0,160802.0,69471528.6,0.02594064033652721,2.594064033652721,EBL
2022-07-17,432.0,447.0,432.0,446.9,18180.0,8020621.9,0.017995444191343912,1.7995444191343912,EBL
2022-07-18,446.9,451.0,440.0,445.0,17517.0,7764529.3,-0.00425151040501226,-0.425151040501226,EBL
2022-07-19,440.0,458.7,436.2,457.9,226720.0,100526623.2,0.02898876404494377,2.898876404494377,EBL
2022-07-20,457.0,462.0,453.0,459.4,36982.0,16915507.0,0.0032758244158113126,0.32758244158113126,EBL
2022-07-21,460.0,469.2,456.1,459.1,27282.0,12602744.3,-0.0006530256856768224,-0.06530256856768224,EBL
2022-07-22,455.0,458.9,450.0,454.0,20262.0,9189883.1,-0.01110869091701161,-1.110869091701161,EBL
2022-07-24,454.1,469.0,452.6,469.0,33753.0,15512414.4,0.033039647577092435,3.3039647577092435,EBL
2022-07-25,473.0,488.0,468.2,488.0,49425.0,23445897.7,0.04051172707889128,4.051172707889128,EBL
2022-07-26,482.0,482.0,470.0,472.0,52514.0,24889906.6,-0.032786885245901676,-3.2786885245901676,EBL
2022-07-27,472.0,487.5,462.2,480.0,27302.0,12828694.1,0.016949152542372836,1.6949152542372836,EBL
2022-07-28,489.6,508.0,489.6,491.0,106912.0,52875675.0,0.022916666666666696,2.2916666666666696,EBL
2022-07-29,495.0,506.5,489.0,503.0,42128.0,21014792.1,0.024439918533604832,2.443991853360483,EBL
2022-07-31,509.0,524.9,505.0,523.3,61945.0,31953164.9,0.04035785288270377,4.035785288270377,EBL
2022-08-01,520.0,535.0,514.0,524.0,83411.0,43952681.2,0.0013376648194154406,0.13376648194154406,EBL
2022-08-02,520.0,525.0,515.0,521.0,41098.0,21326654.9,-0.005725190839694694,-0.5725190839694694,EBL
2022-08-03,520.0,528.0,506.2,510.0,42544.0,21849200.9,-0.021113243761996192,-2.111324376199619,EBL
2022-08-04,500.1,506.0,493.0,499.0,69134.0,34573734.1,-0.021568627450980427,-2.1568627450980427,EBL
2022-08-05,491.1,500.0,489.5,495.0,19105.0,9391778.0,-0.008016032064128265,-0.8016032064128265,EBL
2022-08-07,499.5,514.0,495.0,501.0,40536.0,20241588.5,0.0121212121212122,1.21212121212122,EBL
2022-08-08,511.0,514.0,505.1,509.0,53748.0,27411053.3,0.015968063872255467,1.5968063872255467,EBL
2022-08-09,505.0,509.9,500.0,502.0,35501.0,17876413.0,-0.013752455795677854,-1.3752455795677854,EBL
2022-08-10,502.0,504.9,495.0,501.2,31386.0,15740894.3,-0.0015936254980080111,-0.1593625498008011,EBL
2022-08-11,505.9,505.9,497.0,499.9,24378.0,12171747.8,-0.0025937749401436783,-0.2593774940143678,EBL
2022-08-14,500.0,503.9,496.0,496.2,26181.0,13086680.6,-0.0074014802960591375,-0.7401480296059137,EBL
2022-08-15,496.2,505.0,496.2,505.0,21492.0,10786758.4,0.017734784361144618,1.7734784361144618,EBL
2022-08-16,508.0,510.1,501.0,503.0,17452.0,8811028.5,-0.003960396039603964,-0.3960396039603964,EBL
2022-08-17,501.0,508.0,501.0,506.0,18929.0,9549717.6,0.005964214711729587,0.5964214711729587,EBL
2022-08-18,515.0,515.0,505.0,510.5,19835.0,10101706.0,0.008893280632411127,0.8893280632411127,EBL
2022-08-21,515.0,519.0,512.6,515.5,28413.0,14617992.1,0.009794319294809117,0.9794319294809117,EBL
2022-08-22,513.0,515.0,510.0,511.3,8567.0,4389607.3,-0.008147429679922435,-0.8147429679922435,EBL
2022-08-23,514.0,514.0,505.0,509.0,14669.0,7463098.4,-0.004498337570897681,-0.44983375708976814,EBL
2022-08-24,513.0,515.0,508.0,510.0,48788.0,25009674.3,0.0019646365422396617,0.19646365422396617,EBL
2022-08-25,515.0,515.0,505.0,508.9,23470.0,11879774.7,-0.002156862745098076,-0.2156862745098076,EBL
2022-08-26,511.0,511.0,500.0,507.0,26088.0,13103530.5,-0.0037335429357436833,-0.37335429357436833,EBL
2022-08-28,507.0,507.0,491.0,496.0,24947.0,12418130.7,-0.021696252465483234,-2.1696252465483234,EBL
2022-08-29,493.0,499.0,489.0,498.0,19092.0,9416282.3,0.0040322580645162365,0.40322580645162365,EBL
2022-08-30,504.9,504.9,497.0,499.0,16801.0,8382854.7,0.002008032128514081,0.20080321285140812,EBL
2022-08-31,499.1,504.9,491.0,492.0,16133.0,8012531.6,-0.014028056112224463,-1.4028056112224463,EBL
2022-09-01,497.0,497.0,485.1,490.0,15782.0,7718158.1,-0.004065040650406471,-0.40650406504064707,EBL
2022-09-02,490.0,499.8,485.0,485.0,10325.0,5068726.4,-0.010204081632653073,-1.0204081632653073,EBL
2022-09-04,494.7,494.7,482.0,488.9,18187.0,8835167.2,0.008041237113401989,0.8041237113401989,EBL
2022-09-05,495.0,495.0,485.2,487.0,21382.0,10458200.1,-0.0038862753119246474,-0.38862753119246474,EBL
2022-09-06,487.0,489.0,484.0,487.0,10871.0,5287582.5,0.0,0.0,EBL
2022-09-07,487.5,489.0,482.2,487.0,6937.0,3363911.2,0.0,0.0,EBL
2022-09-08,478.2,490.0,478.2,487.2,7789.0,3785337.9,0.000410677618069899,0.0410677618069899,EBL
2022-09-11,488.0,492.7,485.0,485.9,8333.0,4066979.1,-0.0026683087027914443,-0.2668308702791444,EBL
2022-09-12,488.0,488.0,480.4,480.5,10503.0,5054484.8,-0.011113397818481086,-1.1113397818481086,EBL
2022-09-13,490.1,490.1,481.0,485.0,6033.0,2930328.1,0.009365244536940764,0.9365244536940764,EBL
2022-09-14,493.5,499.8,490.2,499.8,13678.0,6772559.0,0.030515463917525798,3.05154639175258,EBL
2022-09-15,496.0,504.8,483.0,485.0,17355.0,8537829.7,-0.029611844737895132,-2.961184473789513,EBL
2022-09-16,475.3,489.3,475.3,488.6,9129.0,4426342.2,0.007422680412371152,0.7422680412371152,EBL
2022-09-18,485.1,485.1,481.0,482.0,6771.0,3269936.4,-0.013507981989357432,-1.3507981989357432,EBL
2022-09-20,481.0,482.0,470.1,471.6,16279.0,7693981.8,-0.021576763485477102,-2.15767634854771,EBL
2022-09-21,481.0,483.9,471.0,479.4,8194.0,3912469.2,0.01653944020356235,1.653944020356235,EBL
2022-09-22,487.0,487.0,472.0,476.2,6208.0,2955280.6,-0.006675010429703754,-0.6675010429703754,EBL
2022-09-25,480.0,482.0,474.0,478.9,8383.0,3991515.0,0.005669886602267971,0.5669886602267971,EBL
2022-09-27,479.0,487.0,475.0,481.0,7060.0,3397491.1,0.004385049070787295,0.43850490707872947,EBL
2022-09-28,479.0,486.5,475.7,476.0,11381.0,5445411.9,-0.01039501039501034,-1.039501039501034,EBL
2022-09-29,480.0,484.0,475.0,479.9,12727.0,6073343.8,0.00819327731092434,0.8193277310924341,EBL
2022-10-09,485.0,499.1,485.0,495.8,6123.0,3024691.2,0.03313190247968345,3.313190247968345,EBL
2022-10-10,497.0,497.0,480.2,490.0,13453.0,6581919.9,-0.011698265429608723,-1.1698265429608723,EBL
2022-10-11,490.1,490.1,480.0,483.0,15663.0,7539248.2,-0.014285714285714235,-1.4285714285714235,EBL
2022-10-12,483.0,488.9,475.2,484.0,12887.0,6239202.1,0.0020703933747412417,0.20703933747412417,EBL
2022-10-13,490.0,490.0,481.7,485.0,17855.0,8648629.5,0.0020661157024792765,0.20661157024792765,EBL
2022-10-16,485.0,510.0,478.0,510.0,176659.0,84759739.7,0.05154639175257736,5.154639175257736,EBL
2022-10-17,515.0,515.0,499.0,504.0,25454.0,12809485.6,-0.0117647058823529,-1.17647058823529,EBL
2022-10-19,505.0,505.0,495.5,495.5,10291.0,5129337.0,-0.016865079365079416,-1.6865079365079416,EBL
2022-10-20,495.0,501.0,492.0,493.0,50236.0,24904753.7,-0.005045408678102881,-0.5045408678102881,EBL
2022-10-23,493.0,505.0,493.0,504.9,104319.0,51632997.0,0.024137931034482696,2.4137931034482696,EBL
2022-10-31,514.0,540.0,508.7,533.0,84072.0,43917077.9,0.055654585066349904,5.56545850663499,EBL
2022-11-01,535.0,550.0,531.1,545.2,86135.0,46805052.5,0.02288930581613524,2.288930581613524,EBL
2022-11-02,545.0,552.0,538.0,545.0,62705.0,34189231.8,-0.0003668378576670017,-0.03668378576670017,EBL
2022-11-03,545.0,545.0,528.1,532.0,75436.0,40351120.4,-0.023853211009174258,-2.3853211009174258,EBL
2022-11-06,542.5,550.0,532.2,540.0,132005.0,70901175.4,0.015037593984962516,1.5037593984962516,EBL
2022-11-07,540.0,541.5,528.0,531.0,62810.0,33553650.4,-0.01666666666666672,-1.6666666666666718,EBL
2022-11-08,531.0,534.4,530.0,530.2,19249.0,10226168.5,-0.0015065913370997386,-0.15065913370997386,EBL
2022-11-09,530.0,535.0,524.0,525.0,45490.0,23970123.4,-0.009807619766126097,-0.9807619766126097,EBL
2022-11-10,535.0,535.0,520.0,522.9,21021.0,10988081.9,-0.0040000000000000036,-0.40000000000000036,EBL
2022-11-13,523.0,523.5,514.0,514.0,15813.0,8167040.7,-0.01702046280359526,-1.702046280359526,EBL
2022-11-14,512.0,518.0,512.0,516.0,14666.0,7564617.1,0.0038910505836575737,0.3891050583657574,EBL
2022-11-15,517.0,525.0,516.0,518.0,42828.0,22296325.4,0.003875968992248069,0.3875968992248069,EBL
2022-11-16,520.0,530.2,518.1,527.0,30966.0,16245067.0,0.01737451737451745,1.737451737451745,EBL
2022-11-17,530.0,535.8,525.1,534.0,40224.0,21440653.7,0.013282732447817747,1.3282732447817747,EBL
2022-11-22,539.0,554.9,534.5,544.0,69909.0,37820511.6,0.01872659176029967,1.8726591760299671,EBL
2022-11-23,554.0,554.0,537.1,538.9,37068.0,19959073.5,-0.009375000000000022,-0.9375000000000022,EBL
2022-11-24,544.0,544.0,536.7,540.0,47380.0,25524242.2,0.0020411950269068058,0.20411950269068058,EBL
2022-11-27,540.0,545.0,533.0,544.0,49984.0,26919270.2,0.007407407407407307,0.7407407407407307,EBL
2022-11-28,550.0,550.0,538.1,539.9,110573.0,59831861.2,-0.007536764705882382,-0.7536764705882382,EBL
2022-11-29,478.0,478.0,465.5,471.0,21127.0,9922577.8,-0.12761622522689386,-12.761622522689386,EBL
2022-11-30,476.0,476.0,466.6,467.0,10102.0,4740772.4,-0.00849256900212314,-0.849256900212314,EBL
2022-12-01,463.0,471.0,463.0,470.8,28265.0,13233328.4,0.008137044967880147,0.8137044967880147,EBL
2022-12-04,470.1,474.0,467.0,467.9,17172.0,8071018.4,-0.0061597281223449984,-0.6159728122344998,EBL
2022-12-05,467.0,468.9,460.0,461.0,10556.0,4880619.3,-0.014746740756571897,-1.4746740756571897,EBL
2022-12-06,455.0,460.0,452.0,453.2,11869.0,5403265.2,-0.01691973969631244,-1.6919739696312441,EBL
2022-12-07,446.0,453.0,446.0,450.0,11718.0,5259423.6,-0.007060900264783787,-0.7060900264783787,EBL
2022-12-11,450.0,450.0,441.0,443.0,20126.0,8934989.1,-0.015555555555555545,-1.5555555555555545,EBL
2022-12-12,442.0,446.4,434.2,440.0,21106.0,9230198.5,-0.006772009029345383,-0.6772009029345383,EBL
2022-12-13,448.7,457.7,438.0,445.0,27069.0,11993453.5,0.011363636363636465,1.1363636363636465,EBL
2022-12-14,445.0,445.0,438.0,441.0,7192.0,3160200.1,-0.008988764044943864,-0.8988764044943864,EBL
2022-12-15,438.0,438.0,423.0,430.0,33792.0,14520576.8,-0.024943310657596363,-2.4943310657596363,EBL
2022-12-18,421.5,432.0,421.5,430.0,8622.0,3697120.5,0.0,0.0,EBL
2022-12-19,431.0,437.8,425.1,430.0,59490.0,25510956.8,0.0,0.0,EBL
2022-12-20,430.0,436.0,430.0,432.0,15066.0,6526321.7,0.0046511627906977715,0.46511627906977715,EBL
2022-12-21,435.0,443.7,432.0,435.0,11352.0,4926725.9,0.00694444444444442,0.694444444444442,EBL
2022-12-22,435.0,437.0,427.2,435.9,59696.0,25599106.7,0.002068965517241228,0.2068965517241228,EBL
2022-12-26,444.6,452.0,436.0,449.0,21372.0,9536002.6,0.03005276439550353,3.005276439550353,EBL
2022-12-27,457.9,478.3,457.7,476.9,89272.0,41929003.4,0.06213808463251658,6.213808463251658,EBL
2022-12-28,486.4,486.4,466.6,471.0,8889.0,4209137.3,-0.012371566366114473,-1.2371566366114473,EBL
2022-12-29,465.0,481.8,460.0,480.0,38611.0,18354236.6,0.019108280254777066,1.9108280254777066,EBL
2023-01-01,485.0,500.0,472.9,477.0,75713.0,36711902.2,-0.006249999999999978,-0.6249999999999978,EBL
2023-01-02,470.0,492.5,468.0,490.0,38769.0,18783637.8,0.027253668763102645,2.7253668763102645,EBL
2023-01-03,487.0,503.0,487.0,502.0,65666.0,32709747.4,0.02448979591836742,2.448979591836742,EBL
2023-01-04,509.9,520.0,501.0,520.0,82922.0,42350445.6,0.03585657370517925,3.585657370517925,EBL
2023-01-05,521.0,529.0,511.0,520.0,58167.0,30153472.3,0.0,0.0,EBL
2023-01-08,515.0,531.0,514.9,522.5,88355.0,46334587.9,0.004807692307692291,0.48076923076922906,EBL
2023-01-09,522.0,532.9,516.0,528.0,79213.0,41826941.7,0.010526315789473717,1.0526315789473717,EBL
2023-01-10,535.0,558.9,515.0,519.0,64340.0,34237998.2,-0.017045454545454586,-1.7045454545454586,EBL
2023-01-12,529.0,535.0,502.0,507.0,72380.0,37262062.8,-0.023121387283236983,-2.3121387283236983,EBL
2023-01-17,507.0,515.0,501.0,512.1,21923.0,11151985.6,0.010059171597633254,1.0059171597633254,EBL
2023-01-18,519.0,520.0,507.0,510.0,15164.0,7763517.2,-0.00410076157000594,-0.41007615700059397,EBL
2023-01-19,510.0,536.0,507.1,518.0,33985.0,17527479.8,0.015686274509803866,1.5686274509803866,EBL
2023-01-23,528.3,547.9,528.3,538.0,185572.0,100271577.8,0.03861003861003853,3.8610038610038533,EBL
2023-01-24,540.0,548.7,528.5,533.0,44859.0,23959233.9,-0.009293680297397744,-0.9293680297397744,EBL
2023-01-25,535.0,536.0,527.0,530.0,25755.0,13655532.6,-0.0056285178236398226,-0.5628517823639823,EBL
2023-01-26,528.0,530.0,518.7,518.7,31997.0,16671198.8,-0.021320754716981027,-2.1320754716981027,EBL
2023-01-29,519.0,525.0,512.2,518.0,25712.0,13295792.5,-0.0013495276653172628,-0.13495276653172628,EBL
2023-01-30,516.0,516.0,505.1,505.1,29694.0,15161629.1,-0.024903474903474887,-2.4903474903474887,EBL
2023-01-31,500.1,509.9,500.1,504.0,20379.0,10278004.8,-0.0021777865769154747,-0.21777865769154747,EBL
2023-02-01,501.0,513.0,501.0,504.0,13192.0,6686276.7,0.0,0.0,EBL
2023-02-02,508.0,520.0,506.5,507.0,46722.0,23963167.3,0.005952380952380931,0.5952380952380931,EBL
2023-02-05,510.0,519.0,510.0,514.4,33740.0,17376284.5,0.0145956607495068,1.45956607495068,EBL
2023-02-06,515.0,521.0,510.0,521.0,36777.0,18977346.2,0.012830482115085529,1.2830482115085529,EBL
2023-02-07,520.0,545.0,516.0,539.9,68851.0,36901180.5,0.036276391554702414,3.6276391554702414,EBL
2023-02-08,540.0,548.0,536.1,546.0,136423.0,73855554.2,0.011298388590479824,1.1298388590479824,EBL
2023-02-09,546.0,552.0,539.0,550.0,61945.0,33830289.4,0.0073260073260073,0.73260073260073,EBL
2023-02-12,548.0,548.0,530.0,532.0,72854.0,39034632.8,-0.032727272727272716,-3.2727272727272716,EBL
2023-02-14,524.0,532.0,524.0,526.9,29599.0,15609408.8,-0.009586466165413587,-0.9586466165413587,EBL
2023-02-15,524.0,530.0,520.0,524.0,31592.0,16529698.9,-0.005503890681343715,-0.5503890681343715,EBL
2023-02-16,517.1,522.0,516.2,517.0,26769.0,13890086.4,-0.013358778625954248,-1.3358778625954248,EBL
2023-02-20,520.0,520.0,508.2,513.0,15510.0,7936439.4,-0.007736943907156624,-0.7736943907156624,EBL
2023-02-22,514.0,522.0,513.0,520.0,16273.0,8417167.2,0.013645224171539905,1.3645224171539905,EBL
2023-02-23,511.6,514.5,508.0,511.0,34849.0,17796708.1,-0.017307692307692357,-1.7307692307692357,EBL
2023-02-26,502.0,514.4,502.0,512.0,41280.0,20897117.6,0.001956947162426559,0.1956947162426559,EBL
2023-02-27,520.0,530.0,505.0,512.0,25874.0,13220915.5,0.0,0.0,EBL
2023-02-28,519.9,519.9,508.0,516.0,19371.0,9942152.3,0.0078125,0.78125,EBL
2023-03-01,506.3,515.0,506.3,509.0,15985.0,8139466.4,-0.013565891472868241,-1.3565891472868241,EBL
2023-03-02,505.0,510.0,500.0,503.0,26744.0,13435697.7,-0.011787819253438081,-1.178781925343808,EBL
2023-03-05,505.0,505.1,495.1,500.0,23016.0,11486136.6,-0.005964214711729587,-0.5964214711729587,EBL
2023-03-07,500.0,509.0,499.0,505.5,25805.0,13007424.5,0.010999999999999899,1.0999999999999899,EBL
2023-03-09,513.0,520.0,508.0,520.0,34599.0,17739929.5,0.028684470820969254,2.8684470820969254,EBL
2023-03-12,520.0,520.0,505.0,509.9,16549.0,8464155.8,-0.019423076923076987,-1.9423076923076987,EBL
2023-03-13,505.0,508.0,499.3,503.0,26608.0,13366033.0,-0.013532065110805958,-1.3532065110805958,EBL
2023-03-14,502.0,511.9,497.1,511.9,37524.0,18897461.4,0.017693836978131205,1.7693836978131205,EBL
2023-03-15,510.0,511.0,492.0,504.9,18853.0,9452363.8,-0.013674545809728489,-1.3674545809728489,EBL
2023-03-16,500.0,506.0,498.1,501.1,14420.0,7229027.6,-0.007526242820360407,-0.7526242820360407,EBL
2023-03-19,505.0,506.0,500.0,505.0,19303.0,9708560.6,0.007782877669127775,0.7782877669127775,EBL
2023-03-20,505.0,510.0,505.0,506.0,20767.0,10528556.9,0.001980198019801982,0.1980198019801982,EBL
2023-03-22,505.0,507.0,502.0,506.0,14478.0,7305828.9,0.0,0.0,EBL
2023-03-23,502.1,504.0,496.1,497.1,23861.0,11918047.8,-0.01758893280632412,-1.758893280632412,EBL
2023-03-26,495.1,500.0,492.0,493.0,13829.0,6838888.7,-0.008247837457252105,-0.8247837457252105,EBL
2023-03-27,500.0,500.0,483.0,494.8,19994.0,9783215.5,0.0036511156186613825,0.36511156186613825,EBL
2023-03-28,494.0,504.5,490.0,490.0,18734.0,9315173.0,-0.009700889248181133,-0.9700889248181133,EBL
2023-03-29,499.6,499.6,490.0,491.0,15110.0,7437198.8,0.0020408163265306367,0.20408163265306367,EBL
2023-03-30,499.0,499.0,489.6,495.0,20918.0,10294364.1,0.008146639511201537,0.8146639511201537,EBL
2023-04-02,502.0,502.0,490.0,491.9,20715.0,10230437.7,-0.006262626262626303,-0.6262626262626303,EBL
2023-04-03,492.0,492.0,487.0,489.0,12749.0,6230646.5,-0.005895507216914009,-0.5895507216914009,EBL
2023-04-04,486.0,490.0,481.0,485.0,13664.0,6618187.2,-0.008179959100204526,-0.8179959100204526,EBL
2023-04-05,490.0,490.0,482.0,487.0,8657.0,4204236.5,0.004123711340206171,0.4123711340206171,EBL
2023-04-06,494.0,494.0,485.0,487.9,14284.0,6948962.6,0.0018480492813142124,0.18480492813142124,EBL
2023-04-09,488.0,488.0,479.0,481.8,23690.0,11401729.0,-0.01250256200040989,-1.250256200040989,EBL
2023-04-10,490.0,490.0,480.6,481.0,18201.0,8815303.3,-0.0016604400166043698,-0.16604400166043698,EBL
2023-04-11,490.0,490.0,481.0,483.0,11619.0,5611387.2,0.004158004158004047,0.4158004158004047,EBL
2023-04-12,492.0,509.0,492.0,507.2,20280.0,10208986.6,0.05010351966873694,5.010351966873694,EBL
2023-04-13,516.0,517.0,500.1,508.0,21341.0,10853655.8,0.001577287066246047,0.1577287066246047,EBL
2023-04-16,512.0,514.0,501.0,514.0,21569.0,11001934.0,0.011811023622047223,1.1811023622047223,EBL
2023-04-17,514.0,514.0,507.0,513.9,17094.0,8729016.3,-0.00019455252918287869,-0.01945525291828787,EBL
2023-04-18,513.0,520.0,498.0,510.0,21198.0,10680030.0,-0.007589025102159863,-0.7589025102159863,EBL
2023-04-19,520.0,520.0,507.0,511.5,6125.0,3121087.7,0.002941176470588225,0.2941176470588225,EBL
2023-04-20,521.0,530.0,515.0,529.9,55941.0,29176198.3,0.03597262952101654,3.597262952101654,EBL
2023-04-23,530.0,534.0,518.0,520.0,30821.0,16077398.9,-0.01868277033402521,-1.8682770334025212,EBL
2023-04-24,517.2,524.0,515.0,522.0,25431.0,13202313.1,0.0038461538461538325,0.38461538461538325,EBL
2023-04-25,511.6,530.0,511.6,528.0,30919.0,16258641.2,0.011494252873563315,1.1494252873563315,EBL
2023-04-26,538.5,538.5,524.5,529.9,60401.0,31787743.5,0.0035984848484849064,0.35984848484849064,EBL
2023-04-27,540.4,561.0,522.3,539.0,69760.0,37691419.1,0.017173051519154603,1.7173051519154603,EBL
2023-04-30,540.0,549.0,531.4,533.0,44857.0,24035994.1,-0.011131725417439675,-1.1131725417439675,EBL
2023-05-02,535.0,540.0,530.1,538.0,33372.0,17831937.2,0.009380863039399667,0.9380863039399667,EBL
2023-05-03,547.1,547.1,530.0,533.9,11611.0,6176166.5,-0.007620817843866257,-0.7620817843866257,EBL
2023-05-04,539.0,539.0,528.0,535.8,31121.0,16570866.4,0.003558718861209842,0.3558718861209842,EBL
2023-05-07,545.0,545.0,523.5,537.0,25354.0,13443067.6,0.002239641657334923,0.22396416573349232,EBL
2023-05-08,537.0,537.0,526.0,535.0,22829.0,12052264.7,-0.003724394785847296,-0.3724394785847296,EBL
2023-05-09,541.9,541.9,528.0,529.0,16818.0,8932761.0,-0.01121495327102806,-1.121495327102806,EBL
2023-05-10,535.0,535.0,524.3,530.0,25507.0,13463426.4,0.001890359168241984,0.1890359168241984,EBL
2023-05-11,522.1,529.9,522.1,527.9,12900.0,6789959.6,-0.003962264150943473,-0.3962264150943473,EBL
2023-05-14,537.0,537.0,518.0,523.0,19787.0,10309203.0,-0.009282060996400832,-0.9282060996400832,EBL
2023-05-15,521.0,527.0,516.0,526.6,17787.0,9288666.4,0.006883365200764935,0.6883365200764935,EBL
2023-05-16,522.0,527.0,522.0,525.0,12365.0,6489746.2,-0.0030383592859856146,-0.30383592859856146,EBL
2023-05-17,525.0,528.0,522.1,528.0,21327.0,11191234.6,0.005714285714285783,0.5714285714285783,EBL
2023-05-18,532.9,546.7,525.0,546.7,66714.0,35984031.0,0.03541666666666665,3.541666666666665,EBL
2023-05-21,547.0,549.0,536.1,540.0,34019.0,18444923.4,-0.012255350283519428,-1.2255350283519428,EBL
2023-05-22,536.0,543.5,531.0,534.0,40158.0,21582006.5,-0.011111111111111072,-1.1111111111111072,EBL
2023-05-23,544.0,555.0,539.0,552.0,81022.0,44284283.6,0.03370786516853941,3.370786516853941,EBL
2023-05-24,555.0,555.0,547.0,550.9,70489.0,38831352.9,-0.0019927536231884035,-0.19927536231884035,EBL
2023-05-28,555.0,555.0,540.0,542.0,54930.0,30137096.0,-0.016155382102014837,-1.6155382102014837,EBL
2023-05-30,535.0,547.0,530.0,534.0,93471.0,50081089.4,-0.014760147601476037,-1.4760147601476037,EBL
2023-05-31,534.0,534.0,518.0,525.8,66071.0,34666659.2,-0.01535580524344582,-1.535580524344582,EBL
2023-06-01,520.0,532.9,520.0,528.0,35905.0,18942369.2,0.004184100418410219,0.41841004184102193,EBL
2023-06-04,538.5,559.9,533.0,540.0,46144.0,24856009.7,0.022727272727272707,2.2727272727272707,EBL
2023-06-05,540.0,545.0,529.0,532.0,29343.0,15690235.3,-0.014814814814814836,-1.4814814814814836,EBL
2023-06-06,532.0,539.5,531.3,536.0,20589.0,11037467.6,0.007518796992481258,0.7518796992481258,EBL
2023-06-07,530.0,540.0,530.0,533.9,24048.0,12899627.9,-0.003917910447761241,-0.39179104477612414,EBL
2023-06-08,535.0,537.0,530.0,534.0,16480.0,8805036.8,0.0001873009926953717,0.01873009926953717,EBL
2023-06-11,544.0,544.0,533.5,534.0,30414.0,16307629.2,0.0,0.0,EBL
2023-06-12,534.1,542.0,534.0,536.0,44162.0,23713219.7,0.0037453183520599342,0.3745318352059934,EBL
2023-06-13,535.0,544.0,535.0,541.0,40536.0,21847116.9,0.009328358208955168,0.9328358208955168,EBL
2023-06-14,549.0,555.5,542.0,546.0,104638.0,57265908.6,0.009242144177449063,0.9242144177449063,EBL
2023-06-15,550.0,554.9,543.0,545.4,63569.0,34834779.4,-0.001098901098901095,-0.1098901098901095,EBL
2023-06-18,547.0,554.9,540.0,546.9,70011.0,38026291.6,0.002750275027502802,0.2750275027502802,EBL
2023-06-19,548.0,557.0,538.0,546.0,24650.0,13362301.2,-0.001645639056500281,-0.1645639056500281,EBL
2023-06-20,545.1,552.0,543.0,543.0,21027.0,11528739.8,-0.005494505494505475,-0.5494505494505475,EBL
2023-06-21,539.1,544.9,539.1,544.9,107381.0,58054871.7,0.003499079189686949,0.3499079189686949,EBL
2023-06-22,544.9,545.0,539.0,542.0,40453.0,21894598.0,-0.005322077445402806,-0.5322077445402806,EBL
2023-06-25,544.0,580.0,538.5,563.0,108674.0,60333709.4,0.03874538745387457,3.874538745387457,EBL
2023-06-26,563.0,596.7,563.0,581.9,162224.0,94322273.3,0.033570159857904125,3.3570159857904125,EBL
2023-06-27,593.5,593.5,580.0,584.0,88115.0,51559975.9,0.0036088675030074846,0.36088675030074846,EBL
2023-06-28,580.1,583.9,568.5,569.9,58332.0,33484460.4,-0.024143835616438403,-2.4143835616438403,EBL
2023-07-02,570.0,575.0,552.0,554.5,45079.0,25263394.1,-0.027022284611335268,-2.7022284611335268,EBL
2023-07-03,562.0,564.0,548.0,549.1,23979.0,13286833.9,-0.009738503155996336,-0.9738503155996336,EBL
2023-07-04,546.0,560.0,546.0,551.5,41612.0,22860984.2,0.004370788563103245,0.4370788563103245,EBL
2023-07-05,562.5,572.0,548.0,549.9,47740.0,26291026.6,-0.002901178603807786,-0.2901178603807786,EBL
2023-07-06,550.0,550.0,545.0,547.0,39447.0,21570883.0,-0.005273686124749877,-0.5273686124749877,EBL
2023-07-09,557.0,560.0,547.4,560.0,30337.0,16839492.2,0.02376599634369292,2.376599634369292,EBL
2023-07-10,564.0,569.0,555.0,559.0,24259.0,13585393.1,-0.0017857142857142794,-0.17857142857142794,EBL
2023-07-11,560.0,563.0,551.1,551.1,18458.0,10263686.2,-0.014132379248658289,-1.4132379248658289,EBL
2023-07-12,551.0,560.0,550.0,559.9,30139.0,16726287.6,0.015968063872255467,1.5968063872255467,EBL
2023-07-13,565.0,568.0,560.0,562.0,50396.0,28384806.8,0.003750669762457637,0.3750669762457637,EBL
2023-07-16,570.0,581.0,558.0,563.0,21678.0,12190367.6,0.001779359430605032,0.1779359430605032,EBL
2023-07-17,563.0,581.5,560.0,581.5,61987.0,35622103.2,0.03285968028419184,3.285968028419184,EBL
2023-07-18,584.0,605.0,580.0,592.0,102513.0,60630511.4,0.018056749785038795,1.8056749785038795,EBL
2023-07-19,592.1,594.5,587.0,590.0,93945.0,55438882.9,-0.0033783783783783994,-0.33783783783783994,EBL
2023-07-20,590.0,596.0,586.0,589.0,63738.0,37559543.7,-0.0016949152542372614,-0.16949152542372614,EBL
2023-07-23,590.0,619.0,588.0,617.0,160818.0,96933578.0,0.04753820033955858,4.753820033955858,EBL
2023-07-24,613.0,617.0,600.0,614.9,134534.0,82346451.2,-0.003403565640194506,-0.3403565640194506,EBL
2023-07-25,619.0,619.0,595.0,596.0,126711.0,76205700.2,-0.030736705155309796,-3.0736705155309796,EBL
2023-07-26,596.0,604.9,591.0,595.9,115321.0,68906770.2,-0.0001677852348993536,-0.01677852348993536,EBL
2023-07-27,588.1,605.0,588.1,595.0,101187.0,60380616.3,-0.0015103205235776906,-0.15103205235776906,EBL
2023-07-30,600.0,623.0,597.0,602.0,168940.0,102062481.9,0.0117647058823529,1.17647058823529,EBL
2023-07-31,609.0,609.0,595.0,603.0,65100.0,39228662.5,0.0016611295681063787,0.16611295681063787,EBL
2023-08-01,605.0,606.0,593.0,597.9,60963.0,36598531.9,-0.008457711442786064,-0.8457711442786064,EBL
2023-08-02,592.0,605.0,592.0,599.0,59747.0,35766841.8,0.0018397725372136797,0.18397725372136797,EBL
2023-08-03,603.9,604.0,598.1,599.0,47830.0,28695932.4,0.0,0.0,EBL
2023-08-06,610.9,623.0,599.0,604.0,201116.0,122124798.5,0.008347245409014992,0.8347245409014992,EBL
2023-08-07,609.9,610.0,600.0,604.9,111109.0,67158573.7,0.001490066225165565,0.1490066225165565,EBL
2023-08-08,616.9,616.9,600.3,607.7,73286.0,44339013.6,0.004628864275086908,0.4628864275086908,EBL
2023-08-09,607.0,612.9,603.0,608.1,72822.0,44109335.2,0.0006582195162085913,0.06582195162085913,EBL
2023-08-10,619.0,619.0,607.0,608.0,66031.0,40298720.9,-0.00016444663706627338,-0.016444663706627338,EBL
2023-08-13,611.0,620.0,607.2,620.0,80282.0,49420299.2,0.019736842105263053,1.9736842105263053,EBL
2023-08-14,623.0,632.0,620.0,628.0,87666.0,55088988.9,0.012903225806451646,1.2903225806451646,EBL
2023-08-15,633.0,633.0,616.0,620.0,82978.0,51891796.7,-0.01273885350318471,-1.273885350318471,EBL
2023-08-16,620.0,620.0,607.8,612.8,52437.0,32053470.7,-0.011612903225806548,-1.1612903225806548,EBL
2023-08-17,610.0,619.5,610.0,614.0,39111.0,24055404.3,0.001958224543080922,0.1958224543080922,EBL
2023-08-20,620.0,621.0,615.0,617.0,33136.0,20494376.1,0.004885993485342022,0.48859934853420217,EBL
2023-08-21,611.0,619.0,610.1,612.0,35625.0,21893289.7,-0.008103727714748765,-0.8103727714748765,EBL
2023-08-22,621.7,621.7,610.4,616.0,28236.0,17323311.2,0.006535947712418277,0.6535947712418277,EBL
2023-08-23,616.0,621.9,615.0,616.1,33312.0,20556503.1,0.00016233766233764158,0.016233766233764158,EBL
2023-08-24,623.9,624.0,610.5,612.3,39295.0,24224143.0,-0.006167829897744004,-0.6167829897744004,EBL
2023-08-27,610.1,613.9,607.4,608.0,34903.0,21267382.4,-0.007022701290217093,-0.7022701290217093,EBL
2023-08-28,618.0,618.0,606.0,608.0,22545.0,13730397.8,0.0,0.0,EBL
2023-08-29,608.0,613.9,606.0,606.4,24425.0,14834549.6,-0.0026315789473684292,-0.2631578947368429,EBL
2023-08-30,608.0,613.9,602.3,604.0,39659.0,24086276.4,-0.00395778364116095,-0.395778364116095,EBL
2023-09-03,608.0,608.0,595.9,596.0,54008.0,32343754.3,-0.013245033112582738,-1.3245033112582738,EBL
2023-09-04,600.0,603.0,594.0,597.3,39224.0,23412563.8,0.0021812080536911527,0.21812080536911527,EBL
2023-09-05,599.9,604.0,598.1,599.0,39347.0,23629321.3,0.0028461409676880933,0.28461409676880933,EBL
2023-09-07,600.0,600.0,590.0,590.0,51200.0,30370796.1,-0.015025041736227096,-1.5025041736227096,EBL
2023-09-10,594.0,605.0,594.0,603.0,52133.0,31313554.7,0.02203389830508473,2.203389830508473,EBL
2023-09-11,610.0,626.0,605.0,620.3,92085.0,57115314.9,0.02868988391376437,2.868988391376437,EBL
2023-09-12,626.9,629.0,616.0,617.8,73335.0,45511841.2,-0.004030307915524722,-0.40303079155247223,EBL
2023-09-13,620.0,627.0,618.6,626.7,102504.0,63831797.8,0.01440595662026567,1.440595662026567,EBL
2023-09-17,614.2,614.2,585.5,586.1,211763.0,125456780.4,-0.06478378809637786,-6.4783788096377855,EBL
2023-09-18,581.0,586.0,578.0,583.0,62121.0,36082628.1,-0.0052891997952567715,-0.5289199795256772,EBL
2023-09-19,585.0,600.0,581.0,594.0,34573.0,20312786.8,0.018867924528301883,1.8867924528301883,EBL
2023-09-21,602.0,603.8,585.0,589.0,83801.0,49493125.3,-0.008417508417508435,-0.8417508417508435,EBL
2023-09-24,592.0,592.0,582.0,584.0,46852.0,27402124.5,-0.008488964346349714,-0.8488964346349714,EBL
2023-09-25,588.0,588.0,578.1,580.0,28395.0,16478822.4,-0.006849315068493178,-0.6849315068493178,EBL
2023-09-26,590.0,590.0,578.0,579.7,19577.0,11374607.5,-0.000517241379310307,-0.0517241379310307,EBL
2023-09-27,589.0,589.0,568.0,571.0,65895.0,37773174.8,-0.015007762635846245,-1.5007762635846245,EBL
2023-10-01,575.0,575.0,560.0,561.8,57462.0,32358609.6,-0.016112084063047316,-1.6112084063047316,EBL
2023-10-02,562.0,569.0,558.5,566.0,94297.0,53181287.0,0.007475970096119777,0.7475970096119777,EBL
2023-10-03,514.5,520.0,500.0,503.0,44579.0,22428610.3,-0.11130742049469966,-11.130742049469966,EBL
2023-10-04,500.1,507.9,495.0,496.0,24393.0,12158433.3,-0.013916500994035741,-1.391650099403574,EBL
2023-10-05,499.9,499.9,488.2,492.9,27263.0,13388558.0,-0.006250000000000089,-0.6250000000000089,EBL
2023-10-08,495.0,495.0,482.0,482.1,32361.0,15732753.1,-0.021911138161898824,-2.1911138161898824,EBL
2023-10-09,480.0,484.0,475.1,476.0,19740.0,9445879.2,-0.012652976560879492,-1.2652976560879492,EBL
2023-10-10,479.9,480.0,466.0,468.0,21938.0,10317913.0,-0.01680672268907568,-1.6806722689075682,EBL
2023-10-11,468.0,472.0,461.0,462.0,30223.0,14044596.8,-0.012820512820512775,-1.2820512820512775,EBL
2023-10-12,462.0,462.0,452.8,454.0,26989.0,12318010.5,-0.017316017316017285,-1.7316017316017285,EBL
2023-10-16,454.0,458.0,448.0,453.0,18964.0,8557752.0,-0.0022026431718061845,-0.22026431718061845,EBL
2023-10-17,450.0,459.5,450.0,459.0,23533.0,10740631.8,0.013245033112582849,1.324503311258285,EBL
2023-10-18,460.0,482.0,459.0,479.0,32405.0,15264148.6,0.04357298474945526,4.357298474945526,EBL
2023-10-19,479.0,490.0,471.0,483.9,26388.0,12798938.8,0.010229645093945638,1.0229645093945638,EBL
2023-10-29,492.9,492.9,468.0,471.0,6894.0,3254326.1,-0.026658400495970236,-2.6658400495970236,EBL
2023-10-30,469.0,471.0,465.1,469.7,10700.0,5002846.5,-0.0027600849256900206,-0.27600849256900206,EBL
2023-10-31,466.1,470.0,466.0,469.0,7682.0,3589267.0,-0.0014903129657227732,-0.14903129657227732,EBL
2023-11-01,470.0,470.0,465.0,468.0,10788.0,5038773.4,-0.002132196162046962,-0.2132196162046962,EBL
2023-11-02,468.0,468.0,460.0,462.0,9244.0,4272885.0,-0.012820512820512775,-1.2820512820512775,EBL
2023-11-05,460.0,462.0,452.0,455.0,15335.0,6980875.6,-0.015151515151515138,-1.5151515151515138,EBL
2023-11-06,463.0,467.0,453.0,455.0,15961.0,7358786.9,0.0,0.0,EBL
2023-11-07,463.0,467.0,455.0,457.0,15143.0,6926159.8,0.00439560439560438,0.439560439560438,EBL
2023-11-08,456.0,460.0,454.5,457.0,13856.0,6320427.2,0.0,0.0,EBL
2023-11-09,464.0,466.0,458.0,461.9,11683.0,5380383.5,0.01072210065645507,1.072210065645507,EBL
2023-11-20,465.0,470.0,465.0,467.9,10897.0,5084388.3,0.01298982463736742,1.298982463736742,EBL
2023-11-21,476.5,476.5,462.1,467.0,10693.0,4968434.9,-0.0019234879247701508,-0.19234879247701508,EBL
2023-11-22,461.0,467.0,458.2,466.2,10489.0,4867156.8,-0.0017130620985010836,-0.17130620985010836,EBL
2023-11-23,464.0,469.0,462.2,468.0,14263.0,6646334.5,0.0038610038610038533,0.38610038610038533,EBL
2023-11-26,470.0,480.4,466.2,480.0,16004.0,7595638.5,0.02564102564102555,2.564102564102555,EBL
2023-11-27,475.5,482.5,475.5,476.0,9327.0,4463866.5,-0.008333333333333304,-0.8333333333333304,EBL
2023-11-28,480.0,481.0,477.0,481.0,8487.0,4069526.6,0.010504201680672232,1.0504201680672232,EBL
2023-11-29,490.0,490.0,472.0,472.0,6581.0,3140856.3,-0.018711018711018657,-1.8711018711018657,EBL
2023-11-30,472.0,479.8,465.0,473.0,11470.0,5400847.8,0.0021186440677967155,0.21186440677967155,EBL
2023-12-03,475.0,475.0,464.0,471.9,9189.0,4294218.4,-0.0023255813953488857,-0.23255813953488857,EBL
2023-12-04,470.0,470.0,462.5,468.3,9791.0,4568992.9,-0.0076287349014620975,-0.7628734901462098,EBL
2023-12-05,465.2,470.0,465.1,470.0,6166.0,2876994.8,0.0036301516122143607,0.36301516122143607,EBL
2023-12-06,477.0,479.0,464.0,470.0,11956.0,5618300.3,0.0,0.0,EBL
2023-12-07,469.0,476.0,469.0,475.0,11647.0,5493346.1,0.010638297872340496,1.0638297872340496,EBL
2023-12-10,484.5,520.0,484.5,520.0,2993.0,1503427.0,0.09473684210526323,9.473684210526322,EBL
2023-12-11,528.0,530.0,502.0,503.8,62454.0,31902793.0,-0.031153846153846088,-3.1153846153846088,EBL
2023-12-12,513.8,513.8,504.0,511.5,60472.0,30723152.6,0.015283842794759694,1.5283842794759694,EBL
2023-12-13,512.0,520.0,511.5,518.0,30557.0,15780468.5,0.012707722385141729,1.2707722385141729,EBL
2023-12-14,519.0,530.0,518.0,523.0,42665.0,22278024.8,0.009652509652509744,0.9652509652509744,EBL
2023-12-17,517.0,523.9,513.1,522.3,39094.0,20340072.4,-0.0013384321223710582,-0.13384321223710582,EBL
2023-12-18,529.0,539.0,523.0,538.0,62981.0,33383158.6,0.03005935286233985,3.005935286233985,EBL
2023-12-19,538.0,548.0,535.0,546.0,49869.0,26998099.9,0.014869888475836479,1.486988847583648,EBL
2023-12-20,554.0,560.0,543.9,545.0,43879.0,24068783.2,-0.001831501831501825,-0.1831501831501825,EBL
2023-12-21,545.0,550.0,525.3,530.1,50049.0,26609086.9,-0.02733944954128431,-2.733944954128431,EBL
2023-12-24,530.1,530.1,518.2,521.0,28896.0,15151046.8,-0.017166572344840647,-1.7166572344840647,EBL
2023-12-27,531.0,531.0,507.0,509.0,31287.0,16051467.6,-0.02303262955854124,-2.303262955854124,EBL
2023-12-28,505.1,515.0,505.1,510.0,16733.0,8567889.0,0.0019646365422396617,0.19646365422396617,EBL
2024-01-01,509.0,518.0,509.0,512.0,21421.0,10966966.4,0.0039215686274509665,0.39215686274509665,EBL
2024-01-02,509.0,509.0,502.0,505.0,36344.0,18340281.7,-0.013671875,-1.3671875,EBL
2024-01-03,505.0,509.0,500.1,506.1,21410.0,10785420.9,0.00217821782178218,0.21782178217821802,EBL
2024-01-04,508.1,512.0,507.3,507.3,24409.0,12436345.5,0.002371072910491989,0.23710729104919892,EBL
2024-01-07,500.0,508.0,500.0,503.0,38894.0,19603781.4,-0.008476246796767173,-0.8476246796767173,EBL
2024-01-08,505.0,509.9,502.1,506.0,39068.0,19712210.2,0.005964214711729587,0.5964214711729587,EBL
2024-01-09,506.0,515.0,506.0,512.0,38285.0,19569601.8,0.011857707509881354,1.1857707509881354,EBL
2024-01-10,514.0,527.0,514.0,519.9,51897.0,27006969.6,0.015429687499999956,1.5429687499999956,EBL
2024-01-11,530.0,530.0,516.2,519.0,22910.0,11891909.0,-0.0017311021350259193,-0.17311021350259193,EBL
2024-01-14,525.0,525.7,516.0,524.0,40718.0,21226259.4,0.009633911368015502,0.9633911368015502,EBL
2024-01-16,524.0,530.5,480.0,530.0,33330.0,17408603.2,0.011450381679389388,1.1450381679389388,EBL
2024-01-17,520.3,551.8,520.3,531.0,80086.0,43147230.0,0.0018867924528302993,0.18867924528302993,EBL
2024-01-18,526.0,554.0,519.4,554.0,64489.0,34330284.5,0.043314500941619594,4.331450094161959,EBL
2024-01-21,555.0,555.0,526.0,526.0,96364.0,51397476.1,-0.05054151624548742,-5.054151624548742,EBL
2024-01-22,534.0,534.0,522.3,523.0,70924.0,37390553.1,-0.005703422053231932,-0.5703422053231932,EBL
2024-01-23,521.0,529.0,520.0,523.0,41319.0,21712178.7,0.0,0.0,EBL
2024-01-24,525.0,529.0,524.0,526.0,44433.0,23379213.0,0.005736137667303964,0.5736137667303964,EBL
2024-01-25,526.0,535.0,523.3,530.1,49908.0,26433321.5,0.0077946768060837,0.77946768060837,EBL
2024-01-28,532.0,538.1,532.0,537.8,55869.0,29867668.66,0.014525561214864924,1.4525561214864924,EBL
2024-01-29,537.1,544.0,532.0,542.8,60388.0,32665237.4,0.00929713648196362,0.9297136481963619,EBL
2024-01-30,549.5,549.5,537.0,540.0,39286.0,21332658.7,-0.005158437730287346,-0.5158437730287346,EBL
2024-01-31,540.0,540.0,530.0,534.0,47569.0,25387752.3,-0.011111111111111072,-1.1111111111111072,EBL
2024-02-01,530.0,539.0,526.0,527.0,39795.0,20984983.6,-0.01310861423220977,-1.310861423220977,EBL
2024-02-04,527.0,531.8,522.2,528.1,25855.0,13634866.4,0.0020872865275143315,0.20872865275143315,EBL
2024-02-05,535.0,535.0,525.0,528.0,24905.0,13142417.9,-0.00018935807612197042,-0.018935807612197042,EBL
2024-02-06,536.5,536.5,527.0,529.0,24504.0,12964263.3,0.0018939393939394478,0.18939393939394478,EBL
2024-02-07,539.5,539.5,530.0,533.9,22970.0,12240621.5,0.009262759924385522,0.9262759924385522,EBL
2024-02-08,529.0,534.0,525.0,527.5,20479.0,10834809.4,-0.011987263532496684,-1.1987263532496684,EBL
2024-02-11,530.0,532.0,521.4,521.4,21792.0,11451190.2,-0.011563981042654103,-1.1563981042654103,EBL
2024-02-12,522.0,525.0,521.6,525.0,27227.0,14228881.0,0.0069044879171462625,0.6904487917146263,EBL
2024-02-13,522.2,523.9,515.0,521.0,35056.0,18223799.3,-0.007619047619047636,-0.7619047619047636,EBL
2024-02-14,525.0,528.0,521.0,527.0,34100.0,17881931.8,0.011516314779270731,1.151631477927073,EBL
2024-02-15,522.1,528.0,519.1,522.0,11587.0,6044442.3,-0.009487666034155628,-0.9487666034155628,EBL
2024-02-18,522.0,522.0,517.0,519.0,22430.0,11657239.6,-0.005747126436781658,-0.5747126436781658,EBL
2024-02-20,519.0,524.7,511.0,518.0,13578.0,7054799.7,-0.0019267822736031004,-0.19267822736031004,EBL
2024-02-21,520.0,524.0,515.2,516.0,13463.0,6972477.1,-0.0038610038610038533,-0.38610038610038533,EBL
2024-02-22,515.0,519.3,511.2,512.3,14574.0,7492753.8,-0.007170542635658972,-0.7170542635658972,EBL
2024-02-25,512.0,512.0,498.5,499.0,49205.0,24672577.8,-0.025961350771032565,-2.5961350771032565,EBL
2024-02-26,499.0,508.0,499.0,502.0,19334.0,9740743.7,0.006012024048096087,0.6012024048096087,EBL
2024-02-27,498.0,512.0,498.0,510.0,17908.0,9046754.2,0.015936254980079667,1.5936254980079667,EBL
2024-02-28,510.0,510.0,500.0,502.4,18434.0,9251130.1,-0.014901960784313717,-1.4901960784313717,EBL
2024-02-29,495.0,509.9,495.0,499.1,18995.0,9494230.6,-0.00656847133757954,-0.656847133757954,EBL
2024-03-03,500.0,504.9,490.0,494.0,31759.0,15697269.0,-0.01021839310759376,-1.021839310759376,EBL
2024-03-04,503.8,524.0,503.8,524.0,30.0,15416.0,0.06072874493927127,6.072874493927127,EBL
2024-03-05,530.0,530.0,498.0,507.8,24249.0,12287658.3,-0.030916030534351102,-3.09160305343511,EBL
2024-03-06,517.0,517.0,502.2,509.0,23145.0,11731310.7,0.0023631350925561456,0.23631350925561456,EBL
2024-03-07,519.1,520.0,507.3,508.0,14957.0,7667599.7,-0.0019646365422396617,-0.19646365422396617,EBL
2024-03-10,515.0,515.0,510.0,513.9,11123.0,5707683.6,0.011614173228346347,1.1614173228346347,EBL
2024-03-12,524.1,528.0,515.0,526.0,27965.0,14650158.7,0.02354543685541932,2.354543685541932,EBL
2024-03-13,536.5,536.5,516.0,522.0,15620.0,8166200.1,-0.0076045627376425395,-0.760456273764254,EBL
2024-03-14,515.0,520.0,514.1,517.0,13637.0,7038977.0,-0.009578544061302652,-0.9578544061302652,EBL
2024-03-17,510.0,521.0,510.0,516.0,20016.0,10347538.4,-0.0019342359767892114,-0.19342359767892114,EBL
2024-03-18,516.5,520.0,515.9,517.0,24541.0,12690857.2,0.0019379844961240345,0.19379844961240345,EBL
2024-03-19,515.0,518.0,512.6,512.8,19048.0,9814513.2,-0.0081237911025146,-0.8123791102514599,EBL
2024-03-20,522.0,522.0,512.2,514.1,13640.0,7006231.0,0.002535101404056217,0.2535101404056217,EBL
2024-03-21,512.0,518.0,511.2,513.1,15525.0,7973915.1,-0.0019451468585878207,-0.19451468585878207,EBL
2024-03-25,510.0,511.0,502.3,503.0,29900.0,15124697.1,-0.019684272071720965,-1.9684272071720965,EBL
2024-03-26,505.0,509.0,503.4,506.3,16132.0,8156601.0,0.0065606361829027016,0.6560636182902702,EBL
2024-03-27,507.9,508.0,502.5,505.0,23873.0,12065071.1,-0.002567647639739268,-0.2567647639739268,EBL
2024-03-28,504.5,508.8,503.0,503.7,23558.0,11902101.6,-0.0025742574257425765,-0.25742574257425765,EBL
2024-03-31,510.0,510.0,498.0,500.0,29864.0,14954015.7,-0.007345642247369444,-0.7345642247369444,EBL
2024-04-01,498.0,503.0,494.0,496.0,28099.0,13940383.3,-0.008000000000000007,-0.8000000000000007,EBL
2024-04-02,498.1,500.0,492.0,497.0,33711.0,16707669.4,0.002016129032258007,0.20161290322580072,EBL
2024-04-03,497.0,506.0,490.5,494.0,39455.0,19507519.9,-0.006036217303822977,-0.6036217303822977,EBL
2024-04-04,493.0,496.0,490.6,493.0,35709.0,17581142.8,-0.002024291497975672,-0.2024291497975672,EBL
2024-04-07,493.0,500.0,487.3,500.0,17202.0,8486792.0,0.014198782961460488,1.4198782961460488,EBL
2024-04-09,510.0,510.0,500.0,503.9,12671.0,6378263.9,0.007800000000000029,0.7800000000000029,EBL
2024-04-10,502.0,505.0,500.2,505.0,20985.0,10564523.4,0.0021829728120659198,0.21829728120659198,EBL
2024-04-14,509.0,509.0,498.0,503.8,25363.0,12702920.8,-0.0023762376237623783,-0.23762376237623783,EBL
2024-04-15,504.7,504.7,498.2,500.0,16601.0,8304799.7,-0.007542675664946374,-0.7542675664946374,EBL
2024-04-16,495.3,500.0,495.3,497.0,10227.0,5084513.5,-0.006000000000000005,-0.6000000000000005,EBL
2024-04-18,505.0,505.0,494.0,497.0,7434.0,3683859.5,0.0,0.0,EBL
2024-04-21,505.0,508.0,499.5,506.0,18528.0,9288856.2,0.01810865191146882,1.810865191146882,EBL
2024-04-22,504.1,509.8,503.0,504.9,16174.0,8172307.5,-0.0021739130434783593,-0.21739130434783593,EBL
2024-04-24,501.1,506.0,501.1,505.9,13536.0,6827875.0,0.001980590215884259,0.19805902158842592,EBL
2024-04-25,505.9,505.9,500.0,505.0,10713.0,5378058.4,-0.0017790077090333867,-0.17790077090333867,EBL
2024-04-28,505.0,506.0,498.2,505.0,30043.0,15115216.2,0.0,0.0,EBL
2024-04-29,505.0,506.0,502.2,505.0,14002.0,7066278.8,0.0,0.0,EBL
2024-04-30,515.1,515.1,505.0,509.0,15772.0,8022171.0,0.007920792079207928,0.7920792079207928,EBL
2024-05-02,519.1,519.1,504.1,505.4,19183.0,9738021.6,-0.007072691552062915,-0.7072691552062915,EBL
2024-05-05,505.0,508.0,500.0,500.0,22588.0,11322451.1,-0.01068460625247325,-1.068460625247325,EBL
2024-05-06,503.0,503.0,492.1,497.9,28543.0,14203210.9,-0.0042000000000000925,-0.42000000000000925,EBL
2024-05-07,500.0,500.0,496.0,499.6,20651.0,10272531.7,0.0034143402289616986,0.34143402289616986,EBL
2024-05-08,498.0,505.0,496.0,502.0,9557.0,4766222.4,0.0048038430744594685,0.48038430744594685,EBL
2024-05-09,495.1,499.5,495.1,499.0,13206.0,6570079.5,-0.005976095617529875,-0.5976095617529875,EBL
2024-05-12,501.0,503.0,494.0,500.0,33282.0,16530723.2,0.002004008016031955,0.2004008016031955,EBL
2024-05-13,502.0,512.0,500.0,509.9,29128.0,14808771.3,0.01980000000000004,1.980000000000004,EBL
2024-05-14,519.8,519.8,508.0,511.0,23270.0,11884748.4,0.0021572857423024505,0.21572857423024505,EBL
2024-05-15,521.0,521.0,507.0,510.0,17063.0,8718329.0,-0.00195694716242667,-0.195694716242667,EBL
2024-05-16,505.0,512.0,502.5,512.0,21450.0,10878659.8,0.0039215686274509665,0.39215686274509665,EBL
2024-05-19,522.2,523.0,509.0,517.0,52012.0,26946255.4,0.009765625,0.9765625,EBL
2024-05-20,527.0,544.0,522.0,532.0,103898.0,55441818.0,0.029013539651837617,2.9013539651837617,EBL
2024-05-21,542.0,542.0,532.0,541.9,63560.0,34103675.7,0.018609022556390853,1.8609022556390853,EBL
2024-05-22,542.0,559.0,537.3,550.9,131084.0,72088351.4,0.016608230300793503,1.6608230300793503,EBL
2024-05-26,555.0,556.0,541.2,546.9,70491.0,38381831.1,-0.00726084588854603,-0.726084588854603,EBL
2024-05-27,550.0,550.0,538.5,540.0,53168.0,28872317.1,-0.012616566099835413,-1.2616566099835413,EBL
2024-05-29,549.9,549.9,528.3,529.0,37485.0,20042888.5,-0.020370370370370372,-2.037037037037037,EBL
2024-05-30,530.0,530.0,522.0,523.0,30166.0,15847861.5,-0.011342155009451793,-1.1342155009451793,EBL
2024-06-02,523.0,528.0,520.0,526.7,16905.0,8878713.5,0.007074569789675023,0.7074569789675023,EBL
2024-06-03,526.7,528.0,522.2,527.8,12259.0,6432326.0,0.0020884754129484318,0.20884754129484318,EBL
2024-06-04,524.3,530.5,524.3,530.5,31818.0,16815785.2,0.005115574081091312,0.5115574081091312,EBL
2024-06-05,520.0,531.0,520.0,528.9,17664.0,9316968.8,-0.003016022620169645,-0.3016022620169645,EBL
2024-06-06,528.1,528.1,521.2,528.0,27100.0,14214538.1,-0.001701644923425949,-0.1701644923425949,EBL
2024-06-09,538.5,538.5,525.0,527.0,25534.0,13439352.5,-0.0018939393939394478,-0.18939393939394478,EBL
2024-06-10,537.5,537.5,520.0,529.3,30420.0,15997255.0,0.00436432637571138,0.43643263757113804,EBL
2024-06-11,539.8,539.8,525.1,531.0,25098.0,13273245.0,0.003211789155488365,0.3211789155488365,EBL
2024-06-12,535.0,540.0,532.0,534.9,21639.0,11560724.5,0.007344632768361503,0.7344632768361503,EBL
2024-06-13,534.0,534.0,530.6,533.0,16504.0,8773604.9,-0.0035520658066927613,-0.35520658066927613,EBL
2024-06-16,532.9,532.9,526.1,530.0,18004.0,9529925.0,-0.0056285178236398226,-0.5628517823639823,EBL
2024-06-18,527.0,532.0,525.0,531.7,11520.0,6077191.1,0.00320754716981142,0.320754716981142,EBL
2024-06-19,530.0,530.0,525.0,528.9,21637.0,11400438.4,-0.005266127515516361,-0.5266127515516361,EBL
2024-06-20,539.4,539.4,526.0,528.0,15835.0,8352031.0,-0.001701644923425949,-0.1701644923425949,EBL
2024-06-23,529.0,529.0,521.2,521.9,28362.0,14851906.1,-0.011553030303030343,-1.1553030303030343,EBL
2024-06-24,528.0,528.0,520.1,522.9,22845.0,11935178.7,0.0019160758766048058,0.19160758766048058,EBL
2024-06-25,520.6,528.5,520.6,526.0,9844.0,5151778.9,0.005928475807993827,0.5928475807993827,EBL
2024-06-26,526.0,529.0,520.0,524.0,25334.0,13234113.5,-0.0038022813688213253,-0.38022813688213253,EBL
2024-06-27,523.0,523.0,518.1,520.9,11467.0,5962863.4,-0.005916030534351191,-0.5916030534351191,EBL
2024-06-30,519.0,519.0,517.1,518.0,15540.0,8043607.2,-0.005567287387214348,-0.5567287387214348,EBL
2024-07-01,518.0,519.0,511.0,519.0,15298.0,7893793.3,0.0019305019305020377,0.19305019305020377,EBL
2024-07-02,529.0,570.0,529.0,537.0,34288.0,18309805.1,0.034682080924855585,3.4682080924855585,EBL
2024-07-03,530.0,538.0,526.4,538.0,23887.0,12769048.1,0.0018621973929235924,0.18621973929235924,EBL
2024-07-04,540.0,544.2,536.0,542.0,44284.0,23951723.8,0.0074349442379182396,0.743494423791824,EBL
2024-07-07,542.0,545.0,538.2,541.0,33158.0,17920911.6,-0.0018450184501844769,-0.18450184501844769,EBL
2024-07-08,542.0,542.0,535.5,537.8,23102.0,12435441.0,-0.00591497227356752,-0.591497227356752,EBL
2024-07-09,535.1,540.0,534.2,540.0,16393.0,8816785.4,0.004090740052064001,0.40907400520640014,EBL
2024-07-10,540.1,548.7,540.0,548.0,40800.0,22225041.2,0.014814814814814836,1.4814814814814836,EBL
2024-07-11,550.0,556.0,547.7,553.0,83055.0,45801283.8,0.009124087591240837,0.9124087591240837,EBL
2024-07-14,564.0,575.0,558.2,568.0,59158.0,33452481.5,0.027124773960216952,2.7124773960216952,EBL
2024-07-15,569.0,575.0,552.0,560.0,96569.0,54287810.3,-0.014084507042253502,-1.4084507042253502,EBL
2024-07-16,556.0,573.0,556.0,572.9,44666.0,25398862.3,0.02303571428571427,2.303571428571427,EBL
2024-07-17,575.0,590.0,571.0,587.2,102276.0,59510657.4,0.024960726130214717,2.4960726130214717,EBL
2024-07-18,592.0,618.0,587.3,610.0,162266.0,98190875.6,0.038828337874659224,3.8828337874659224,EBL
2024-07-21,610.0,621.0,598.0,614.8,131301.0,80690451.9,0.007868852459016251,0.7868852459016251,EBL
2024-07-22,615.4,617.0,600.0,607.5,102363.0,62242706.1,-0.011873780091086417,-1.1873780091086417,EBL
2024-07-23,615.0,615.0,603.0,615.0,133980.0,81629736.7,0.012345679012345734,1.2345679012345734,EBL
2024-07-24,616.0,620.0,600.0,610.0,216469.0,131673903.0,-0.008130081300813052,-0.8130081300813052,EBL
2024-07-25,619.0,619.0,600.1,616.9,159802.0,97351671.5,0.011311475409836014,1.1311475409836014,EBL
2024-07-28,629.2,678.5,629.2,678.5,368776.0,247003455.1,0.09985410925595728,9.985410925595728,EBL
2024-07-29,692.0,700.0,660.0,664.0,332829.0,222965607.5,-0.021370670596904895,-2.1370670596904895,EBL
2024-07-30,668.0,670.0,650.0,665.0,182913.0,120471044.5,0.001506024096385561,0.1506024096385561,EBL
2024-07-31,668.9,681.8,665.0,677.0,228076.0,153996608.8,0.018045112781954975,1.8045112781954975,EBL
2024-08-01,688.0,688.0,670.0,670.1,278830.0,187664028.4,-0.010192023633677993,-1.0192023633677993,EBL
2024-08-05,683.5,707.0,683.0,687.9,285021.0,196760238.2,0.026563199522459335,2.6563199522459335,EBL
2024-08-06,690.0,700.5,670.0,673.0,401087.0,274852605.2,-0.02166012501817116,-2.166012501817116,EBL
2024-08-07,673.0,686.0,660.0,682.8,268169.0,181566795.0,0.014561664190193113,1.4561664190193113,EBL
2024-08-08,690.0,695.0,675.0,682.0,125871.0,85903143.1,-0.0011716461628586972,-0.11716461628586972,EBL
2024-08-11,690.0,695.0,679.0,692.5,243151.0,167139092.0,0.015395894428152479,1.539589442815248,EBL
2024-08-12,693.0,705.5,690.3,703.0,232675.0,162896768.0,0.015162454873646203,1.5162454873646203,EBL
2024-08-13,705.0,714.9,698.0,703.0,162399.0,114577416.1,0.0,0.0,EBL
2024-08-14,717.0,717.0,700.0,703.0,152919.0,107467289.5,0.0,0.0,EBL
2024-08-15,717.0,720.0,700.0,713.6,239159.0,170719982.2,0.015078236130867673,1.5078236130867673,EBL
2024-08-18,720.0,740.0,716.1,727.0,399125.0,292158791.6,0.018778026905829526,1.8778026905829526,EBL
2024-08-21,725.0,778.5,725.0,770.0,603337.0,450962578.5,0.05914718019257226,5.914718019257226,EBL
2024-08-22,778.0,790.0,762.2,766.0,180780.0,140090072.9,-0.0051948051948051965,-0.5194805194805197,EBL
2024-08-25,766.0,767.0,737.0,747.0,267998.0,200619824.2,-0.024804177545691863,-2.4804177545691863,EBL
2024-08-27,761.9,761.9,725.0,726.5,268339.0,196426467.4,-0.027443105756358777,-2.7443105756358777,EBL
2024-08-28,741.0,761.0,727.2,745.0,292685.0,218535182.9,0.025464556090846635,2.5464556090846635,EBL
2024-08-29,757.5,757.5,726.0,740.0,135538.0,99595680.1,-0.006711409395973145,-0.6711409395973145,EBL
2024-09-01,744.0,744.0,722.0,727.0,148373.0,108266631.1,-0.01756756756756761,-1.756756756756761,EBL
2024-09-02,712.5,745.0,712.5,744.6,127354.0,93458785.5,0.024209078404401785,2.4209078404401785,EBL
2024-09-03,749.0,755.0,732.0,733.1,78177.0,57885965.6,-0.01544453397797474,-1.544453397797474,EBL
2024-09-04,747.7,747.7,719.4,723.9,78623.0,56966185.6,-0.012549447551493675,-1.2549447551493675,EBL
2024-09-05,724.0,728.0,712.0,720.0,77907.0,55915953.0,-0.005387484459179359,-0.5387484459179359,EBL
2024-09-08,720.0,720.0,690.1,691.9,202281.0,141983238.8,-0.03902777777777777,-3.9027777777777772,EBL
2024-09-09,691.9,692.0,675.0,692.0,117152.0,79741354.6,0.00014452955629429276,0.014452955629429276,EBL
2024-09-10,705.8,705.8,684.0,684.5,78940.0,54618643.7,-0.010838150289017356,-1.0838150289017356,EBL
2024-09-11,685.0,697.0,680.0,681.0,51121.0,35119076.5,-0.0051132213294375894,-0.511322132943759,EBL
2024-09-12,678.0,709.0,678.0,705.0,145952.0,100397869.0,0.03524229074889873,3.524229074889873,EBL
2024-09-15,719.1,720.0,697.1,699.0,127628.0,90821836.1,-0.008510638297872353,-0.8510638297872353,EBL
2024-09-16,686.0,711.0,686.0,709.0,158207.0,111143004.6,0.014306151645207432,1.4306151645207432,EBL
2024-09-18,709.0,709.0,694.0,703.0,83610.0,58756400.6,-0.008462623413258097,-0.8462623413258097,EBL
2024-09-22,717.0,717.0,700.0,705.0,82020.0,57836525.8,0.002844950213371167,0.2844950213371167,EBL
2024-09-23,719.0,719.0,694.5,695.0,132220.0,92363464.4,-0.014184397163120588,-1.4184397163120588,EBL
2024-09-24,631.0,640.0,608.0,609.9,76756.0,47239273.5,-0.1224460431654677,-12.24460431654677,EBL
2024-09-25,609.0,610.0,580.8,600.0,55644.0,33139856.9,-0.016232169208066805,-1.6232169208066805,EBL
2024-09-26,600.0,608.0,590.1,598.0,37015.0,22102810.4,-0.0033333333333332993,-0.33333333333332993,EBL
2024-09-29,598.0,598.9,567.0,594.0,56411.0,32918140.3,-0.006688963210702337,-0.6688963210702337,EBL
2024-09-30,592.9,593.0,585.0,585.0,26247.0,15460318.0,-0.015151515151515138,-1.5151515151515138,EBL
2024-10-01,586.1,615.0,586.0,615.0,64523.0,38814437.2,0.05128205128205132,5.128205128205132,EBL
2024-10-02,615.0,619.9,597.0,603.0,48804.0,29474484.3,-0.019512195121951237,-1.9512195121951237,EBL
2024-10-06,603.0,606.0,595.0,603.0,52529.0,31597627.8,0.0,0.0,EBL
2024-10-07,614.9,620.0,605.0,612.7,56336.0,34546423.19,0.016086235489220613,1.6086235489220613,EBL
2024-10-08,610.0,614.8,607.0,613.5,18457.0,11289017.0,0.0013056960992328115,0.13056960992328115,EBL
2024-10-09,611.0,618.0,611.0,613.1,26956.0,16516422.7,-0.0006519967400162585,-0.06519967400162585,EBL
2024-10-15,624.9,624.9,613.2,615.0,13521.0,8323702.5,0.0030990050562713645,0.30990050562713645,EBL
2024-10-16,620.1,621.0,617.0,619.9,25136.0,15564153.7,0.007967479674796607,0.7967479674796607,EBL
2024-10-17,621.0,625.0,615.0,615.0,28695.0,17817708.2,-0.007904500725923524,-0.7904500725923524,EBL
2024-10-20,615.0,620.1,604.0,614.4,32048.0,19620183.8,-0.0009756097560975618,-0.09756097560975618,EBL
2024-10-21,614.0,615.0,602.2,606.1,32950.0,20073362.3,-0.01350911458333326,-1.350911458333326,EBL
2024-10-22,605.0,615.0,595.0,600.0,28351.0,17007407.8,-0.010064345817521914,-1.0064345817521914,EBL
2024-10-23,612.0,630.0,604.0,605.0,36074.0,22093603.6,0.008333333333333304,0.8333333333333304,EBL
2024-10-24,600.0,605.0,598.1,601.5,18233.0,10968484.0,-0.005785123966942196,-0.5785123966942196,EBL
2024-10-27,613.5,613.5,594.0,598.0,20191.0,12100451.6,-0.005818786367414841,-0.5818786367414841,EBL
2024-10-28,596.0,601.9,594.0,599.0,17693.0,10604543.3,0.0016722408026756952,0.16722408026756952,EBL
2024-10-29,599.0,606.0,595.0,599.9,25344.0,15190087.0,0.001502504173622743,0.1502504173622743,EBL
2024-10-30,600.0,608.9,596.1,603.9,28118.0,16907350.4,0.006667777962993782,0.6667777962993782,EBL
2024-11-05,603.9,606.0,600.0,602.0,19454.0,11729129.6,-0.003146216260970336,-0.3146216260970336,EBL
2024-11-06,602.0,604.0,599.0,600.0,19443.0,11674000.0,-0.0033222591362126463,-0.33222591362126463,EBL
2024-11-10,608.0,608.0,599.0,607.9,29331.0,17719587.5,0.013166666666666549,1.3166666666666549,EBL
2024-11-11,618.0,620.0,602.0,619.0,54227.0,33377681.1,0.018259582168119737,1.8259582168119737,EBL
2024-11-12,620.0,628.0,616.0,619.4,67171.0,41754358.0,0.0006462035541194844,0.06462035541194844,EBL
2024-11-13,610.1,624.2,607.3,610.0,29750.0,18173270.6,-0.01517597675169513,-1.517597675169513,EBL
2024-11-14,622.2,622.2,607.5,614.0,32660.0,19934677.6,0.006557377049180246,0.6557377049180246,EBL
2024-11-17,623.0,623.0,607.1,608.0,21975.0,13456171.3,-0.009771986970684043,-0.9771986970684043,EBL
2024-11-19,605.0,619.0,600.3,605.0,29344.0,17704964.1,-0.004934210526315819,-0.49342105263158187,EBL
2024-11-20,615.0,615.0,599.9,609.9,49133.0,29718478.2,0.00809917355371903,0.809917355371903,EBL
2024-11-21,620.0,620.0,605.1,607.0,38133.0,23191994.9,-0.0047548778488276655,-0.47548778488276655,EBL
2024-11-24,607.0,610.0,605.0,605.0,42888.0,25979735.3,-0.0032948929159802853,-0.32948929159802853,EBL
2024-11-25,605.0,609.0,598.0,609.0,23699.0,14258896.2,0.006611570247933907,0.6611570247933907,EBL
2024-11-26,621.1,621.1,599.0,611.9,32033.0,19393029.5,0.004761904761904745,0.4761904761904745,EBL
2024-11-27,618.0,618.0,604.0,615.0,35525.0,21763969.6,0.005066187285504231,0.5066187285504231,EBL
2024-11-28,615.0,615.0,606.5,610.0,28630.0,17481087.6,-0.008130081300813052,-0.8130081300813052,EBL
2024-12-01,622.2,622.2,600.0,605.6,70606.0,42778500.0,-0.00721311475409836,-0.721311475409836,EBL
2024-12-02,610.0,610.0,600.0,603.5,42293.0,25470392.6,-0.0034676354029062884,-0.34676354029062884,EBL
2024-12-03,608.0,608.5,598.0,605.9,38721.0,23257735.0,0.003976801988401002,0.3976801988401002,EBL
2024-12-04,618.0,618.0,599.0,607.0,46471.0,27959888.6,0.001815481102492189,0.1815481102492189,EBL
2024-12-05,601.0,601.0,591.0,594.0,42910.0,25582392.9,-0.021416803953871466,-2.1416803953871466,EBL
2024-12-08,588.0,593.0,583.0,589.0,46027.0,26946495.4,-0.008417508417508435,-0.8417508417508435,EBL
2024-12-09,585.0,590.0,580.2,590.0,15252.0,8924598.1,0.001697792869269854,0.1697792869269854,EBL
2024-12-10,592.9,592.9,580.1,583.0,26101.0,15214324.0,-0.011864406779661052,-1.1864406779661052,EBL
2024-12-11,582.1,599.9,581.0,599.9,18246.0,10717164.7,0.02898799313893652,2.898799313893652,EBL
2024-12-12,610.0,610.0,591.0,596.0,15579.0,9256591.9,-0.0065010835139189815,-0.6501083513918982,EBL
2024-12-16,596.0,600.0,585.3,591.0,17474.0,10293751.8,-0.008389261744966459,-0.8389261744966459,EBL
2024-12-17,586.0,589.0,585.1,588.5,14339.0,8417189.0,-0.004230118443316444,-0.4230118443316444,EBL
2024-12-18,590.0,598.9,588.0,588.0,25395.0,14995925.7,-0.000849617672047609,-0.0849617672047609,EBL
2024-12-19,586.0,596.8,585.0,590.0,29508.0,17362437.0,0.00340136054421758,0.340136054421758,EBL
2024-12-22,578.2,594.0,578.2,585.0,18426.0,10777614.9,-0.008474576271186418,-0.8474576271186418,EBL
2024-12-23,582.0,585.0,580.5,583.0,18544.0,10805970.4,-0.0034188034188034067,-0.34188034188034067,EBL
2024-12-24,583.0,589.9,578.0,580.0,34253.0,19966376.9,-0.005145797598627766,-0.5145797598627766,EBL
2024-12-26,580.0,589.0,576.1,584.9,49421.0,28715288.8,0.008448275862068977,0.8448275862068977,EBL
2024-12-29,585.0,589.9,580.0,583.0,16501.0,9639114.4,-0.0032484185330825532,-0.3248418533082553,EBL
2024-12-31,583.0,584.0,575.0,581.0,20593.0,11908327.5,-0.0034305317324184736,-0.34305317324184736,EBL
2025-01-01,580.0,585.0,576.1,580.0,25089.0,14565680.4,-0.0017211703958691649,-0.1721170395869165,EBL
2025-01-02,584.9,584.9,578.0,578.0,24063.0,13933825.8,-0.0034482758620689724,-0.34482758620689724,EBL
2025-01-05,570.0,581.4,570.0,580.0,14606.0,8438335.4,0.0034602076124568004,0.34602076124568004,EBL
2025-01-06,577.0,585.9,577.0,582.4,25081.0,14622292.5,0.004137931034482678,0.4137931034482678,EBL
2025-01-07,581.0,587.1,581.0,586.9,10458.0,6120302.8,0.007726648351648269,0.7726648351648269,EBL
2025-01-08,590.0,590.8,585.0,590.8,44501.0,26156066.0,0.006645084341455165,0.6645084341455165,EBL
2025-01-09,585.0,593.0,585.0,593.0,37569.0,22171009.7,0.003723764387271622,0.3723764387271622,EBL
2025-01-12,593.0,595.0,580.0,585.0,40709.0,23794084.8,-0.013490725126475533,-1.3490725126475533,EBL
2025-01-13,581.0,585.0,577.0,581.0,80641.0,46699423.15,-0.006837606837606813,-0.6837606837606813,EBL
2025-01-15,580.0,584.9,573.0,579.8,20262.0,11693403.7,-0.002065404475043109,-0.2065404475043109,EBL
2025-01-16,580.0,580.0,573.0,575.0,24867.0,14272236.2,-0.008278716798896135,-0.8278716798896135,EBL
2025-01-19,575.0,585.0,575.0,585.0,24033.0,13910171.4,0.017391304347825987,1.7391304347825987,EBL
2025-01-20,596.0,602.0,589.9,595.0,69678.0,41618813.5,0.017094017094017033,1.7094017094017033,EBL
2025-01-21,600.0,600.0,595.0,599.9,26141.0,15658444.8,0.008235294117647118,0.8235294117647118,EBL
2025-01-22,600.0,601.9,595.0,598.0,71138.0,42606811.2,-0.0031671945324219797,-0.31671945324219797,EBL
2025-01-23,602.0,605.0,597.0,598.5,24168.0,14484863.2,0.0008361204013378476,0.08361204013378476,EBL
2025-01-26,610.0,610.0,595.0,597.9,30725.0,18376481.6,-0.001002506265664227,-0.1002506265664227,EBL
2025-01-27,593.0,600.0,591.0,595.0,29637.0,17593168.5,-0.004850309416290277,-0.4850309416290277,EBL
2025-01-28,600.0,603.0,588.0,600.0,37856.0,22614874.9,0.008403361344537785,0.8403361344537785,EBL
2025-02-02,610.0,610.0,597.0,606.9,78560.0,47523018.2,0.011500000000000066,1.1500000000000066,EBL
2025-02-03,607.0,617.0,605.0,607.7,80963.0,49444435.9,0.0013181743285550773,0.13181743285550773,EBL
2025-02-04,604.0,610.0,604.0,607.0,73140.0,44307324.7,-0.0011518841533652013,-0.11518841533652013,EBL
2025-02-05,609.0,610.0,605.5,607.0,23873.0,14488713.2,0.0,0.0,EBL
2025-02-06,610.0,617.0,602.0,610.0,32409.0,19749780.2,0.0049423393739702615,0.49423393739702615,EBL
2025-02-09,597.8,617.0,597.8,609.6,30934.0,18769585.5,-0.0006557377049180024,-0.06557377049180024,EBL
2025-02-10,614.0,614.0,605.0,607.0,24854.0,15072827.4,-0.00426509186351709,-0.426509186351709,EBL
2025-02-11,601.0,607.0,601.0,606.9,24574.0,14849618.5,-0.00016474464579907533,-0.016474464579907533,EBL
2025-02-12,614.8,614.8,602.6,608.0,56933.0,34387010.6,0.0018124897017630648,0.18124897017630648,EBL
2025-02-13,600.0,614.0,600.0,605.8,30351.0,18309650.5,-0.0036184210526316596,-0.36184210526316596,EBL
2025-02-16,600.0,613.0,600.0,610.0,55609.0,33821455.8,0.0069329811819083265,0.6932981181908326,EBL
2025-02-17,622.2,622.2,612.0,615.2,49733.0,30630347.1,0.008524590163934587,0.8524590163934587,EBL
2025-02-18,627.5,627.5,612.1,614.9,54109.0,33311921.9,-0.0004876462938883108,-0.04876462938883108,EBL
2025-02-20,603.1,615.0,603.1,612.0,32772.0,20012266.2,-0.004716214018539611,-0.47162140185396106,EBL
2025-02-23,608.0,614.5,600.0,613.0,40047.0,24450663.4,0.0016339869281045694,0.16339869281045694,EBL
2025-02-24,600.8,617.7,600.8,613.5,41361.0,25427526.1,0.0008156606851550396,0.08156606851550396,EBL
2025-02-25,614.2,622.9,614.2,620.5,41994.0,26016878.2,0.01140994295028519,1.140994295028519,EBL
2025-02-27,632.9,650.0,626.6,632.5,109188.0,68919529.8,0.01933924254633368,1.933924254633368,EBL
2025-03-02,620.0,645.1,620.0,642.3,45742.0,29304807.8,0.015494071146245014,1.5494071146245014,EBL
2025-03-03,650.0,650.0,633.5,638.0,106700.0,68287347.0,-0.006694690954382576,-0.6694690954382576,EBL
2025-03-04,638.0,645.0,629.2,632.0,69964.0,44402975.8,-0.009404388714733591,-0.9404388714733591,EBL
2025-03-05,630.1,630.1,621.5,628.0,36721.0,22919687.6,-0.006329113924050667,-0.6329113924050667,EBL
2025-03-06,620.2,629.8,620.2,628.0,17938.0,11237641.9,0.0,0.0,EBL
2025-03-09,640.5,640.5,614.1,618.0,38930.0,24219041.4,-0.015923566878980888,-1.5923566878980888,EBL
2025-03-10,629.9,630.0,615.3,621.8,28345.0,17561733.5,0.00614886731391584,0.614886731391584,EBL
2025-03-11,613.0,623.0,613.0,616.5,30722.0,18967251.6,-0.008523641042135655,-0.8523641042135655,EBL
2025-03-12,611.0,620.0,611.0,619.0,23025.0,14204540.9,0.0040551500405514584,0.40551500405514584,EBL
2025-03-16,615.0,617.8,611.0,616.0,24283.0,14901469.3,-0.004846526655896577,-0.4846526655896577,EBL
2025-03-17,613.0,615.0,605.2,614.2,52962.0,32276149.7,-0.0029220779220778814,-0.29220779220778814,EBL
2025-03-18,612.0,614.8,611.1,613.0,17747.0,10875626.0,-0.0019537609899056285,-0.19537609899056285,EBL
2025-03-19,614.0,614.5,608.0,608.0,29380.0,17972428.3,-0.00815660685154973,-0.815660685154973,EBL
2025-03-20,607.0,611.0,605.2,609.36,33163.0,20192100.8,0.0022368421052632037,0.22368421052632037,EBL
2025-03-23,616.0,616.0,600.0,600.37,31931.0,19283962.4,-0.014753183668110847,-1.4753183668110847,EBL
2025-03-24,600.0,605.0,594.5,603.09,29752.0,17894104.4,0.004530539500641417,0.45305395006414173,EBL
2025-03-25,615.1,615.1,594.0,600.38,40323.0,24206190.1,-0.004493525012850497,-0.44935250128504967,EBL
2025-03-26,602.0,605.0,600.0,603.17,24908.0,14993887.0,0.004647056863986032,0.4647056863986032,EBL
2025-03-27,615.2,615.2,600.0,606.65,24595.0,14882117.1,0.005769517714740546,0.5769517714740546,EBL
2025-03-30,600.0,612.0,600.0,606.96,23081.0,14060613.7,0.000511003049534331,0.051100304953433096,EBL
2025-04-01,609.8,609.8,600.0,600.63,25463.0,15336466.9,-0.010429023329379228,-1.0429023329379228,EBL
2025-04-02,612.6,612.6,600.0,603.49,21179.0,12760546.9,0.004761666916404561,0.4761666916404561,EBL
2025-04-03,612.0,612.0,603.1,605.34,30596.0,18563893.5,0.0030655023281247473,0.30655023281247473,EBL
2025-04-07,600.0,607.0,600.0,605.24,15546.0,9401850.5,-0.0001651964185417354,-0.01651964185417354,EBL
2025-04-08,603.0,608.0,600.1,606.1,29286.0,17693288.8,0.0014209239310025712,0.14209239310025712,EBL
2025-04-09,618.0,618.0,605.0,606.58,19337.0,11764294.4,0.0007919485233460755,0.07919485233460755,EBL
2025-04-10,615.0,615.0,606.0,607.73,27045.0,16438829.4,0.0018958752349236274,0.18958752349236274,EBL
2025-04-13,608.0,612.1,605.2,606.1,17905.0,10881102.1,-0.002682112122159519,-0.2682112122159519,EBL
2025-04-15,618.0,618.0,608.0,609.08,22581.0,13766269.9,0.004916680415772978,0.4916680415772978,EBL
2025-04-16,620.0,620.0,608.2,613.88,27536.0,16873480.5,0.007880738162474588,0.7880738162474588,EBL
2025-04-17,617.8,622.0,612.1,619.09,42936.0,26516521.4,0.008487000716752569,0.8487000716752569,EBL
2025-04-20,631.0,631.0,620.0,625.05,63635.0,39759228.7,0.009627033226186743,0.9627033226186743,EBL
2025-04-21,629.5,635.0,622.1,631.11,74610.0,47109574.0,0.009695224382049616,0.9695224382049616,EBL
2025-04-22,632.1,635.0,628.0,631.09,40770.0,25766246.7,-3.1690196637623735e-05,-0.0031690196637623735,EBL
2025-04-23,627.0,635.0,622.0,622.59,84744.0,52930189.2,-0.013468760398675284,-1.3468760398675284,EBL
2025-04-24,617.5,624.0,613.0,620.63,46983.0,28979129.6,-0.003148139224851132,-0.3148139224851132,EBL
2025-04-27,618.1,633.0,617.0,620.26,56202.0,34820918.6,-0.0005961684095193709,-0.05961684095193709,EBL
2025-04-28,617.1,623.8,617.0,618.16,19785.0,12254537.5,-0.003385676974172136,-0.3385676974172136,EBL
2025-04-29,621.0,621.0,614.0,615.95,31861.0,19654189.8,-0.0035751261809239265,-0.35751261809239265,EBL
2025-04-30,616.0,620.0,610.0,612.63,20918.0,12829007.1,-0.005390047893497951,-0.5390047893497951,EBL
2025-05-04,612.0,620.0,610.0,615.22,50212.0,30840349.0,0.004227674126307868,0.42276741263078677,EBL
2025-05-05,620.0,620.0,612.1,614.65,12087.0,7420320.7,-0.0009264978381717803,-0.09264978381717803,EBL
2025-05-06,614.0,617.0,612.0,614.4,22290.0,13677452.6,-0.00040673554055148387,-0.040673554055148387,EBL
2025-05-07,611.0,622.8,611.0,622.28,29172.0,18014639.7,0.012825520833333437,1.2825520833333437,EBL
2025-05-08,616.0,627.8,616.0,618.51,22411.0,13894880.7,-0.006058366008870553,-0.6058366008870553,EBL
2025-05-11,620.0,625.0,615.1,618.83,23793.0,14724763.7,0.0005173723949492004,0.05173723949492004,EBL
2025-05-13,621.0,629.0,614.5,615.86,35938.0,22211967.0,-0.004799379474169085,-0.47993794741690854,EBL
2025-05-14,626.9,626.9,612.0,613.82,21135.0,12989873.0,-0.0033124411392199127,-0.33124411392199127,EBL
2025-05-15,614.1,616.0,610.1,612.4,27168.0,16636243.8,-0.0023133817731583184,-0.23133817731583184,EBL
2025-05-18,614.0,624.0,610.0,615.4,24672.0,15182034.1,0.004898758981058071,0.4898758981058071,EBL
2025-05-19,623.6,625.0,618.0,623.15,35072.0,21812806.4,0.012593435164120814,1.2593435164120814,EBL
2025-05-20,620.0,630.0,616.5,629.31,45118.0,28108814.3,0.009885260370697146,0.9885260370697146,EBL
2025-05-21,635.0,654.6,634.0,635.51,111269.0,70902895.4,0.00985206019290974,0.985206019290974,EBL
2025-05-22,640.0,651.8,636.0,642.19,96434.0,62097711.5,0.010511242938742171,1.0511242938742171,EBL
2025-05-25,645.0,655.0,638.0,643.02,116943.0,75350517.4,0.0012924523894797257,0.12924523894797257,EBL
2025-05-26,655.8,660.0,647.0,650.47,220971.0,144191269.0,0.01158595378059779,1.158595378059779,EBL
2025-05-27,650.0,658.0,645.0,654.3,98118.0,63906085.4,0.005888050179101212,0.5888050179101212,EBL
2025-05-28,654.0,665.0,643.0,663.48,157427.0,103637169.7,0.014030261348005668,1.4030261348005668,EBL
2025-06-02,676.0,676.0,666.0,668.89,214147.0,143395190.5,0.008153976005305319,0.8153976005305319,EBL
2025-06-03,666.0,668.9,655.1,655.3,163337.0,107698922.8,-0.02031724199793694,-2.031724199793694,EBL
2025-06-04,642.2,663.0,642.2,646.68,46542.0,30129177.8,-0.013154280482221892,-1.3154280482221892,EBL
2025-06-05,654.0,654.0,645.0,653.07,75653.0,49207362.3,0.009881239562071098,0.9881239562071098,EBL
2025-06-08,658.0,658.0,640.0,643.3,72849.0,47057796.7,-0.01496011147350218,-1.496011147350218,EBL
2025-06-09,654.0,654.0,636.7,645.89,53276.0,34363239.2,0.00402611534276387,0.40261153427638696,EBL
2025-06-10,655.0,655.0,640.3,650.66,97899.0,63499416.4,0.0073851584635153955,0.7385158463515396,EBL
2025-06-11,650.0,659.1,640.5,645.42,44857.0,28971183.5,-0.008053361202471354,-0.8053361202471354,EBL
2025-06-12,656.0,656.0,638.0,638.86,44323.0,28387339.5,-0.01016392426636914,-1.016392426636914,EBL
2025-06-15,627.0,647.0,627.0,635.54,72617.0,46362238.4,-0.005196756722912754,-0.5196756722912754,EBL
2025-06-16,632.1,640.5,632.1,636.26,63380.0,40362170.7,0.0011328948610631606,0.11328948610631606,EBL
2025-06-17,643.5,645.0,638.0,639.58,87898.0,56285809.6,0.005217992644516389,0.5217992644516389,EBL
2025-06-18,640.0,641.0,635.4,637.73,35645.0,22771114.2,-0.0028925232183620864,-0.28925232183620864,EBL
2025-06-19,635.0,640.0,634.0,636.45,30898.0,19690564.2,-0.002007119000203783,-0.2007119000203783,EBL
2025-06-22,635.0,638.0,627.3,627.82,55635.0,35131814.4,-0.013559588341582218,-1.3559588341582218,EBL
2025-06-23,625.0,636.0,625.0,634.42,22703.0,14371690.3,0.010512567296358633,1.0512567296358633,EBL
2025-06-24,642.0,642.0,632.1,635.34,28965.0,18443525.0,0.0014501434381011258,0.14501434381011258,EBL
2025-06-25,636.0,638.0,631.0,635.28,38444.0,24336493.3,-9.443762394945043e-05,-0.009443762394945043,EBL
2025-06-26,635.0,637.0,634.0,635.17,28083.0,17834016.9,-0.00017315199597034425,-0.017315199597034425,EBL
2025-06-29,640.0,645.0,636.1,643.87,22263.0,14253815.9,0.01369712045594107,1.369712045594107,EBL
2025-06-30,650.0,650.0,635.0,642.5,22403.0,14385231.5,-0.0021277587090562378,-0.21277587090562378,EBL
2025-07-01,642.5,647.9,640.1,643.42,29297.0,18815603.3,0.0014319066147858717,0.14319066147858717,EBL
2025-07-02,645.1,651.0,644.1,649.79,43324.0,28026889.2,0.009900220695657547,0.9900220695657547,EBL
2025-07-03,645.1,662.9,640.3,656.82,100633.0,65824785.4,0.010818879945828863,1.0818879945828863,EBL
2025-07-06,655.0,662.8,648.0,659.61,73221.0,48122376.9,0.004247739106604476,0.42477391066044756,EBL
2025-07-07,664.8,666.0,653.0,655.14,118386.0,78175719.8,-0.006776731705098515,-0.6776731705098515,EBL
2025-07-08,667.9,667.9,652.0,657.54,78838.0,51808586.8,0.003663339133620269,0.3663339133620269,EBL
2025-07-09,665.0,665.0,656.0,660.66,64837.0,42820684.3,0.004744958481613271,0.47449584816132706,EBL
2025-07-10,666.0,678.0,660.8,670.29,108835.0,72895371.8,0.014576332758150956,1.4576332758150956,EBL
2025-07-13,683.6,704.0,680.0,700.22,358057.0,248585581.5,0.04465231466976993,4.465231466976993,EBL
2025-07-14,700.0,700.0,682.0,689.66,116806.0,80290585.7,-0.015080974550855553,-1.5080974550855553,EBL
2025-07-15,688.0,696.0,683.0,694.53,80041.0,55235389.4,0.007061450569846084,0.7061450569846084,EBL
2025-07-16,705.0,707.9,692.1,701.56,380520.0,265780976.0,0.010121952975393311,1.0121952975393311,EBL
2025-07-17,702.0,735.0,695.0,730.96,231952.0,166604695.9,0.041906608130452216,4.190660813045222,EBL
2025-07-20,735.0,747.0,725.1,735.33,283091.0,209195095.0,0.0059784393126847135,0.5978439312684714,EBL
2025-07-21,722.0,750.0,722.0,745.19,283558.0,209983681.0,0.013408945643452519,1.340894564345252,EBL
2025-07-22,745.0,775.0,745.0,763.92,283754.0,215831624.8,0.025134529448865184,2.5134529448865184,EBL
2025-07-23,770.0,770.0,750.0,764.84,292455.0,221828784.2,0.001204314587915034,0.12043145879150341,EBL
2025-07-24,766.0,766.0,745.1,756.72,264650.0,199156713.3,-0.010616599550232753,-1.0616599550232753,EBL
2025-07-27,756.0,760.0,742.0,744.89,366891.0,274786215.7,-0.015633259329738913,-1.5633259329738913,EBL
2025-07-28,750.0,750.0,728.0,736.35,205878.0,151162154.9,-0.011464780034635913,-1.1464780034635913,EBL
2025-07-29,740.0,750.0,734.0,736.48,173450.0,128289147.6,0.00017654647925580136,0.017654647925580136,EBL
2025-07-30,749.9,749.9,719.0,722.16,125621.0,91433913.2,-0.019443840973278337,-1.9443840973278337,EBL
2025-07-31,715.0,729.3,713.0,717.09,156655.0,112588247.3,-0.007020604852110202,-0.7020604852110202,EBL
2025-08-03,731.4,731.4,710.1,711.01,98110.0,70049148.4,-0.008478712574432778,-0.8478712574432778,EBL
2025-08-04,715.0,719.9,700.0,716.91,109388.0,77693168.2,0.008298054879678274,0.8298054879678274,EBL
2025-08-05,725.0,725.0,705.0,710.14,81510.0,58069861.8,-0.009443305296341187,-0.9443305296341187,EBL
2025-08-06,703.8,713.9,703.8,705.66,46603.0,33000320.6,-0.0063086152026361475,-0.6308615202636148,EBL
2025-08-07,701.0,717.0,701.0,707.57,71174.0,50495190.6,0.002706685939404263,0.2706685939404263,EBL
2025-08-11,721.0,735.5,708.0,709.53,196948.0,140969023.3,0.0027700439532483134,0.27700439532483134,EBL
2025-08-12,715.0,718.0,701.1,709.49,143996.0,101772278.7,-5.63753470607109e-05,-0.00563753470607109,EBL
2025-08-13,714.0,719.0,712.0,715.14,79983.0,57222944.8,0.007963466715527945,0.7963466715527945,EBL
2025-08-14,722.0,722.0,714.0,715.69,84348.0,60566064.3,0.0007690801801047975,0.07690801801047975,EBL
2025-08-17,722.0,725.0,710.4,719.87,108739.0,78129292.0,0.005840517542511359,0.5840517542511359,EBL
2025-08-18,724.9,730.0,718.3,725.71,83163.0,60266060.4,0.008112575881756401,0.8112575881756401,EBL
2025-08-19,730.0,736.0,721.0,734.54,77985.0,57151302.7,0.012167394689338584,1.2167394689338584,EBL
2025-08-20,739.5,741.0,728.0,739.14,130752.0,96462190.0,0.006262422740763052,0.6262422740763052,EBL
2025-08-21,740.0,750.0,735.9,747.77,170311.0,126693728.7,0.011675731255242683,1.1675731255242683,EBL
2025-08-24,748.0,754.0,729.0,732.96,104700.0,77188872.4,-0.01980555518408056,-1.9805555184080559,EBL
2025-08-25,738.9,753.0,722.0,742.98,108125.0,79972344.7,0.013670595939751173,1.3670595939751173,EBL
2025-08-26,754.0,754.0,734.0,748.45,110366.0,82556555.7,0.007362243936579693,0.7362243936579693,EBL
2025-08-27,749.0,753.0,746.2,751.56,95651.0,71777378.9,0.0041552541919966934,0.41552541919966934,EBL
2025-08-28,745.0,755.0,745.0,747.67,80293.0,60081358.7,-0.0051759007930172185,-0.5175900793017219,EBL
2025-08-31,746.1,754.0,740.1,751.71,169668.0,127118094.4,0.00540345339521453,0.540345339521453,EBL
2025-09-01,766.7,777.0,747.1,765.33,319582.0,244488803.6,0.01811868938819483,1.811868938819483,EBL
2025-09-02,780.6,780.6,760.0,761.41,79636.0,60946260.9,-0.005121973527759338,-0.5121973527759338,EBL
2025-09-03,760.0,762.0,748.2,750.39,74732.0,56279892.4,-0.01447314850080772,-1.447314850080772,EBL
2025-09-04,744.0,753.9,737.0,741.06,125233.0,93152532.8,-0.012433534562027782,-1.2433534562027782,EBL
2025-09-07,742.0,742.0,715.0,723.88,307228.0,221592043.7,-0.023183008123498716,-2.3183008123498716,EBL
2025-09-08,724.0,724.0,703.9,711.56,90889.0,64872426.3,-0.017019395479913824,-1.7019395479913824,EBL
2025-09-18,698.0,698.0,656.6,671.1,17943.0,11976122.4,-0.056860981505424624,-5.686098150542462,EBL
2025-09-21,672.0,717.0,671.0,704.96,200039.0,139831095.9,0.050454477723141045,5.0454477723141045,EBL
2025-09-23,705.0,719.0,701.1,712.0,48632.0,34611223.2,0.009986382206082611,0.9986382206082611,EBL
2025-09-24,712.0,720.0,708.3,710.0,55779.0,39804810.6,-0.002808988764044895,-0.2808988764044895,EBL
2025-09-25,705.0,716.0,702.0,714.8,21113.0,14992798.6,0.006760563380281637,0.6760563380281637,EBL
2025-09-28,715.0,722.0,713.0,720.0,27218.0,19556486.7,0.007274762171236793,0.7274762171236793,EBL
2025-10-07,724.0,724.0,710.0,720.0,89590.0,64430158.6,0.0,0.0,EBL
2025-10-08,720.0,720.0,710.6,710.6,79337.0,56635364.5,-0.013055555555555487,-1.3055555555555487,EBL
2025-10-09,724.8,738.0,716.0,717.0,195074.0,140544859.4,0.009006473402758175,0.9006473402758175,EBL
2025-10-12,670.0,672.0,650.0,652.0,149895.0,98216465.7,-0.09065550906555087,-9.065550906555087,EBL
2025-10-13,665.0,665.0,632.0,642.0,58961.0,37830211.9,-0.015337423312883458,-1.5337423312883458,EBL
2025-10-14,643.0,649.9,636.0,639.0,30565.0,19522076.0,-0.004672897196261627,-0.4672897196261627,EBL
2025-10-15,643.9,643.9,634.0,637.0,32284.0,20568992.3,-0.003129890453834161,-0.3129890453834161,EBL
2025-10-16,636.0,642.0,630.0,640.1,49689.0,31556507.2,0.004866562009419262,0.4866562009419262,EBL
2025-10-19,628.0,639.0,628.0,631.0,27253.0,17292111.8,-0.014216528667395756,-1.4216528667395756,EBL
2025-10-26,620.0,632.0,620.0,624.9,26398.0,16441978.0,-0.00966719492868462,-0.9667194928684619,EBL
2025-10-28,627.0,632.3,620.0,630.0,20842.0,13107009.5,0.008161305808929376,0.8161305808929376,EBL
2025-10-29,633.0,633.0,625.0,625.0,12086.0,7598478.2,-0.007936507936507908,-0.7936507936507908,EBL
2025-10-30,620.5,629.8,619.0,625.0,28412.0,17708937.1,0.0,0.0,EBL
2025-11-02,637.5,637.5,623.0,630.1,26776.0,16892055.4,0.008159999999999945,0.8159999999999945,EBL
2025-11-03,636.0,639.0,624.0,633.0,23526.0,14886368.4,0.0046024440564989,0.46024440564989,EBL
2025-11-04,635.0,635.0,629.5,631.0,18856.0,11898079.1,-0.003159557661927326,-0.3159557661927326,EBL
2025-11-05,628.0,634.5,628.0,628.2,24430.0,15390983.9,-0.004437400950871528,-0.44374009508715284,EBL
2025-11-06,625.0,636.0,623.0,623.0,31406.0,19682467.4,-0.008277618592804958,-0.8277618592804958,EBL
2025-11-09,630.0,632.0,625.1,628.5,22341.0,14050848.1,0.00882825040128421,0.882825040128421,EBL
2025-11-10,631.1,641.0,631.0,633.0,23731.0,15070136.6,0.007159904534606243,0.7159904534606243,EBL
2025-11-11,638.0,639.0,631.0,633.3,20058.0,12731658.6,0.0004739336492889379,0.04739336492889379,EBL
2025-11-12,635.0,639.0,630.1,634.0,38337.0,24278381.9,0.001105321332701692,0.1105321332701692,EBL
2025-11-13,638.0,638.0,630.0,631.0,23821.0,15042049.7,-0.004731861198738141,-0.4731861198738141,EBL
2025-11-16,631.0,636.0,630.0,632.0,17606.0,11115576.9,0.0015847860538826808,0.15847860538826808,EBL
2025-11-17,633.0,636.0,633.0,635.0,15079.0,9581046.9,0.004746835443038,0.4746835443038,EBL
2025-11-18,636.1,646.0,636.0,640.0,25395.0,16251685.6,0.007874015748031482,0.7874015748031482,EBL
2025-11-19,647.0,647.0,637.7,638.0,11554.0,7386288.5,-0.0031250000000000444,-0.31250000000000444,EBL
2025-11-20,639.0,647.0,635.0,640.0,17958.0,11457506.2,0.0031347962382444194,0.31347962382444194,EBL
2025-11-23,644.0,652.0,639.0,651.9,29228.0,18881348.0,0.018593749999999964,1.8593749999999964,EBL
2025-11-24,656.0,656.0,649.3,651.2,18874.0,12295955.3,-0.0010737843227487387,-0.10737843227487387,EBL
2025-11-25,651.2,659.7,646.0,657.0,21721.0,14209699.1,0.008906633906633932,0.8906633906633932,EBL
2025-11-26,662.0,662.8,649.0,660.0,26943.0,17754091.2,0.004566210045662045,0.45662100456620447,EBL
2025-11-27,653.0,665.0,653.0,661.0,30238.0,20001645.0,0.0015151515151514694,0.15151515151514694,EBL
2025-11-30,664.5,666.0,654.0,654.0,36295.0,23955932.4,-0.010590015128593033,-1.0590015128593033,EBL
2025-12-01,654.0,655.0,641.0,650.0,12453.0,8104921.5,-0.006116207951070374,-0.6116207951070374,EBL
2025-12-02,650.1,655.0,643.0,643.0,28724.0,18628020.1,-0.010769230769230753,-1.0769230769230753,EBL
2025-12-03,655.7,655.7,641.0,644.0,19833.0,12782474.6,0.0015552099533437946,0.15552099533437946,EBL
2025-12-07,652.1,652.1,639.0,641.0,31463.0,20264366.1,-0.004658385093167738,-0.46583850931677384,EBL
2025-12-08,641.0,648.0,637.9,638.0,21169.0,13525690.8,-0.004680187207488307,-0.46801872074883066,EBL
2025-12-09,640.0,645.0,640.0,640.0,7879.0,5055910.4,0.0031347962382444194,0.31347962382444194,EBL
2025-12-10,641.0,642.0,639.5,641.0,21558.0,13808023.7,0.0015624999999999112,0.15624999999999112,EBL
2025-12-11,637.0,646.0,637.0,646.0,12652.0,8127465.4,0.007800312012480548,0.7800312012480548,EBL
2025-12-14,654.3,654.3,644.1,645.1,43589.0,28159670.6,-0.0013931888544891358,-0.13931888544891358,EBL
2025-12-15,645.1,648.0,643.3,646.2,20581.0,13283418.6,0.0017051619903891702,0.17051619903891702,EBL
2025-12-16,649.0,652.9,645.1,650.6,16393.0,10670736.8,0.006809037449705846,0.6809037449705846,EBL
2025-12-17,663.0,663.0,651.0,653.1,18564.0,12200369.0,0.0038426068244696854,0.38426068244696854,EBL
2025-12-18,657.6,657.6,651.3,655.0,9793.0,6396233.3,0.0029092022661154626,0.29092022661154626,EBL
2025-12-21,653.0,660.0,647.1,652.0,20227.0,13233405.5,-0.004580152671755711,-0.45801526717557106,EBL
2025-12-22,647.0,652.0,645.0,646.5,19469.0,12591215.5,-0.008435582822085896,-0.8435582822085896,EBL
2025-12-23,646.5,651.0,643.5,650.0,13059.0,8460965.0,0.005413766434648082,0.5413766434648082,EBL
2025-12-24,650.0,650.0,641.1,647.3,20691.0,13406050.9,-0.004153846153846175,-0.41538461538461746,EBL
2025-12-28,650.0,655.0,648.2,654.0,32533.0,21185209.2,0.010350687471033515,1.0350687471033515,EBL
2025-12-29,660.0,663.9,655.3,657.5,23830.0,15706268.5,0.005351681957186605,0.5351681957186605,EBL
2025-12-31,657.2,664.0,657.1,663.0,24223.0,16036012.6,0.008365019011406849,0.8365019011406849,EBL
2026-01-01,660.1,661.5,652.0,652.0,15716.0,10318718.2,-0.016591251885369585,-1.6591251885369585,EBL
2026-01-04,652.0,653.0,645.0,650.0,17855.0,11625066.6,-0.0030674846625766694,-0.30674846625766694,EBL
2026-01-05,649.0,660.0,645.0,654.0,28075.0,18264142.4,0.006153846153846176,0.6153846153846176,EBL
2026-01-06,663.0,663.0,654.0,656.0,19136.0,12591664.0,0.003058103975535076,0.3058103975535076,EBL
2026-01-07,654.1,662.0,652.0,658.0,32918.0,21654361.3,0.0030487804878047697,0.304878048780477,EBL
2026-01-08,653.0,664.0,653.0,661.0,24336.0,16017783.1,0.004559270516717229,0.45592705167172287,EBL
2026-01-12,660.0,664.8,658.0,660.4,24488.0,16189460.4,-0.0009077155824508409,-0.0907715582450841,EBL
2026-01-13,665.0,665.0,660.0,661.0,9271.0,6136938.0,0.0009085402786190855,0.09085402786190855,EBL
2026-01-14,661.0,665.0,658.0,660.0,26659.0,17620601.8,-0.001512859304084735,-0.1512859304084735,EBL
2026-01-18,660.5,667.0,660.0,665.2,27585.0,18338376.8,0.00787878787878804,0.787878787878804,EBL
2026-01-20,665.0,682.0,665.0,677.0,35963.0,24352280.6,0.017739025856885027,1.7739025856885027,EBL
2026-01-21,678.1,680.0,671.0,673.0,13721.0,9236861.1,-0.005908419497784312,-0.5908419497784312,EBL
2026-01-22,668.0,675.0,668.0,671.0,19126.0,12853004.6,-0.002971768202080227,-0.2971768202080227,EBL
2026-01-25,671.0,683.5,670.1,674.0,42047.0,28265125.4,0.0044709388971684305,0.44709388971684305,EBL
2026-01-26,674.0,677.6,671.2,677.3,44613.0,30119185.7,0.0048961424332343295,0.48961424332343295,EBL
2026-01-27,672.0,676.9,670.3,670.3,38432.0,25870689.1,-0.010335154289089044,-1.0335154289089044,EBL
2026-01-28,683.0,683.0,670.0,674.0,49392.0,33185392.6,0.005519916455318574,0.5519916455318574,EBL
2026-01-29,675.0,679.0,673.0,673.3,34896.0,23573674.1,-0.001038575667655861,-0.1038575667655861,EBL
2026-02-01,675.0,675.0,668.0,668.5,19118.0,12794895.9,-0.007129065795336342,-0.7129065795336342,EBL
2026-02-02,655.2,670.0,655.2,668.2,24631.0,16452521.3,-0.000448765893792058,-0.0448765893792058,EBL
2026-02-03,666.0,670.0,665.0,665.2,52815.0,35199251.5,-0.0044896737503741235,-0.44896737503741235,EBL
2026-02-04,652.0,675.0,652.0,670.0,46049.0,30858117.0,0.007215874924834553,0.7215874924834553,EBL
2026-02-05,664.0,671.0,664.0,669.0,35537.0,23784389.8,-0.0014925373134327957,-0.14925373134327957,EBL
2026-02-08,666.0,680.0,665.0,670.0,55470.0,37377711.1,0.001494768310911887,0.1494768310911887,EBL
2026-02-09,670.0,672.0,665.1,670.0,57712.0,38626196.3,0.0,0.0,EBL
2026-02-10,670.0,670.0,664.6,664.6,26651.0,17752096.0,-0.008059701492537319,-0.8059701492537319,EBL
2026-02-11,665.0,674.0,665.0,666.1,29808.0,19911270.7,0.002256996689738111,0.2256996689738111,EBL
2026-02-12,670.0,670.0,664.0,666.4,24688.0,16471999.4,0.0004503828254014408,0.04503828254014408,EBL
2026-02-16,675.0,677.9,665.1,668.5,50722.0,34076513.0,0.0031512605042016695,0.31512605042016695,EBL
2026-02-17,668.0,672.0,665.4,665.5,14184.0,9462436.7,-0.004487658937920691,-0.4487658937920691,EBL
2026-02-22,668.0,668.0,663.2,664.4,30370.0,20185118.7,-0.0016528925619835322,-0.16528925619835322,EBL
2026-02-23,664.0,668.0,664.0,664.5,18319.0,12185048.5,0.0001505117399156486,0.015051173991564859,EBL
2026-02-24,672.0,672.0,664.4,667.9,16952.0,11278052.2,0.00511662904439425,0.511662904439425,EBL
2026-02-25,671.0,672.0,665.0,670.0,35579.0,23830988.3,0.003144183260967326,0.3144183260967326,EBL
2026-02-26,680.0,683.0,668.0,672.5,28856.0,19473388.6,0.003731343283582156,0.3731343283582156,EBL
2026-03-01,673.0,675.0,668.0,673.9,39292.0,26446189.8,0.0020817843866169916,0.20817843866169916,EBL
2026-03-03,680.0,680.0,671.0,679.0,28577.0,19349946.8,0.007567888410743517,0.7567888410743517,EBL
2026-03-09,692.0,705.8,692.0,705.8,110.0,76258.0,0.03946980854197335,3.946980854197335,EBL
2026-03-10,719.9,734.0,705.9,711.0,94294.0,67056043.2,0.007367526211391473,0.7367526211391473,EBL
2026-03-11,711.0,716.0,700.0,700.0,79166.0,56096467.3,-0.015471167369901506,-1.5471167369901506,EBL
2026-03-12,700.0,710.0,699.0,706.0,36695.0,25910437.0,0.008571428571428674,0.8571428571428674,EBL
2026-03-15,719.0,719.0,707.0,709.0,30323.0,21522072.3,0.004249291784702569,0.4249291784702569,EBL
2026-03-16,695.0,708.0,695.0,707.8,29192.0,20609658.4,-0.001692524682651686,-0.1692524682651686,EBL
2026-03-17,706.0,709.9,702.0,706.0,25254.0,17795906.7,-0.002543091268719877,-0.2543091268719877,EBL
2026-03-19,706.0,716.5,704.0,714.0,51308.0,36471065.1,0.011331444759206777,1.1331444759206777,EBL
2026-03-22,718.0,719.9,714.0,717.8,84538.0,60565457.0,0.005322128851540597,0.5322128851540597,EBL
2026-03-23,718.0,718.0,708.0,712.0,75760.0,53841506.5,-0.00808024519364714,-0.808024519364714,EBL
2026-03-24,712.2,716.9,705.3,715.9,53258.0,37981757.5,0.005477528089887551,0.5477528089887551,EBL
2026-03-25,730.2,730.2,713.0,714.0,34018.0,24315040.3,-0.0026540019555804095,-0.26540019555804095,EBL
2026-03-26,714.0,714.0,706.0,712.0,47685.0,33904116.5,-0.0028011204481792618,-0.2801120448179262,EBL
2026-03-29,726.2,726.2,705.1,706.1,50416.0,35725254.6,-0.008286516853932557,-0.8286516853932557,EBL
2026-03-30,701.2,714.9,700.0,705.0,50802.0,35773951.7,-0.0015578529953265141,-0.1557852995326514,EBL
2026-03-31,710.0,710.0,691.2,702.0,49835.0,34852894.3,-0.004255319148936176,-0.42553191489361764,EBL
2026-04-01,700.0,706.0,692.1,697.0,50636.0,35326675.7,-0.007122507122507171,-0.7122507122507171,EBL
2026-04-02,691.0,700.0,685.6,692.5,37489.0,26062460.1,-0.0064562410329985775,-0.6456241032998578,EBL
2026-04-05,690.0,692.0,680.0,681.0,80444.0,54997263.6,-0.016606498194945862,-1.6606498194945862,EBL
2026-04-06,681.0,698.2,675.0,693.9,30269.0,20942644.6,0.018942731277532987,1.8942731277532987,EBL
2026-04-07,706.0,706.0,692.0,695.0,28459.0,19833869.4,0.0015852428303790855,0.15852428303790855,EBL
2026-04-08,708.9,708.9,689.0,699.9,51964.0,36135080.5,0.007050359712230225,0.7050359712230225,EBL
2026-04-09,700.0,701.9,694.0,700.0,41712.0,29169688.5,0.00014287755393627144,0.014287755393627144,EBL
2026-04-10,707.8,707.9,697.1,699.0,25439.0,17807316.8,-0.0014285714285714457,-0.14285714285714457,EBL
2026-04-13,711.0,711.0,688.1,698.0,42065.0,29434408.3,-0.0014306151645206988,-0.14306151645206988,EBL
2026-04-15,705.0,705.0,693.1,700.0,30581.0,21404120.4,0.002865329512893977,0.2865329512893977,EBL
2026-04-16,695.0,701.6,695.0,699.0,41898.0,29300645.5,-0.0014285714285714457,-0.14285714285714457,EBL
2026-04-17,701.0,703.8,697.0,701.0,35324.0,24714356.5,0.0028612303290413976,0.28612303290413976,EBL
2026-04-20,703.0,703.9,695.0,700.0,17988.0,12581518.8,-0.0014265335235378318,-0.14265335235378318,EBL
2026-04-21,696.0,704.0,690.2,699.0,24389.0,17063336.9,-0.0014285714285714457,-0.14285714285714457,EBL
2026-04-22,695.0,703.0,694.0,697.5,43628.0,30416823.0,-0.0021459227467811592,-0.21459227467811592,EBL
2026-04-23,697.0,703.0,690.0,692.0,31308.0,21726540.4,-0.007885304659498216,-0.7885304659498216,EBL
2026-04-24,687.0,695.0,682.0,693.6,26222.0,18134293.8,0.0023121387283238093,0.23121387283238093,EBL
2026-04-27,693.6,700.0,694.0,698.0,21090.0,14695732.0,0.006343713956170616,0.6343713956170616,EBL
2026-04-28,698.0,702.0,697.0,698.1,14240.0,9954215.6,0.00014326647564466555,0.014326647564466555,EBL
2026-04-29,698.1,700.0,696.0,697.6,18065.0,12602192.6,-0.0007162297665090911,-0.07162297665090911,EBL
2026-04-30,698.0,698.8,691.5,697.0,20626.0,14315130.9,-0.0008600917431192956,-0.08600917431192956,EBL
2026-05-04,700.0,701.0,686.0,695.0,21835.0,15097484.4,-0.0028694404591105283,-0.2869440459110528,EBL
2026-05-05,695.0,699.0,685.3,695.0,15589.0,10827762.6,0.0,0.0,EBL
2026-05-06,694.5,701.0,694.5,699.0,18466.0,12871750.6,0.0057553956834532904,0.575539568345329,EBL
2026-05-07,710.0,720.0,699.0,701.0,21603.0,15246467.2,0.0028612303290413976,0.28612303290413976,EBL
2026-05-08,700.0,705.8,699.0,702.1,20871.0,14672326.4,0.0015691868758915817,0.15691868758915817,EBL
2026-05-11,718.0,718.0,702.0,706.0,27421.0,19308078.2,0.005554764278592694,0.5554764278592694,EBL
2026-05-12,720.0,720.0,705.1,706.0,23334.0,16516106.0,0.0,0.0,EBL
2026-05-13,708.0,708.0,699.0,704.2,25413.0,17827122.7,-0.0025495750708214304,-0.25495750708214304,EBL
2026-05-14,705.0,705.0,700.0,703.0,16988.0,11931287.0,-0.0017040613462084853,-0.17040613462084853,EBL
2026-05-15,703.0,708.0,700.0,703.9,25550.0,17929041.8,0.0012802275960170917,0.12802275960170917,EBL
2026-05-18,711.5,711.5,702.5,705.5,15615.0,10998034.6,0.002273050149169009,0.22730501491690092,EBL
2026-05-19,715.0,715.9,701.5,705.0,25302.0,17816653.5,-0.0007087172218285254,-0.07087172218285254,EBL
2026-05-20,701.6,708.5,701.6,707.1,20775.0,14693434.1,0.0029787234042553123,0.29787234042553123,EBL
2026-05-21,708.0,713.0,706.0,709.8,22369.0,15838674.1,0.0038184132371656965,0.38184132371656965,EBL
2026-05-22,705.0,712.0,705.0,710.0,13673.0,9713470.6,0.00028176951253877647,0.028176951253877647,EBL
2026-05-25,719.9,719.9,710.0,711.0,34410.0,24478932.5,0.0014084507042253502,0.14084507042253502,EBL
2026-05-26,719.0,719.0,710.0,712.6,21211.0,15102779.9,0.0022503516174403604,0.22503516174403604,EBL
2026-05-27,714.0,714.8,710.0,712.0,23103.0,16455940.9,-0.0008419870895313153,-0.08419870895313153,EBL
2026-06-01,715.0,715.0,707.5,709.5,15926.0,11321002.6,-0.0035112359550562022,-0.3511235955056202,EBL
2026-06-02,709.0,713.0,707.0,708.0,16729.0,11875708.5,-0.0021141649048626032,-0.21141649048626032,EBL
2026-06-03,709.0,710.0,703.0,709.5,33402.0,23610292.6,0.0021186440677967155,0.21186440677967155,EBL
2026-06-04,714.9,714.9,706.0,709.0,17746.0,12601581.7,-0.0007047216349541641,-0.0704721634954164,EBL
2026-06-05,709.0,711.0,706.0,709.4,23119.0,16380847.5,0.0005641748942171176,0.056417489421711764,EBL
2026-06-08,710.0,710.0,705.0,705.0,31398.0,22191509.4,-0.006202424584155541,-0.6202424584155541,EBL
2026-06-09,706.0,709.4,703.1,704.5,34807.0,24525499.8,-0.0007092198581559739,-0.07092198581559739,EBL
2026-06-10,705.0,712.0,704.0,705.0,11211.0,7910895.9,0.0007097232079489313,0.07097232079489313,EBL
2026-06-11,705.5,706.0,698.0,702.0,34885.0,24482011.2,-0.004255319148936176,-0.42553191489361764,EBL
2026-06-12,704.0,704.0,696.0,699.9,22381.0,15653310.3,-0.002991452991452981,-0.2991452991452981,EBL
2026-06-15,709.0,709.0,697.0,698.0,26134.0,18250490.0,-0.0027146735247892684,-0.27146735247892684,EBL
2026-06-16,699.8,717.0,696.0,696.1,35104.0,24621591.8,-0.0027220630372492005,-0.27220630372492005,EBL
2026-06-17,698.0,699.9,695.0,697.0,23597.0,16422209.6,0.0012929176842406687,0.12929176842406687,EBL
2026-06-18,695.0,701.0,695.0,695.6,37630.0,26247369.0,-0.002008608321377281,-0.2008608321377281,EBL
2026-06-19,670.0,699.5,670.0,695.0,51877.0,36113318.5,-0.0008625646923519081,-0.08625646923519081,EBL
2026-06-22,729.7,729.7,694.0,697.0,48925.0,34151096.8,0.0028776978417266452,0.2877697841726645,EBL
2026-06-23,700.0,735.0,695.0,699.9,92815.0,64924145.3,0.004160688665710177,0.4160688665710177,EBL
2026-06-24,699.0,699.0,695.0,699.0,33095.0,23070512.8,-0.001285897985426443,-0.1285897985426443,EBL
2026-06-25,696.3,705.0,696.0,699.0,102686.0,71586175.3,0.0,0.0,EBL
2026-06-26,701.5,701.5,696.3,700.0,20087.0,14033509.9,0.0014306151645206988,0.14306151645206988,EBL
2026-06-29,700.0,700.0,695.0,698.0,22267.0,15520316.9,-0.0028571428571428914,-0.28571428571428914,EBL
2026-06-30,700.0,700.0,692.0,694.0,28812.0,20022485.4,-0.005730659025787954,-0.5730659025787954,EBL
2026-07-01,699.9,700.0,690.0,694.0,25799.0,17885500.5,0.0,0.0,EBL
2026-07-02,695.6,710.0,690.1,704.0,96493.0,67356149.1,0.014409221902017322,1.4409221902017322,EBL
2026-07-03,704.0,709.0,700.0,700.0,14095.0,9905065.6,-0.005681818181818232,-0.5681818181818232,EBL
2026-07-06,702.0,703.0,695.0,696.0,34303.0,23922401.0,-0.005714285714285672,-0.5714285714285672,EBL
2026-07-07,700.0,719.0,696.0,707.0,117031.0,82218404.7,0.015804597701149392,1.5804597701149392,EBL
2026-07-08,707.0,707.0,695.0,698.1,19412.0,13543851.9,-0.012588401697312568,-1.2588401697312568,EBL
2026-07-09,700.0,701.0,697.0,697.0,12059.0,8424632.4,-0.0015757054863200226,-0.15757054863200226,EBL
2026-07-10,705.0,705.0,695.0,695.0,34233.0,23872406.1,-0.0028694404591105283,-0.2869440459110528,EBL
2026-07-13,695.1,702.0,693.3,694.0,49185.0,34184776.0,-0.0014388489208633226,-0.14388489208633226,EBL
2026-07-14,695.0,697.0,690.3,692.6,44101.0,30607375.8,-0.002017291066282345,-0.2017291066282345,EBL
2026-07-15,700.0,700.0,692.0,693.1,58660.0,40722563.0,0.0007219174126480432,0.07219174126480432,EBL
2026-07-16,697.0,700.0,694.0,695.0,33249.0,23146112.3,0.0027413071706823278,0.2741307170682328,EBL
2026-07-17,703.5,719.0,703.0,718.0,25601.0,18211601.4,0.03309352517985609,3.3093525179856087,EBL
2026-07-20,720.0,727.0,711.1,717.5,39264.0,28240661.3,-0.0006963788300835549,-0.0696378830083555,EBL
2026-07-21,718.1,735.0,718.1,720.5,34312.0,24757512.9,0.004181184668989646,0.4181184668989646,EBL
2026-07-22,720.0,725.0,717.0,718.0,12550.0,9026616.9,-0.003469812630117919,-0.3469812630117919,EBL
2026-07-23,753.0,753.0,712.1,719.0,21235.0,15236226.1,0.0013927576601671099,0.139275766016711,EBL
2026-07-24,725.0,725.5,720.0,724.0,84744.0,61356791.4,0.006954102920723182,0.6954102920723182,EBL
2026-07-27,732.9,732.9,720.0,726.0,58133.0,42328424.4,0.0027624309392264568,0.2762430939226457,EBL
2026-07-28,726.0,728.0,717.5,725.0,23527.0,17018016.8,-0.0013774104683195176,-0.13774104683195176,EBL
2026-07-29,725.0,730.0,720.0,727.0,27058.0,19639347.6,0.0027586206896552667,0.2758620689655267,EBL
2026-07-30,727.0,727.0,721.0,724.0,10486.0,7579527.9,-0.004126547455295726,-0.4126547455295726,EBL
2026-07-31,725.0,730.4,720.0,728.6,29334.0,21369714.5,0.00635359116022105,0.635359116022105,EBL
2026-08-03,728.6,735.0,728.1,730.0,29414.0,21509003.3,0.0019214932747735336,0.19214932747735336,EBL
2026-08-04,730.0,732.9,726.0,729.0,14377.0,10482272.1,-0.00136986301369868,-0.136986301369868,EBL
2026-08-05,729.0,734.0,727.2,730.0,34151.0,24928829.6,0.00137174211248281,0.137174211248281,EBL
2026-08-06,730.0,733.0,725.0,725.0,27393.0,19987387.2,-0.006849315068493178,-0.6849315068493178,EBL
2026-08-07,734.0,734.0,720.0,723.0,23131.0,16724044.5,-0.0027586206896551557,-0.27586206896551557,EBL
2026-08-10,730.0,730.0,714.0,715.0,34924.0,25021655.5,-0.011065006915629283,-1.1065006915629283,EBL
2026-08-11,715.0,724.9,714.0,715.0,33873.0,24313885.2,0.0,0.0,EBL
2026-08-12,715.0,729.9,715.0,716.6,16152.0,11653976.1,0.0022377622377622863,0.22377622377622863,EBL
2026-08-13,724.0,725.0,718.5,722.0,12437.0,8983145.0,0.007535584705554044,0.7535584705554044,EBL
2026-08-14,729.6,730.0,720.0,728.0,46601.0,33903228.0,0.008310249307479145,0.8310249307479145,EBL
2026-08-17,734.0,734.0,723.0,728.0,37932.0,27567776.0,0.0,0.0,EBL
2026-08-18,729.2,731.0,726.5,729.0,30911.0,22528964.0,0.0013736263736263687,0.13736263736263687,EBL
2026-08-19,730.0,733.0,727.0,730.0,23601.0,17235012.9,0.00137174211248281,0.137174211248281,EBL
2026-08-20,731.0,735.4,727.0,734.9,47132.0,34557414.9,0.0067123287671233545,0.6712328767123354,EBL
2026-08-21,736.5,737.8,734.8,737.0,22824.0,16805838.2,0.0028575316369574555,0.28575316369574555,EBL
2026-08-24,737.0,738.0,726.0,726.1,42165.0,30840253.3,-0.014789687924016248,-1.4789687924016248,EBL
2026-08-25,726.1,731.9,726.1,731.9,15310.0,11159698.4,0.007987880457237306,0.7987880457237306,EBL
2026-08-26,734.0,734.0,722.1,730.0,30910.0,22486161.6,-0.0025959830577947374,-0.25959830577947374,EBL
2026-08-27,734.0,734.0,723.2,729.5,16639.0,12129771.4,-0.00068493150684934,-0.068493150684934,EBL
2026-08-31,726.0,726.0,691.5,711.9,47912.0,34013905.1,-0.024126113776559266,-2.4126113776559266,EBL
2026-09-01,712.0,715.0,707.0,710.3,18597.0,13225653.8,-0.0022475066722854598,-0.22475066722854598,EBL
2026-09-02,710.3,715.0,709.0,715.0,21847.0,15542877.7,0.006616922427143512,0.6616922427143512,EBL
2026-09-03,713.0,717.0,713.0,716.1,17284.0,12354209.2,0.0015384615384614886,0.15384615384614886,EBL
2026-09-07,717.5,717.5,710.0,716.0,32619.0,23304507.4,-0.00013964530093568683,-0.013964530093568683,EBL
2026-09-09,714.0,720.0,714.0,718.0,32334.0,23205195.0,0.0027932960893854997,0.27932960893854997,EBL
2026-09-10,718.0,720.0,715.2,718.0,50488.0,36207364.8,0.0,0.0,EBL
2026-09-11,718.0,720.0,715.0,719.9,36839.0,26438978.9,0.00264623955431742,0.264623955431742,EBL
2026-09-14,719.0,724.0,719.0,724.0,25682.0,18545592.4,0.005695235449368008,0.5695235449368008,EBL
2026-09-15,760.2,760.2,728.5,732.0,71236.0,52410280.3,0.011049723756906049,1.104972375690605,EBL
2026-09-16,732.5,734.9,725.0,727.5,84991.0,61876891.7,-0.006147540983606592,-0.6147540983606592,EBL
2026-09-17,700.0,700.0,685.9,691.0,81983.0,56639968.0,-0.05017182130584197,-5.017182130584197,EBL
2026-09-18,691.0,701.0,687.1,701.0,55918.0,38841493.8,0.01447178002894356,1.447178002894356,EBL
2026-09-22,701.0,708.0,695.0,698.1,48022.0,33562247.8,-0.0041369472182596345,-0.41369472182596345,EBL
2026-09-23,733.0,733.0,690.0,696.8,22396.0,15583198.8,-0.0018621973929237035,-0.18621973929237035,EBL
2026-09-24,699.0,699.8,695.0,697.4,31186.0,21749419.1,0.000861079219288241,0.0861079219288241,EBL
2026-09-28,700.0,700.0,694.0,697.0,33975.0,23626846.9,-0.0005735589331803403,-0.057355893318034035,EBL
2026-09-29,697.0,698.0,695.1,696.1,35668.0,24814497.0,-0.001291248206599649,-0.1291248206599649,EBL
2026-09-30,696.1,698.9,695.1,696.0,26448.0,18409348.8,-0.0001436575204711854,-0.01436575204711854,EBL
2026-10-01,698.0,700.8,695.2,696.2,53726.0,37529937.6,0.0002873563218390718,0.028735632183907178,EBL
2022-01-02,470.0,477.0,462.0,477.0,20494.0,9719535.3,,,CHCL
2022-01-03,471.0,483.5,471.0,481.0,15874.0,7591482.6,0.008385744234800763,0.8385744234800763,CHCL
2022-01-04,475.1,518.0,465.5,505.0,38710.0,18782043.2,0.0498960498960499,4.98960498960499,CHCL
2022-01-05,505.0,519.0,490.0,490.0,40763.0,20408971.5,-0.02970297029702973,-2.970297029702973,CHCL
2022-01-06,490.0,508.9,490.0,498.0,40138.0,19981660.9,0.01632653061224487,1.6326530612244872,CHCL
2022-01-09,507.9,517.0,499.0,512.0,58107.0,29503827.5,0.028112449799196693,2.8112449799196693,CHCL
2022-01-10,513.0,523.0,500.0,520.0,78189.0,40216992.0,0.015625,1.5625,CHCL
2022-01-11,520.5,545.0,520.0,536.1,70880.0,37645329.7,0.030961538461538485,3.0961538461538485,CHCL
2022-01-12,540.0,545.0,519.4,520.0,56325.0,30091219.9,-0.030031710501772113,-3.0031710501772113,CHCL
2022-01-13,514.0,536.0,514.0,535.0,43627.0,22921230.8,0.028846153846153744,2.8846153846153744,CHCL
2022-01-16,540.0,560.0,540.0,554.0,72889.0,40306768.3,0.03551401869158877,3.5514018691588767,CHCL
2022-01-17,564.0,564.0,545.0,558.0,59871.0,33072125.8,0.0072202166064982976,0.7220216606498298,CHCL
2022-01-18,566.9,566.9,541.0,545.0,38436.0,21120776.0,-0.023297491039426577,-2.3297491039426577,CHCL
2022-01-19,555.9,555.9,533.0,536.0,43481.0,23493096.0,-0.016513761467889854,-1.6513761467889854,CHCL
2022-01-20,536.0,547.0,527.0,542.0,33977.0,18298642.8,0.011194029850746245,1.1194029850746245,CHCL
2022-01-23,546.0,546.0,536.0,539.0,25562.0,13842097.5,-0.005535055350553542,-0.5535055350553542,CHCL
2022-01-24,529.0,532.0,515.0,518.0,54331.0,28319166.9,-0.038961038961038974,-3.8961038961038974,CHCL
2022-01-25,518.0,530.0,509.0,516.0,31913.0,16599514.2,-0.0038610038610038533,-0.38610038610038533,CHCL
2022-01-26,516.0,518.2,506.0,510.1,22166.0,11349276.0,-0.011434108527131781,-1.143410852713178,CHCL
2022-01-27,514.0,515.0,507.0,509.0,24787.0,12657648.8,-0.0021564399137424806,-0.21564399137424806,CHCL
2022-01-30,519.0,538.0,519.0,532.0,35432.0,18723107.2,0.04518664047151266,4.518664047151266,CHCL
2022-01-31,540.0,540.0,519.0,520.0,30420.0,15926951.7,-0.022556390977443663,-2.2556390977443663,CHCL
2022-02-01,515.0,537.5,512.0,534.0,43049.0,22618977.5,0.026923076923076827,2.6923076923076827,CHCL
2022-02-03,539.5,546.9,527.0,527.0,37925.0,20384015.3,-0.01310861423220977,-1.310861423220977,CHCL
2022-02-06,523.0,530.0,520.0,523.0,14154.0,7429955.2,-0.007590132827324458,-0.7590132827324458,CHCL
2022-02-07,525.0,530.0,520.0,524.9,15774.0,8264068.4,0.003632887189292555,0.3632887189292555,CHCL
2022-02-08,535.3,554.0,520.0,520.0,38073.0,20077743.6,-0.009335111449799927,-0.9335111449799927,CHCL
2022-02-09,520.0,524.0,511.0,518.0,14494.0,7522828.5,-0.0038461538461538325,-0.38461538461538325,CHCL
2022-02-10,520.0,520.1,513.1,515.0,15201.0,7842285.0,-0.00579150579150578,-0.579150579150578,CHCL
2022-02-13,509.6,510.0,499.0,500.0,27270.0,13704495.6,-0.029126213592232997,-2.9126213592232997,CHCL
2022-02-14,490.1,519.9,490.1,499.5,17726.0,8880170.3,-0.0010000000000000009,-0.10000000000000009,CHCL
2022-02-15,502.0,509.0,498.0,508.0,24633.0,12392360.6,0.017017017017016967,1.7017017017016967,CHCL
2022-02-16,508.1,513.0,503.0,507.0,16461.0,8361605.0,-0.0019685039370078705,-0.19685039370078705,CHCL
2022-02-17,507.0,512.0,506.1,508.3,14120.0,7190098.2,0.002564102564102555,0.2564102564102555,CHCL
2022-02-20,498.5,509.0,489.0,499.9,33658.0,16822037.1,-0.0165256738146764,-1.65256738146764,CHCL
2022-02-21,509.0,520.0,500.0,515.0,22051.0,11148866.1,0.030206041208241663,3.0206041208241663,CHCL
2022-02-22,516.0,523.0,508.0,510.0,31378.0,16132813.0,-0.009708737864077666,-0.9708737864077666,CHCL
2022-02-23,500.3,518.0,500.2,510.0,30070.0,15295874.9,0.0,0.0,CHCL
2022-02-24,505.0,509.0,495.0,498.0,35946.0,17933590.0,-0.02352941176470591,-2.352941176470591,CHCL
2022-02-27,490.0,518.0,490.0,509.9,36488.0,18603340.1,0.02389558232931721,2.389558232931721,CHCL
2022-02-28,520.0,529.0,492.0,505.0,50730.0,25738722.4,-0.009609727397528856,-0.9609727397528856,CHCL
2022-03-02,495.0,500.0,487.0,490.0,23831.0,11762614.0,-0.02970297029702973,-2.970297029702973,CHCL
2022-03-06,480.2,499.0,480.2,487.0,15994.0,7807944.0,-0.006122448979591799,-0.6122448979591799,CHCL
2022-03-07,483.0,490.3,481.0,483.9,13399.0,6475134.7,-0.006365503080082213,-0.6365503080082213,CHCL
2022-03-09,485.0,490.8,473.0,476.0,28676.0,13690763.2,-0.016325687125439137,-1.6325687125439137,CHCL
2022-03-10,476.0,494.0,471.2,488.5,19319.0,9347700.3,0.02626050420168058,2.626050420168058,CHCL
2022-03-13,498.2,502.0,490.0,497.8,29450.0,14611909.3,0.019037871033776854,1.9037871033776854,CHCL
2022-03-14,499.0,506.0,489.0,498.0,5263.0,2590851.3,0.0004017677782242046,0.04017677782242046,CHCL
2022-03-15,495.0,500.0,490.0,490.2,27517.0,13525468.3,-0.015662650602409678,-1.5662650602409678,CHCL
2022-03-16,498.9,498.9,485.1,489.9,20459.0,10004512.7,-0.000611995104039198,-0.0611995104039198,CHCL
2022-03-20,489.9,495.0,488.2,492.0,10252.0,5031855.7,0.004286589099816274,0.42865890998162737,CHCL
2022-03-21,492.0,498.0,486.1,497.9,21754.0,10687186.6,0.01199186991869916,1.199186991869916,CHCL
2022-03-22,500.0,503.9,496.0,498.8,22571.0,11257941.0,0.001807591885920834,0.1807591885920834,CHCL
2022-03-23,495.0,500.0,485.0,487.0,25458.0,12487959.7,-0.02365677626303131,-2.365677626303131,CHCL
2022-03-24,495.0,495.0,479.0,480.0,35090.0,16985484.3,-0.014373716632443578,-1.4373716632443578,CHCL
2022-03-27,489.6,489.6,476.3,477.0,27634.0,13248528.2,-0.006249999999999978,-0.6249999999999978,CHCL
2022-03-28,478.0,490.0,471.7,473.1,33452.0,15977110.2,-0.008176100628930816,-0.8176100628930816,CHCL
2022-03-29,471.5,480.0,468.0,472.0,38827.0,18342893.1,-0.0023250898330162695,-0.23250898330162695,CHCL
2022-03-30,474.0,479.0,470.0,478.0,21823.0,10316466.7,0.012711864406779627,1.2711864406779627,CHCL
2022-03-31,487.5,487.5,471.1,471.9,10560.0,5018396.4,-0.012761506276150691,-1.2761506276150691,CHCL
2022-04-03,472.0,480.0,466.0,470.0,22634.0,10633539.2,-0.004026276753549385,-0.4026276753549385,CHCL
2022-04-04,470.0,475.0,465.0,470.0,22384.0,10538899.4,0.0,0.0,CHCL
2022-04-05,479.4,479.4,462.0,464.1,27135.0,12611258.7,-0.012553191489361626,-1.2553191489361626,CHCL
2022-04-06,461.0,469.0,455.0,455.8,27003.0,12358314.3,-0.017884076707606167,-1.7884076707606167,CHCL
2022-04-07,460.0,465.0,451.0,458.0,27480.0,12580180.8,0.004826678367705117,0.4826678367705117,CHCL
2022-04-11,458.0,476.4,450.0,453.0,17673.0,8076922.3,-0.01091703056768556,-1.091703056768556,CHCL
2022-04-12,454.0,454.0,444.0,447.0,13902.0,6224363.2,-0.013245033112582738,-1.3245033112582738,CHCL
2022-04-13,445.0,452.0,445.0,450.0,15026.0,6743302.5,0.006711409395973256,0.6711409395973256,CHCL
2022-04-17,452.0,457.9,444.5,447.0,13022.0,5833525.3,-0.00666666666666671,-0.666666666666671,CHCL
2022-04-18,450.0,450.0,439.0,442.0,9708.0,4284390.0,-0.01118568232662187,-1.118568232662187,CHCL
2022-04-19,445.0,446.0,436.1,443.9,15509.0,6838634.8,0.004298642533936636,0.42986425339366363,CHCL
2022-04-20,437.1,450.0,433.0,438.0,20155.0,8861235.6,-0.013291281820229761,-1.3291281820229761,CHCL
2022-04-21,446.7,446.7,432.0,437.1,17216.0,7545016.3,-0.002054794520547909,-0.2054794520547909,CHCL
2022-04-24,440.0,460.0,436.1,460.0,20691.0,9300885.7,0.05239075726378406,5.239075726378406,CHCL
2022-04-25,460.0,469.2,452.0,452.0,15247.0,6991315.9,-0.017391304347826098,-1.7391304347826098,CHCL
2022-04-26,450.0,457.0,446.0,450.0,17774.0,8055915.8,-0.004424778761061954,-0.4424778761061954,CHCL
2022-04-27,459.0,459.0,441.0,456.9,10413.0,4678944.1,0.015333333333333199,1.53333333333332,CHCL
2022-04-28,460.0,460.0,445.0,448.0,14188.0,6408367.6,-0.019479098270956396,-1.9479098270956396,CHCL
2022-05-02,448.0,448.0,439.3,441.0,19313.0,8527300.6,-0.015625,-1.5625,CHCL
2022-05-04,440.0,442.0,434.0,434.6,13656.0,5978075.8,-0.014512471655328762,-1.4512471655328762,CHCL
2022-05-05,431.2,440.0,430.0,432.0,8272.0,3580836.4,-0.005982512655315242,-0.5982512655315242,CHCL
2022-05-08,440.6,440.6,426.5,431.0,17487.0,7502495.8,-0.0023148148148147696,-0.23148148148147696,CHCL
2022-05-09,435.0,447.0,431.0,431.0,18983.0,8298822.6,0.0,0.0,CHCL
2022-05-10,435.0,443.7,432.2,443.0,24327.0,10613082.3,0.0278422273781902,2.78422273781902,CHCL
2022-05-11,450.0,458.0,441.6,455.0,20026.0,8963804.1,0.02708803611738153,2.708803611738153,CHCL
2022-05-12,456.0,460.0,447.0,453.0,24592.0,11122085.5,-0.00439560439560438,-0.439560439560438,CHCL
2022-05-17,452.9,452.9,439.3,439.4,16397.0,7277608.7,-0.030022075055187725,-3.0022075055187725,CHCL
2022-05-18,439.2,444.0,437.1,440.0,13115.0,5770511.5,0.001365498406918686,0.1365498406918686,CHCL
2022-05-19,440.0,444.5,435.0,439.9,15865.0,6970139.9,-0.00022727272727274261,-0.02272727272727426,CHCL
2022-05-20,435.3,441.8,435.3,441.0,7085.0,3094873.0,0.0025005683109797783,0.2500568310979778,CHCL
2022-05-23,436.0,436.0,430.0,430.2,14451.0,6240513.6,-0.02448979591836742,-2.448979591836742,CHCL
2022-05-24,425.0,438.8,422.2,434.8,6783.0,2918048.3,0.010692701069270116,1.0692701069270116,CHCL
2022-05-25,443.4,445.4,435.0,437.5,9983.0,4388260.9,0.006209751609935532,0.6209751609935532,CHCL
2022-05-26,438.1,440.0,436.0,440.0,6623.0,2904189.0,0.005714285714285783,0.5714285714285783,CHCL
2022-05-27,447.0,447.0,435.1,438.0,7353.0,3217340.9,-0.004545454545454519,-0.4545454545454519,CHCL
2022-05-30,438.0,438.0,426.0,428.0,15543.0,6681267.3,-0.022831050228310557,-2.2831050228310557,CHCL
2022-05-31,425.0,425.0,415.0,424.0,18337.0,7693824.2,-0.009345794392523366,-0.9345794392523366,CHCL
2022-06-01,420.0,432.0,412.0,426.0,15491.0,6505700.1,0.004716981132075526,0.4716981132075526,CHCL
2022-06-02,417.7,430.0,417.7,422.0,6623.0,2804220.9,-0.009389671361502372,-0.9389671361502372,CHCL
2022-06-03,420.0,422.5,414.0,415.9,14031.0,5836581.3,-0.014454976303317602,-1.4454976303317602,CHCL
2022-06-06,412.0,423.0,412.0,415.0,13009.0,5394340.4,-0.0021639817263764405,-0.21639817263764405,CHCL
2022-06-07,413.0,414.5,392.0,402.0,37453.0,14978439.9,-0.031325301204819245,-3.1325301204819245,CHCL
2022-06-08,410.0,413.0,398.1,405.0,23153.0,9381821.1,0.00746268656716409,0.746268656716409,CHCL
2022-06-09,400.0,411.5,398.0,402.0,16755.0,6767948.2,-0.007407407407407418,-0.7407407407407418,CHCL
2022-06-10,395.3,405.0,394.0,399.9,8960.0,3582349.0,-0.0052238805970149516,-0.5223880597014952,CHCL
2022-06-13,395.1,399.0,395.1,396.0,7280.0,2885709.2,-0.009752438109527306,-0.9752438109527306,CHCL
2022-06-14,400.0,400.0,386.0,387.0,21090.0,8200342.1,-0.022727272727272707,-2.2727272727272707,CHCL
2022-06-15,394.0,394.0,377.0,379.0,17572.0,6693813.5,-0.02067183462532296,-2.067183462532296,CHCL
2022-06-16,373.2,384.0,372.0,380.0,12656.0,4802774.9,0.0026385224274405594,0.26385224274405594,CHCL
2022-06-17,380.0,385.0,375.0,379.1,3763.0,1432185.3,-0.002368421052631464,-0.23684210526314642,CHCL
2022-06-19,380.0,382.0,369.0,369.0,28621.0,10737233.3,-0.026642046953310516,-2.6642046953310516,CHCL
2022-06-20,369.0,370.0,359.0,361.0,24050.0,8755098.7,-0.02168021680216803,-2.168021680216803,CHCL
2022-06-21,365.0,372.0,360.0,367.1,21032.0,7697370.3,0.01689750692520775,1.689750692520775,CHCL
2022-06-22,369.0,369.0,360.0,365.0,11488.0,4169597.1,-0.005720512122037613,-0.5720512122037613,CHCL
2022-06-23,364.0,366.6,353.0,359.0,25968.0,9275505.8,-0.016438356164383605,-1.6438356164383605,CHCL
2022-06-24,355.0,362.0,347.9,360.0,28614.0,10136051.6,0.0027855153203342198,0.278551532033422,CHCL
2022-06-26,367.2,382.0,365.0,381.0,32130.0,12103302.4,0.05833333333333335,5.833333333333335,CHCL
2022-06-27,385.0,393.0,372.4,379.0,28746.0,10961278.5,-0.005249343832021025,-0.5249343832021025,CHCL
2022-06-28,379.1,387.0,375.0,384.0,31234.0,11900346.3,0.013192612137203241,1.3192612137203241,CHCL
2022-06-29,381.1,395.0,379.2,395.0,29289.0,11351368.2,0.02864583333333326,2.864583333333326,CHCL
2022-06-30,402.0,416.6,397.0,415.0,40645.0,16725351.8,0.05063291139240511,5.063291139240511,CHCL
2022-07-01,418.0,420.0,400.2,413.0,9098.0,3757577.4,-0.004819277108433773,-0.48192771084337727,CHCL
2022-07-03,413.0,434.0,406.2,430.0,26466.0,11173353.3,0.041162227602905554,4.1162227602905554,CHCL
2022-07-04,435.0,438.2,415.6,418.9,48885.0,20991609.8,-0.02581395348837212,-2.581395348837212,CHCL
2022-07-05,411.0,418.8,402.2,406.9,29168.0,11901099.2,-0.02864645500119356,-2.864645500119356,CHCL
2022-07-06,410.0,418.2,397.0,415.0,29966.0,12123821.9,0.019906610960924054,1.9906610960924054,CHCL
2022-07-07,423.0,423.0,405.0,410.0,18200.0,7465143.8,-0.012048192771084376,-1.2048192771084376,CHCL
2022-07-08,410.0,410.0,396.2,404.0,14290.0,5742601.5,-0.014634146341463428,-1.4634146341463428,CHCL
2022-07-11,400.0,400.0,383.2,387.0,22174.0,8647965.0,-0.04207920792079212,-4.207920792079212,CHCL
2022-07-12,383.0,405.7,383.0,393.1,10654.0,4209630.6,0.015762273901808843,1.5762273901808843,CHCL
2022-07-13,399.0,409.5,395.0,406.0,19536.0,7846758.2,0.032816077334011595,3.2816077334011595,CHCL
2022-07-14,411.0,411.0,399.0,406.9,10610.0,4250731.2,0.002216748768472776,0.2216748768472776,CHCL
2022-07-15,400.0,410.0,400.0,408.0,6651.0,2688105.4,0.0027033669206193434,0.27033669206193434,CHCL
2022-07-17,404.0,412.0,400.0,403.0,8381.0,3370763.9,-0.01225490196078427,-1.225490196078427,CHCL
2022-07-18,400.0,404.0,398.1,404.0,6154.0,2469977.7,0.002481389578163684,0.2481389578163684,CHCL
2022-07-19,400.1,410.0,400.1,401.1,15021.0,6091337.4,-0.007178217821782074,-0.7178217821782074,CHCL
2022-07-20,407.0,408.0,399.9,405.0,11609.0,4687940.2,0.00972326103216159,0.972326103216159,CHCL
2022-07-21,401.0,405.0,399.0,402.5,6245.0,2507719.5,-0.006172839506172867,-0.6172839506172867,CHCL
2022-07-22,402.0,402.0,396.0,399.1,12630.0,5046009.4,-0.008447204968944022,-0.8447204968944022,CHCL
2022-07-24,404.0,413.1,395.0,410.0,25760.0,10301105.1,0.02731145076421937,2.731145076421937,CHCL
2022-07-25,406.0,418.0,405.1,413.9,18878.0,7832250.6,0.009512195121951228,0.9512195121951228,CHCL
2022-07-26,414.0,415.0,399.2,402.0,20342.0,8235152.1,-0.028750906015945876,-2.8750906015945876,CHCL
2022-07-27,402.0,405.0,399.0,402.0,25388.0,10191009.9,0.0,0.0,CHCL
2022-07-28,410.0,418.2,404.0,410.0,34107.0,13964737.3,0.01990049751243772,1.990049751243772,CHCL
2022-07-29,410.0,413.9,404.0,406.0,13211.0,5363531.3,-0.009756097560975618,-0.9756097560975618,CHCL
2022-07-31,414.0,414.0,407.0,412.0,30514.0,12523193.2,0.014778325123152802,1.4778325123152802,CHCL
2022-08-01,419.9,438.0,414.0,424.9,71972.0,30728015.8,0.03131067961165046,3.131067961165046,CHCL
2022-08-02,432.0,448.0,422.1,448.0,66500.0,28704300.6,0.054365733113673764,5.436573311367376,CHCL
2022-08-03,456.0,456.0,439.0,444.0,39004.0,17384549.0,-0.008928571428571397,-0.8928571428571397,CHCL
2022-08-04,444.0,448.0,430.0,430.1,44245.0,19241847.7,-0.031306306306306264,-3.1306306306306264,CHCL
2022-08-05,435.0,435.0,418.0,426.0,33524.0,14158392.6,-0.009532666821669422,-0.9532666821669422,CHCL
2022-08-07,434.0,435.5,421.4,428.0,19034.0,8088028.1,0.0046948356807512415,0.46948356807512415,CHCL
2022-08-08,436.5,436.5,413.0,419.9,19060.0,8055014.5,-0.018925233644859873,-1.8925233644859873,CHCL
2022-08-09,428.2,428.2,406.2,406.9,25566.0,10481502.5,-0.03095975232198145,-3.095975232198145,CHCL
2022-08-10,415.0,415.0,400.0,402.9,15759.0,6355041.8,-0.00983042516588839,-0.983042516588839,CHCL
2022-08-11,402.0,409.0,399.0,399.0,11577.0,4649412.1,-0.00967982129560685,-0.967982129560685,CHCL
2022-08-14,392.0,400.0,392.0,393.0,10600.0,4195343.3,-0.015037593984962405,-1.5037593984962405,CHCL
2022-08-15,400.0,411.0,397.0,411.0,17888.0,7203917.2,0.04580152671755733,4.580152671755733,CHCL
2022-08-16,415.9,416.0,393.0,396.2,17142.0,6925603.8,-0.0360097323600973,-3.60097323600973,CHCL
2022-08-17,397.1,411.9,397.1,400.0,14169.0,5667657.4,0.009591115598182709,0.9591115598182709,CHCL
2022-08-18,401.2,409.0,401.2,407.0,11725.0,4763113.0,0.01750000000000007,1.750000000000007,CHCL
2022-08-21,413.0,415.0,404.0,404.0,11712.0,4777164.2,-0.0073710073710073765,-0.7371007371007376,CHCL
2022-08-22,405.0,409.8,398.2,404.0,6234.0,2513645.7,0.0,0.0,CHCL
2022-08-23,410.0,410.0,401.0,404.0,8414.0,3396289.4,0.0,0.0,CHCL
2022-08-24,407.0,408.0,403.7,403.7,10822.0,4384729.7,-0.0007425742574257432,-0.07425742574257432,CHCL
2022-08-25,411.0,411.0,396.0,397.0,20402.0,8154381.1,-0.016596482536537005,-1.6596482536537005,CHCL
2022-08-26,401.0,401.0,393.0,396.0,11577.0,4562816.4,-0.0025188916876573986,-0.25188916876573986,CHCL
2022-08-28,399.0,399.0,385.0,385.0,30877.0,12011305.9,-0.02777777777777779,-2.777777777777779,CHCL
2022-08-29,392.7,395.0,384.0,385.1,14627.0,5645840.6,0.00025974025974040416,0.025974025974040416,CHCL
2022-08-30,389.0,389.0,381.3,385.9,13900.0,5351559.0,0.002077382498052227,0.2077382498052227,CHCL
2022-08-31,393.0,393.0,382.0,383.0,9223.0,3540295.8,-0.007514900233220989,-0.7514900233220989,CHCL
2022-09-01,390.0,390.0,377.4,382.0,42280.0,16168826.9,-0.0026109660574412663,-0.26109660574412663,CHCL
2022-09-02,389.0,416.0,385.0,392.0,8303.0,3257199.9,0.02617801047120416,2.617801047120416,CHCL
2022-09-04,399.0,399.0,388.1,394.0,6961.0,2722752.8,0.005102040816326481,0.5102040816326481,CHCL
2022-09-05,394.0,401.0,388.1,390.0,7950.0,3093627.0,-0.010152284263959421,-1.0152284263959421,CHCL
2022-09-06,384.0,397.0,383.1,385.0,10235.0,3951745.8,-0.012820512820512775,-1.2820512820512775,CHCL
2022-09-07,385.0,392.6,382.0,385.0,9460.0,3634318.1,0.0,0.0,CHCL
2022-09-08,392.0,392.0,379.0,382.0,11783.0,4515144.1,-0.007792207792207795,-0.7792207792207795,CHCL
2022-09-11,377.7,383.0,375.0,375.2,11753.0,4434722.4,-0.017801047120418856,-1.7801047120418856,CHCL
2022-09-12,376.0,377.0,369.2,372.0,10458.0,3879071.1,-0.008528784648187626,-0.8528784648187626,CHCL
2022-09-13,378.0,380.9,370.0,373.0,11776.0,4405427.7,0.0026881720430107503,0.26881720430107503,CHCL
2022-09-14,373.0,383.0,373.0,380.2,15596.0,5877401.4,0.019302949061662078,1.9302949061662078,CHCL
2022-09-15,378.0,381.0,366.0,370.0,16231.0,6049216.2,-0.026827985270910015,-2.6827985270910015,CHCL
2022-09-16,366.0,370.0,362.6,370.0,3944.0,1447702.8,0.0,0.0,CHCL
2022-09-18,365.0,372.9,364.0,364.0,15370.0,5622273.0,-0.01621621621621616,-1.6216216216216162,CHCL
2022-09-20,360.0,364.0,352.2,354.1,18008.0,6401980.9,-0.0271978021978021,-2.71978021978021,CHCL
2022-09-21,354.0,360.0,354.0,355.3,5270.0,1883442.0,0.003388873199661191,0.3388873199661191,CHCL
2022-09-22,355.0,362.1,355.0,358.0,5635.0,2019721.7,0.007599211933577266,0.7599211933577266,CHCL
2022-09-25,354.0,359.0,353.0,357.0,10857.0,3856910.3,-0.0027932960893854997,-0.27932960893854997,CHCL
2022-09-27,364.1,364.1,355.0,361.9,6167.0,2217953.4,0.013725490196078383,1.3725490196078383,CHCL
2022-09-28,369.1,369.1,355.9,358.1,11004.0,3948705.6,-0.010500138159712513,-1.0500138159712513,CHCL
2022-09-29,352.0,366.1,352.0,365.0,2899.0,1048808.7,0.01926836079307459,1.926836079307459,CHCL
2022-10-09,365.0,372.3,357.7,371.0,2778.0,1022216.5,0.016438356164383494,1.6438356164383494,CHCL
2022-10-10,371.0,371.0,362.0,364.0,8533.0,3123978.2,-0.018867924528301883,-1.8867924528301883,CHCL
2022-10-11,360.0,365.0,357.6,359.0,8827.0,3172437.6,-0.013736263736263687,-1.3736263736263687,CHCL
2022-10-12,354.2,365.0,354.0,362.0,23542.0,8435275.3,0.008356545961002881,0.8356545961002881,CHCL
2022-10-13,362.0,370.0,362.0,370.0,9116.0,3344995.5,0.022099447513812098,2.20994475138121,CHCL
2022-10-16,365.0,369.5,362.6,365.0,8019.0,2915392.7,-0.013513513513513487,-1.3513513513513487,CHCL
2022-10-17,368.0,372.0,362.4,363.0,7932.0,2901744.6,-0.005479452054794498,-0.5479452054794498,CHCL
2022-10-19,362.0,365.0,358.1,359.5,4476.0,1612770.8,-0.009641873278236957,-0.9641873278236957,CHCL
2022-10-20,353.2,365.0,353.1,363.0,4378.0,1576209.5,0.009735744089012455,0.9735744089012455,CHCL
2022-10-23,370.0,370.0,364.0,367.0,2430.0,889400.5,0.011019283746556363,1.1019283746556363,CHCL
2022-10-31,374.3,374.3,362.1,373.0,4839.0,1784746.5,0.016348773841961872,1.6348773841961872,CHCL
2022-11-01,377.0,385.0,370.0,384.5,8946.0,3400155.4,0.030831099195710365,3.0831099195710365,CHCL
2022-11-02,392.0,392.0,380.0,385.0,11689.0,4495482.0,0.0013003901170351995,0.13003901170351995,CHCL
2022-11-03,377.5,384.0,377.5,378.0,4777.0,1814593.0,-0.018181818181818188,-1.8181818181818188,CHCL
2022-11-06,385.1,387.6,373.5,387.5,13407.0,5135165.0,0.025132275132275117,2.5132275132275117,CHCL
2022-11-07,395.0,395.9,380.0,387.0,16006.0,6248362.6,-0.001290322580645209,-0.1290322580645209,CHCL
2022-11-08,385.0,394.0,379.3,387.0,3105.0,1189752.7,0.0,0.0,CHCL
2022-11-09,394.0,396.0,377.0,377.0,10876.0,4129388.8,-0.025839793281653756,-2.5839793281653756,CHCL
2022-11-10,377.0,384.4,367.5,368.0,12801.0,4754206.8,-0.023872679045092826,-2.3872679045092826,CHCL
2022-11-13,361.3,375.0,361.3,365.0,4665.0,1706620.0,-0.008152173913043459,-0.8152173913043459,CHCL
2022-11-14,372.3,373.0,365.0,368.2,7071.0,2613346.4,0.008767123287671152,0.8767123287671152,CHCL
2022-11-15,375.5,380.0,370.0,374.4,1883.0,703430.0,0.016838674633351314,1.6838674633351314,CHCL
2022-11-16,378.0,378.0,374.0,374.0,6736.0,2527418.4,-0.0010683760683759536,-0.10683760683759536,CHCL
2022-11-17,381.4,389.0,377.3,384.0,7191.0,2746763.1,0.02673796791443861,2.673796791443861,CHCL
2022-11-22,391.0,393.9,384.0,388.9,8990.0,3483940.4,0.012760416666666607,1.2760416666666607,CHCL
2022-11-23,396.0,396.0,381.4,382.0,5386.0,2069474.8,-0.017742350218565073,-1.7742350218565073,CHCL
2022-11-24,379.0,385.0,376.0,381.0,5862.0,2226618.2,-0.002617801047120394,-0.2617801047120394,CHCL
2022-11-27,387.0,390.0,373.4,390.0,16253.0,6203279.7,0.023622047244094446,2.3622047244094446,CHCL
2022-11-28,390.0,395.8,383.1,388.0,7144.0,2761949.2,-0.00512820512820511,-0.512820512820511,CHCL
2022-11-29,388.0,388.0,380.6,381.1,5996.0,2299904.0,-0.017783505154639112,-1.7783505154639112,CHCL
2022-11-30,381.1,386.0,381.1,383.1,6641.0,2546598.0,0.005247966413014948,0.5247966413014948,CHCL
2022-12-01,389.0,390.1,382.3,390.0,12126.0,4690197.7,0.018010963194988294,1.8010963194988294,CHCL
2022-12-04,390.0,400.0,390.0,397.0,21239.0,8429315.9,0.017948717948717885,1.7948717948717885,CHCL
2022-12-05,395.0,395.0,386.7,391.0,9863.0,3850612.6,-0.015113350125944613,-1.5113350125944613,CHCL
2022-12-06,391.0,391.0,383.4,387.0,6364.0,2461158.1,-0.010230179028132946,-1.0230179028132946,CHCL
2022-12-07,390.0,399.0,380.1,381.0,39436.0,15259346.7,-0.015503875968992276,-1.5503875968992276,CHCL
2022-12-11,383.0,388.6,380.0,382.0,27241.0,10435037.8,0.002624671916010568,0.2624671916010568,CHCL
2022-12-12,380.0,385.0,375.3,384.0,19118.0,7257910.5,0.005235602094240788,0.5235602094240788,CHCL
2022-12-13,390.0,390.0,380.1,385.0,7138.0,2738601.1,0.0026041666666667407,0.26041666666667407,CHCL
2022-12-14,380.3,388.9,380.2,388.0,8865.0,3421608.2,0.007792207792207684,0.7792207792207684,CHCL
2022-12-15,382.0,393.0,382.0,390.0,31661.0,12325801.2,0.005154639175257714,0.5154639175257714,CHCL
2022-12-18,356.0,359.0,351.1,355.5,13308.0,4715935.6,-0.08846153846153848,-8.846153846153848,CHCL
2022-12-19,351.0,357.0,350.1,351.3,10791.0,3806905.0,-0.01181434599156117,-1.181434599156117,CHCL
2022-12-20,358.0,364.0,351.1,354.0,7740.0,2740701.1,0.0076857386848847575,0.7685738684884758,CHCL
2022-12-21,354.0,354.9,352.3,352.3,2013.0,711888.0,-0.0048022598870056665,-0.48022598870056665,CHCL
2022-12-22,353.1,354.9,351.1,352.0,4888.0,1721895.5,-0.0008515469770082884,-0.08515469770082884,CHCL
2022-12-26,359.0,366.1,353.0,366.1,14913.0,5368690.1,0.040056818181818166,4.005681818181817,CHCL
2022-12-27,372.0,386.0,368.0,378.1,25384.0,9638060.8,0.03277792952745151,3.277792952745151,CHCL
2022-12-28,385.6,385.6,374.0,378.2,15935.0,6060028.9,0.00026448029621795044,0.026448029621795044,CHCL
2022-12-29,378.0,390.0,373.5,389.8,27905.0,10774309.9,0.03067160232681121,3.067160232681121,CHCL
2023-01-01,386.0,407.7,386.0,392.1,34437.0,13718174.3,0.005900461775269372,0.5900461775269372,CHCL
2023-01-02,395.0,404.0,391.1,397.0,18212.0,7242643.5,0.01249681203774533,1.249681203774533,CHCL
2023-01-03,397.0,403.0,386.0,395.0,36604.0,14430314.3,-0.005037783375314908,-0.5037783375314908,CHCL
2023-01-04,395.0,416.0,392.0,414.1,79975.0,31934903.0,0.04835443037974696,4.835443037974696,CHCL
2023-01-05,415.0,415.0,407.0,410.1,22760.0,9359949.5,-0.009659502535619424,-0.9659502535619424,CHCL
2023-01-08,410.0,421.0,410.0,415.5,35485.0,14798054.4,0.013167520117044473,1.3167520117044473,CHCL
2023-01-09,418.0,425.0,409.8,420.2,38507.0,16098265.4,0.011311672683513851,1.1311672683513851,CHCL
2023-01-10,422.0,444.0,421.4,425.4,82952.0,35891836.7,0.012375059495478347,1.2375059495478347,CHCL
2023-01-12,420.0,436.9,412.0,415.0,43543.0,18363813.3,-0.02444757874941228,-2.444757874941228,CHCL
2023-01-17,418.0,434.8,410.0,425.0,31701.0,13392221.6,0.024096385542168752,2.4096385542168752,CHCL
2023-01-18,426.0,434.0,419.0,419.0,25882.0,11022091.2,-0.014117647058823568,-1.4117647058823568,CHCL
2023-01-19,425.5,427.0,415.0,420.0,18480.0,7733402.2,0.0023866348448686736,0.23866348448686736,CHCL
2023-01-23,424.9,425.0,416.2,418.0,23388.0,9788334.0,-0.004761904761904745,-0.4761904761904745,CHCL
2023-01-24,416.0,426.3,411.1,422.9,27610.0,11514934.6,0.011722488038277357,1.1722488038277357,CHCL
2023-01-25,425.0,425.0,417.0,420.0,28237.0,11879635.2,-0.006857413100023635,-0.6857413100023635,CHCL
2023-01-26,421.0,440.0,417.5,438.0,43160.0,18574989.8,0.04285714285714293,4.285714285714293,CHCL
2023-01-29,438.0,467.0,427.0,460.0,99840.0,45382085.0,0.05022831050228316,5.022831050228316,CHCL
2023-01-30,460.0,480.6,448.0,448.0,133708.0,61987211.6,-0.02608695652173909,-2.608695652173909,CHCL
2023-01-31,444.0,466.0,444.0,459.9,62401.0,28391489.6,0.026562500000000044,2.6562500000000044,CHCL
2023-02-01,465.0,465.0,454.4,465.0,33528.0,15452104.0,0.01108936725375087,1.108936725375087,CHCL
2023-02-02,460.2,495.0,458.0,466.0,97262.0,45836505.0,0.0021505376344086446,0.21505376344086446,CHCL
2023-02-05,470.0,489.0,464.0,485.0,105338.0,50704904.4,0.04077253218884125,4.077253218884125,CHCL
2023-02-06,494.7,494.7,479.0,481.0,72702.0,35301337.4,-0.008247422680412342,-0.8247422680412342,CHCL
2023-02-07,481.4,494.2,481.4,492.0,55497.0,27245931.5,0.022869022869022926,2.2869022869022926,CHCL
2023-02-08,498.0,501.0,486.0,487.0,43788.0,21638837.2,-0.010162601626016232,-1.0162601626016232,CHCL
2023-02-09,490.0,495.0,485.0,490.0,32508.0,15885324.5,0.006160164271047153,0.6160164271047153,CHCL
2023-02-12,481.0,488.0,477.1,477.5,35339.0,16958901.4,-0.025510204081632626,-2.5510204081632626,CHCL
2023-02-14,475.0,479.0,467.2,467.5,27749.0,13075127.5,-0.020942408376963373,-2.0942408376963373,CHCL
2023-02-15,466.0,474.0,459.0,461.5,29080.0,13514818.2,-0.012834224598930466,-1.2834224598930466,CHCL
2023-02-16,455.2,462.0,455.0,458.5,18948.0,8663725.6,-0.00650054171180936,-0.650054171180936,CHCL
2023-02-20,455.0,460.0,451.6,454.0,23901.0,10844456.5,-0.009814612868047967,-0.9814612868047967,CHCL
2023-02-22,451.0,468.6,451.0,466.0,17201.0,7976730.9,0.026431718061673992,2.643171806167399,CHCL
2023-02-23,461.0,464.9,457.1,460.3,25771.0,11854533.0,-0.012231759656652352,-1.2231759656652352,CHCL
2023-02-26,455.0,460.0,446.0,459.0,30673.0,13816724.8,-0.002824245057571173,-0.2824245057571173,CHCL
2023-02-27,460.0,469.2,452.0,465.9,49232.0,22604865.7,0.015032679738562038,1.5032679738562038,CHCL
2023-02-28,461.0,504.1,458.0,474.4,28356.0,13465125.7,0.01824425842455457,1.8244258424554571,CHCL
2023-03-01,472.1,487.0,472.0,475.3,37874.0,18150299.5,0.001897133220910785,0.1897133220910785,CHCL
2023-03-02,472.0,479.5,469.5,472.5,30451.0,14434417.4,-0.00589101620029453,-0.589101620029453,CHCL
2023-03-05,465.1,465.3,455.1,463.0,47123.0,21737545.2,-0.02010582010582007,-2.010582010582007,CHCL
2023-03-07,455.4,472.0,455.4,468.7,25903.0,12082697.0,0.012311015118790403,1.2311015118790403,CHCL
2023-03-09,477.7,485.0,470.0,484.0,46032.0,22078212.5,0.032643481971410315,3.2643481971410315,CHCL
2023-03-12,485.0,486.7,475.3,475.3,31062.0,14866262.2,-0.01797520661157026,-1.797520661157026,CHCL
2023-03-13,468.7,475.0,468.0,469.9,17449.0,8211807.2,-0.01136124552913953,-1.136124552913953,CHCL
2023-03-14,465.1,473.0,465.1,468.0,12493.0,5845752.5,-0.004043413492232362,-0.40434134922323617,CHCL
2023-03-15,469.4,472.0,462.2,468.0,21201.0,9877695.8,0.0,0.0,CHCL
2023-03-16,465.0,471.0,462.0,469.9,17602.0,8201864.4,0.004059829059829045,0.40598290598290454,CHCL
2023-03-19,470.0,471.0,463.2,469.0,21725.0,10139491.3,-0.0019153011278995047,-0.19153011278995047,CHCL
2023-03-20,466.0,479.0,466.0,479.0,27743.0,13119954.8,0.021321961620469176,2.1321961620469176,CHCL
2023-03-22,479.0,485.0,475.0,479.1,30167.0,14462717.2,0.00020876826722338038,0.020876826722338038,CHCL
2023-03-23,479.0,481.0,467.0,470.9,37595.0,17702945.9,-0.017115424754748587,-1.7115424754748587,CHCL
2023-03-26,462.0,477.0,461.0,468.9,48876.0,22750959.0,-0.004247186239116574,-0.4247186239116574,CHCL
2023-03-27,466.0,476.9,463.0,474.0,21870.0,10290628.8,0.010876519513755678,1.0876519513755678,CHCL
2023-03-28,475.0,483.0,469.0,477.4,32295.0,15487895.6,0.0071729957805906075,0.7172995780590607,CHCL
2023-03-29,479.0,481.8,472.1,479.9,20928.0,10032979.7,0.005236698785085814,0.5236698785085814,CHCL
2023-03-30,484.5,484.5,479.0,480.0,22098.0,10616207.1,0.00020837674515528093,0.020837674515528093,CHCL
2023-04-02,483.0,483.0,466.1,473.0,22885.0,10810162.2,-0.014583333333333282,-1.4583333333333282,CHCL
2023-04-03,465.0,472.0,465.0,467.0,9982.0,4678271.5,-0.012684989429175508,-1.2684989429175508,CHCL
2023-04-04,466.2,475.0,463.0,470.9,15753.0,7380618.1,0.00835117773019256,0.835117773019256,CHCL
2023-04-05,470.0,474.9,467.1,472.0,15668.0,7375366.1,0.0023359524315140767,0.23359524315140767,CHCL
2023-04-06,473.0,473.9,468.1,468.4,10531.0,4953265.1,-0.007627118644067843,-0.7627118644067843,CHCL
2023-04-09,465.1,467.8,461.2,463.0,19846.0,9199977.4,-0.011528608027327025,-1.1528608027327025,CHCL
2023-04-10,462.0,464.9,459.2,462.6,33550.0,15469435.4,-0.0008639308855291628,-0.08639308855291628,CHCL
2023-04-11,460.1,469.0,460.1,469.0,18514.0,8602593.7,0.013834846519671373,1.3834846519671373,CHCL
2023-04-12,469.0,490.0,462.1,490.0,44824.0,21602509.5,0.04477611940298498,4.477611940298498,CHCL
2023-04-13,491.0,495.1,480.0,490.0,74304.0,36461295.7,0.0,0.0,CHCL
2023-04-16,485.0,494.0,481.7,488.0,22297.0,10879194.7,-0.004081632653061273,-0.40816326530612734,CHCL
2023-04-17,490.0,493.0,480.0,481.7,14769.0,7127551.2,-0.012909836065573832,-1.2909836065573832,CHCL
2023-04-18,474.1,484.6,474.1,481.0,12955.0,6213370.8,-0.0014531866306829455,-0.14531866306829455,CHCL
2023-04-19,482.0,489.8,480.7,484.0,17530.0,8494008.1,0.006237006237006293,0.6237006237006293,CHCL
2023-04-20,485.0,489.8,479.0,482.0,18217.0,8811439.7,-0.004132231404958664,-0.4132231404958664,CHCL
2023-04-23,480.0,480.0,476.2,477.1,11966.0,5709100.7,-0.010165975103734404,-1.0165975103734404,CHCL
2023-04-24,473.0,480.0,472.2,478.0,12801.0,6100160.6,0.0018863969817648485,0.18863969817648485,CHCL
2023-04-25,472.1,479.9,472.1,479.0,9530.0,4539700.6,0.0020920502092049986,0.20920502092049986,CHCL
2023-04-26,477.2,481.0,475.6,478.0,12907.0,6171365.0,-0.0020876826722338038,-0.20876826722338038,CHCL
2023-04-27,475.4,477.0,471.4,475.9,14989.0,7116089.0,-0.004393305439330586,-0.4393305439330586,CHCL
2023-04-30,470.0,473.0,467.2,469.5,9421.0,4432657.9,-0.013448203404076486,-1.3448203404076486,CHCL
2023-05-02,465.0,469.0,465.0,468.0,13899.0,6487581.3,-0.0031948881789137795,-0.31948881789137795,CHCL
2023-05-03,465.0,470.0,460.2,470.0,11516.0,5342577.8,0.004273504273504258,0.42735042735042583,CHCL
2023-05-04,470.0,471.0,458.1,469.0,23898.0,11043804.0,-0.0021276595744680327,-0.21276595744680327,CHCL
2023-05-07,460.1,466.0,460.0,464.0,7879.0,3633610.5,-0.010660980810234588,-1.0660980810234588,CHCL
2023-05-08,465.0,466.6,459.0,461.0,5671.0,2608530.3,-0.006465517241379337,-0.6465517241379337,CHCL
2023-05-09,468.9,468.9,457.0,464.0,14581.0,6720768.6,0.006507592190889477,0.6507592190889477,CHCL
2023-05-10,464.0,470.0,460.0,470.0,10300.0,4781527.7,0.012931034482758674,1.2931034482758674,CHCL
2023-05-11,466.0,472.0,465.0,472.0,8714.0,4075929.1,0.004255319148936065,0.42553191489360653,CHCL
2023-05-14,477.5,477.5,463.0,464.0,8708.0,4039164.1,-0.016949152542372836,-1.6949152542372836,CHCL
2023-05-15,463.0,463.1,459.0,462.5,10737.0,4943791.2,-0.003232758620689613,-0.3232758620689613,CHCL
2023-05-16,461.0,463.0,454.6,460.0,13540.0,6184970.8,-0.00540540540540535,-0.540540540540535,CHCL
2023-05-17,459.0,463.9,458.0,460.9,9956.0,4582880.6,0.0019565217391304124,0.19565217391304124,CHCL
2023-05-18,470.1,470.1,462.0,468.9,13329.0,6235219.9,0.01735734432631797,1.735734432631797,CHCL
2023-05-21,473.0,473.0,463.0,466.0,22216.0,10390592.8,-0.006184687566645253,-0.6184687566645253,CHCL
2023-05-22,462.0,476.0,462.0,472.0,19491.0,9169472.3,0.012875536480686733,1.2875536480686733,CHCL
2023-05-23,472.0,481.0,470.0,480.0,24681.0,11786416.7,0.016949152542372836,1.6949152542372836,CHCL
2023-05-24,480.0,485.0,471.7,475.5,32625.0,15555889.8,-0.009375000000000022,-0.9375000000000022,CHCL
2023-05-28,482.0,510.0,482.0,504.0,167293.0,83829561.7,0.05993690851735023,5.993690851735023,CHCL
2023-05-30,507.0,512.0,494.0,511.0,139919.0,70453816.3,0.01388888888888884,1.388888888888884,CHCL
2023-05-31,509.0,510.0,494.9,497.6,73864.0,37119454.4,-0.02622309197651662,-2.622309197651662,CHCL
2023-06-01,500.0,505.8,493.9,505.0,62693.0,31389971.1,0.014871382636655994,1.4871382636655994,CHCL
2023-06-04,507.0,536.3,507.0,536.0,124750.0,65499913.2,0.06138613861386144,6.138613861386144,CHCL
2023-06-05,536.0,552.0,527.7,549.0,169377.0,91942111.9,0.02425373134328357,2.425373134328357,CHCL
2023-06-06,555.0,558.0,540.0,556.0,109236.0,60182183.8,0.012750455373406133,1.2750455373406133,CHCL
2023-06-07,560.0,562.0,547.2,548.1,95799.0,52931390.5,-0.014208633093525158,-1.4208633093525158,CHCL
2023-06-08,548.1,552.0,540.0,540.0,71555.0,38997234.9,-0.014778325123152802,-1.4778325123152802,CHCL
2023-06-11,545.0,554.0,542.0,550.6,64056.0,35160617.1,0.019629629629629664,1.9629629629629664,CHCL
2023-06-12,555.0,560.0,546.0,547.0,87676.0,48302499.0,-0.006538321830730109,-0.6538321830730109,CHCL
2023-06-13,550.0,569.0,543.2,565.0,110911.0,61911611.9,0.03290676416819016,3.290676416819016,CHCL
2023-06-14,567.0,584.9,560.0,572.0,133016.0,76737107.6,0.012389380530973382,1.2389380530973382,CHCL
2023-06-15,562.1,573.0,560.0,563.1,92537.0,52287724.4,-0.015559440559440474,-1.5559440559440474,CHCL
2023-06-18,570.0,591.0,564.0,588.0,109159.0,63473803.6,0.04421949920085244,4.421949920085244,CHCL
2023-06-19,586.0,594.0,576.3,581.0,62490.0,36438603.2,-0.011904761904761862,-1.1904761904761862,CHCL
2023-06-20,580.0,584.5,566.0,566.0,74305.0,42643556.9,-0.025817555938037917,-2.5817555938037917,CHCL
2023-06-21,567.1,574.0,564.0,567.5,60110.0,34142935.0,0.0026501766784452485,0.26501766784452485,CHCL
2023-06-22,566.0,570.9,556.2,565.0,59663.0,33594936.0,-0.004405286343612369,-0.4405286343612369,CHCL
2023-06-25,563.1,575.4,560.0,571.5,70405.0,39984703.5,0.011504424778761013,1.1504424778761013,CHCL
2023-06-26,580.0,594.0,564.0,573.0,88445.0,51261361.1,0.002624671916010568,0.2624671916010568,CHCL
2023-06-27,574.0,580.0,562.0,574.1,63056.0,36004921.2,0.0019197207678882666,0.19197207678882666,CHCL
2023-06-28,576.0,584.6,560.0,563.0,61798.0,35055861.3,-0.019334610695000864,-1.9334610695000864,CHCL
2023-07-02,556.0,562.0,540.0,545.0,74375.0,40900655.9,-0.03197158081705154,-3.1971580817051537,CHCL
2023-07-03,536.0,551.0,536.0,538.1,49316.0,26790479.8,-0.012660550458715503,-1.2660550458715503,CHCL
2023-07-04,531.0,542.0,531.0,535.0,30538.0,16357914.5,-0.005761010964504765,-0.5761010964504765,CHCL
2023-07-05,540.0,556.6,524.0,524.0,51427.0,27525304.3,-0.020560747663551426,-2.0560747663551426,CHCL
2023-07-06,526.1,547.0,526.0,541.0,38970.0,20898877.3,0.03244274809160297,3.244274809160297,CHCL
2023-07-09,548.9,553.0,542.5,546.0,25452.0,13929562.9,0.009242144177449063,0.9242144177449063,CHCL
2023-07-10,542.1,548.0,535.0,535.2,38133.0,20608685.0,-0.01978021978021971,-1.978021978021971,CHCL
2023-07-11,533.1,535.0,526.1,530.0,35626.0,18815156.0,-0.009715994020926821,-0.9715994020926821,CHCL
2023-07-12,521.0,544.0,519.4,540.0,42745.0,22972068.3,0.018867924528301883,1.8867924528301883,CHCL
2023-07-13,549.0,552.0,536.0,538.0,137437.0,75090985.0,-0.0037037037037036535,-0.37037037037036535,CHCL
2023-07-16,548.0,548.0,528.1,536.7,22932.0,12267132.2,-0.0024163568773233335,-0.24163568773233335,CHCL
2023-07-17,538.0,546.0,530.1,543.0,19305.0,10433964.3,0.01173840134153159,1.173840134153159,CHCL
2023-07-18,553.0,553.0,539.0,540.0,29745.0,16235104.5,-0.0055248618784530246,-0.5524861878453025,CHCL
2023-07-19,540.0,547.5,535.1,538.1,19108.0,10332823.9,-0.0035185185185184764,-0.35185185185184764,CHCL
2023-07-20,548.0,554.9,535.0,542.0,43407.0,23507522.5,0.007247723471473622,0.7247723471473622,CHCL
2023-07-23,552.8,563.0,536.0,555.0,43051.0,23625435.9,0.023985239852398532,2.398523985239853,CHCL
2023-07-24,555.0,557.8,545.1,547.8,38575.0,21255253.4,-0.012972972972973063,-1.2972972972973063,CHCL
2023-07-25,545.0,548.5,535.0,540.0,40474.0,21861106.8,-0.014238773274917738,-1.4238773274917738,CHCL
2023-07-26,535.0,544.0,531.0,532.0,28885.0,15452368.6,-0.014814814814814836,-1.4814814814814836,CHCL
2023-07-27,534.0,538.0,529.8,531.0,38875.0,20698170.6,-0.001879699248120259,-0.1879699248120259,CHCL
2023-07-30,530.0,530.0,517.7,520.0,43470.0,22690984.3,-0.020715630885122405,-2.0715630885122405,CHCL
2023-07-31,528.0,528.0,514.0,514.1,34789.0,18068190.2,-0.011346153846153784,-1.1346153846153784,CHCL
2023-08-01,524.0,524.0,505.2,508.0,34134.0,17423925.8,-0.011865395837385773,-1.1865395837385773,CHCL
2023-08-02,515.0,516.0,501.0,507.0,27099.0,13694808.3,-0.0019685039370078705,-0.19685039370078705,CHCL
2023-08-03,500.0,518.9,500.0,506.0,28979.0,14832714.5,-0.0019723865877712132,-0.19723865877712132,CHCL
2023-08-06,516.1,526.0,489.1,493.7,59731.0,29602960.6,-0.024308300395256888,-2.4308300395256888,CHCL
2023-08-07,483.9,514.0,483.9,495.2,31260.0,15541837.7,0.0030382823577070894,0.30382823577070894,CHCL
2023-08-08,490.0,498.0,488.1,488.2,33028.0,16213879.7,-0.014135702746365109,-1.4135702746365109,CHCL
2023-08-09,496.1,525.4,485.0,510.0,32245.0,16118368.1,0.04465383039737825,4.465383039737825,CHCL
2023-08-10,501.0,520.8,500.0,515.0,38480.0,19817807.1,0.009803921568627416,0.9803921568627416,CHCL
2023-08-13,515.0,523.8,510.0,523.0,65004.0,33479619.8,0.01553398058252431,1.553398058252431,CHCL
2023-08-14,518.0,519.0,506.0,507.0,39336.0,20095317.2,-0.030592734225621365,-3.0592734225621365,CHCL
2023-08-15,510.0,510.0,492.0,495.9,31781.0,15920765.9,-0.021893491124260422,-2.1893491124260422,CHCL
2023-08-16,491.2,501.0,491.1,493.0,24919.0,12350078.7,-0.005847953216374213,-0.5847953216374213,CHCL
2023-08-17,493.0,502.8,493.0,499.5,21422.0,10682839.3,0.013184584178498993,1.3184584178498993,CHCL
2023-08-20,500.0,500.0,486.0,487.8,30310.0,14782381.8,-0.023423423423423406,-2.3423423423423406,CHCL
2023-08-21,485.0,488.1,479.2,479.2,34715.0,16750069.2,-0.017630176301763112,-1.7630176301763112,CHCL
2023-08-22,480.0,487.4,477.1,486.0,22682.0,10946950.8,0.014190317195325486,1.4190317195325486,CHCL
2023-08-23,483.2,502.0,483.1,497.4,18183.0,8997260.9,0.023456790123456805,2.3456790123456805,CHCL
2023-08-24,504.0,504.0,491.1,492.0,20947.0,10375211.5,-0.010856453558504175,-1.0856453558504175,CHCL
2023-08-27,491.0,491.0,480.2,481.0,21779.0,10563765.2,-0.022357723577235755,-2.2357723577235755,CHCL
2023-08-28,481.0,485.0,480.0,481.4,15738.0,7582342.9,0.0008316008316007206,0.08316008316007206,CHCL
2023-08-29,481.0,486.0,477.1,480.0,11106.0,5334712.5,-0.002908184461985819,-0.2908184461985819,CHCL
2023-08-30,482.0,484.0,478.3,481.9,8689.0,4182757.4,0.003958333333333286,0.3958333333333286,CHCL
2023-09-03,476.1,482.9,473.3,474.0,18174.0,8649428.8,-0.016393442622950727,-1.6393442622950727,CHCL
2023-09-04,471.0,487.0,470.0,479.0,15989.0,7589350.9,0.010548523206751037,1.0548523206751037,CHCL
2023-09-05,478.0,479.5,471.0,476.0,7621.0,3619102.5,-0.006263048016701411,-0.6263048016701411,CHCL
2023-09-07,469.3,478.6,469.1,469.4,29344.0,13804595.5,-0.013865546218487457,-1.3865546218487457,CHCL
2023-09-10,470.0,474.0,467.3,472.0,21714.0,10212934.2,0.0055389859394971985,0.5538985939497199,CHCL
2023-09-11,475.0,489.9,472.0,483.0,109789.0,52380014.5,0.02330508474576276,2.330508474576276,CHCL
2023-09-12,480.3,489.9,477.0,480.0,16445.0,7904587.6,-0.006211180124223614,-0.6211180124223614,CHCL
2023-09-13,480.0,490.0,475.1,489.9,22541.0,10915994.9,0.020624999999999893,2.0624999999999893,CHCL
2023-09-17,483.1,493.0,476.2,480.1,24819.0,12008925.1,-0.020004082465809203,-2.0004082465809203,CHCL
2023-09-18,485.0,485.0,475.0,480.0,7749.0,3709043.7,-0.00020828993959598474,-0.020828993959598474,CHCL
2023-09-19,486.0,486.9,477.0,485.5,8063.0,3885556.0,0.011458333333333348,1.1458333333333348,CHCL
2023-09-21,495.0,506.0,493.2,499.9,63366.0,31688518.7,0.029660144181256287,2.9660144181256287,CHCL
2023-09-24,509.8,509.8,490.4,495.0,19230.0,9568196.5,-0.009801960392078368,-0.9801960392078368,CHCL
2023-09-25,499.0,499.0,487.1,492.0,15301.0,7549039.4,-0.0060606060606061,-0.60606060606061,CHCL
2023-09-26,495.0,507.0,495.0,507.0,23074.0,11592168.4,0.030487804878048808,3.0487804878048808,CHCL
2023-09-27,502.0,505.0,495.0,503.0,23103.0,11530238.4,-0.007889546351084853,-0.7889546351084853,CHCL
2023-10-01,496.0,501.9,495.0,495.1,26038.0,12928765.6,-0.01570576540755464,-1.570576540755464,CHCL
2023-10-02,495.0,505.0,489.0,496.5,17971.0,8899510.9,0.0028277115734194336,0.28277115734194336,CHCL
2023-10-03,496.6,498.9,488.0,490.0,20875.0,10266795.5,-0.01309164149043307,-1.309164149043307,CHCL
2023-10-04,493.0,495.0,482.5,487.0,34402.0,16758119.7,-0.006122448979591799,-0.6122448979591799,CHCL
2023-10-05,489.0,490.8,481.0,487.9,12034.0,5815123.0,0.0018480492813142124,0.18480492813142124,CHCL
2023-10-08,488.0,488.0,472.6,473.3,26961.0,12891153.5,-0.029924164787866303,-2.9924164787866303,CHCL
2023-10-09,470.0,477.0,468.0,472.0,11579.0,5450550.7,-0.0027466723008663374,-0.27466723008663374,CHCL
2023-10-10,481.0,481.0,465.0,466.0,12395.0,5829570.1,-0.012711864406779627,-1.2711864406779627,CHCL
2023-10-11,466.0,478.0,466.0,467.5,9071.0,4266176.3,0.0032188841201716833,0.32188841201716833,CHCL
2023-10-12,467.0,475.8,462.5,468.0,22325.0,10406962.7,0.0010695187165774556,0.10695187165774556,CHCL
2023-10-16,461.1,469.0,460.0,469.0,9668.0,4460953.2,0.002136752136752129,0.21367521367521292,CHCL
2023-10-17,475.0,475.0,465.0,472.0,5650.0,2654686.3,0.006396588486140775,0.6396588486140775,CHCL
2023-10-18,472.3,485.0,471.0,484.7,8814.0,4218246.9,0.026906779661016955,2.6906779661016955,CHCL
2023-10-19,476.0,488.9,476.0,481.0,6690.0,3221282.0,-0.007633587786259555,-0.7633587786259555,CHCL
2023-10-29,481.0,481.0,471.0,472.0,6037.0,2853849.9,-0.018711018711018657,-1.8711018711018657,CHCL
2023-10-30,462.8,472.0,462.8,468.0,10362.0,4834334.1,-0.008474576271186418,-0.8474576271186418,CHCL
2023-10-31,461.0,476.0,458.9,469.0,5374.0,2508343.2,0.002136752136752129,0.21367521367521292,CHCL
2023-11-01,470.0,471.9,465.2,465.2,8862.0,4139550.8,-0.008102345415778256,-0.8102345415778256,CHCL
2023-11-02,465.0,469.0,463.0,464.0,6678.0,3102685.7,-0.002579535683576939,-0.2579535683576939,CHCL
2023-11-05,463.5,463.9,455.0,457.0,11398.0,5228201.6,-0.015086206896551713,-1.5086206896551713,CHCL
2023-11-06,455.0,467.0,455.0,464.0,12958.0,5992067.9,0.015317286652078765,1.5317286652078765,CHCL
2023-11-07,464.0,470.0,461.2,465.0,11418.0,5304725.9,0.0021551724137931494,0.21551724137931494,CHCL
2023-11-08,465.0,468.0,461.5,465.0,5402.0,2503976.8,0.0,0.0,CHCL
2023-11-09,460.5,469.0,460.3,466.0,11637.0,5405472.7,0.0021505376344086446,0.21505376344086446,CHCL
2023-11-20,470.0,475.0,466.1,470.0,16499.0,7781320.9,0.008583690987124415,0.8583690987124415,CHCL
2023-11-21,479.4,479.4,462.1,469.8,9891.0,4610813.6,-0.00042553191489358433,-0.04255319148935843,CHCL
2023-11-22,462.0,473.0,461.1,470.2,9481.0,4448807.7,0.0008514261387824185,0.08514261387824185,CHCL
2023-11-23,470.2,483.0,466.0,476.4,15112.0,7209661.6,0.013185878349638358,1.3185878349638358,CHCL
2023-11-26,485.0,490.0,479.0,489.9,17654.0,8580305.3,0.02833753148614604,2.833753148614604,CHCL
2023-11-27,499.0,499.0,480.0,480.3,10444.0,5083988.4,-0.019595835884874346,-1.9595835884874346,CHCL
2023-11-28,473.5,484.9,473.5,481.0,6772.0,3244488.0,0.0014574224443055783,0.14574224443055783,CHCL
2023-11-29,488.0,488.0,475.9,476.5,8678.0,4175235.8,-0.009355509355509328,-0.9355509355509328,CHCL
2023-11-30,467.0,482.0,467.0,478.1,6689.0,3198013.3,0.003357817418677911,0.3357817418677911,CHCL
2023-12-03,475.0,478.0,475.0,477.0,11884.0,5650407.5,-0.0023007738966743796,-0.23007738966743796,CHCL
2023-12-04,474.0,477.0,470.0,473.2,13263.0,6269723.6,-0.007966457023060869,-0.7966457023060869,CHCL
2023-12-05,477.0,480.0,465.0,480.0,15972.0,7541611.9,0.014370245139475823,1.4370245139475823,CHCL
2023-12-06,480.0,489.6,471.0,472.3,6098.0,2891106.2,-0.01604166666666662,-1.604166666666662,CHCL
2023-12-07,472.3,482.0,467.0,479.0,30587.0,14550340.2,0.014185898793140028,1.4185898793140028,CHCL
2023-12-10,488.5,526.0,488.5,526.0,8159.0,4229340.0,0.09812108559498967,9.812108559498967,CHCL
2023-12-11,536.0,536.0,505.1,515.0,102458.0,53030907.0,-0.020912547528517123,-2.0912547528517123,CHCL
2023-12-12,516.0,540.0,516.0,536.0,125905.0,66887802.9,0.040776699029126284,4.077669902912628,CHCL
2023-12-13,536.0,544.0,528.0,531.9,54870.0,29368542.4,-0.007649253731343286,-0.7649253731343286,CHCL
2023-12-14,531.0,544.0,522.1,535.0,47404.0,25283335.0,0.005828163188569269,0.5828163188569269,CHCL
2023-12-17,524.3,566.0,524.3,562.3,97214.0,53634588.0,0.051028037383177516,5.102803738317752,CHCL
2023-12-18,570.0,580.0,553.3,560.0,138093.0,77813906.3,-0.004090343233149496,-0.4090343233149496,CHCL
2023-12-19,562.0,571.2,553.0,558.0,86246.0,48144151.2,-0.0035714285714285587,-0.3571428571428559,CHCL
2023-12-20,569.0,580.0,555.8,567.0,136576.0,77606323.3,0.016129032258064502,1.6129032258064502,CHCL
2023-12-21,568.0,577.0,562.0,571.8,199493.0,113425561.2,0.008465608465608288,0.8465608465608288,CHCL
2023-12-24,530.2,530.2,510.0,513.0,57113.0,29566431.1,-0.10283315844700935,-10.283315844700935,CHCL
2023-12-27,503.0,533.0,499.7,503.0,56394.0,28479016.9,-0.01949317738791423,-1.949317738791423,CHCL
2023-12-28,500.2,501.0,495.0,499.6,46986.0,23357583.0,-0.006759443339960147,-0.6759443339960147,CHCL
2024-01-01,493.0,502.5,486.0,486.0,57023.0,28078865.1,-0.027221777421937543,-2.7221777421937543,CHCL
2024-01-02,483.0,489.0,478.2,483.3,34724.0,16760284.9,-0.005555555555555536,-0.5555555555555536,CHCL
2024-01-03,484.0,492.0,475.2,484.0,36358.0,17451258.0,0.0014483757500516337,0.14483757500516337,CHCL
2024-01-04,493.0,508.0,487.0,499.0,67904.0,33979972.0,0.030991735537190035,3.0991735537190035,CHCL
2024-01-07,508.9,510.0,497.1,500.0,52463.0,26361101.8,0.002004008016031955,0.2004008016031955,CHCL
2024-01-08,505.0,506.2,496.1,502.0,53954.0,27055083.2,0.0040000000000000036,0.40000000000000036,CHCL
2024-01-09,508.0,515.0,502.2,506.0,80798.0,41075328.3,0.007968127490039834,0.7968127490039834,CHCL
2024-01-10,496.1,516.0,496.1,504.0,35552.0,18051140.1,-0.0039525691699604515,-0.39525691699604515,CHCL
2024-01-11,494.0,505.5,494.0,499.0,25301.0,12691128.5,-0.009920634920634885,-0.9920634920634885,CHCL
2024-01-14,508.9,520.0,501.0,519.0,57116.0,29347251.2,0.04008016032064132,4.008016032064132,CHCL
2024-01-16,525.0,529.9,516.1,525.0,54668.0,28620897.4,0.011560693641618602,1.1560693641618602,CHCL
2024-01-17,526.1,529.9,509.9,513.8,74796.0,38870413.4,-0.021333333333333426,-2.1333333333333426,CHCL
2024-01-18,510.0,516.0,503.7,508.5,54657.0,27819821.2,-0.010315297781237742,-1.0315297781237742,CHCL
2024-01-21,508.0,517.0,503.9,512.0,70284.0,35892461.7,0.0068829891838742,0.68829891838742,CHCL
2024-01-22,504.1,509.0,501.9,503.0,24339.0,12277853.6,-0.017578125,-1.7578125,CHCL
2024-01-23,504.0,504.0,497.5,498.0,31777.0,15864299.4,-0.00994035785288272,-0.994035785288272,CHCL
2024-01-24,507.9,507.9,496.0,496.9,19991.0,9965594.5,-0.0022088353413655115,-0.22088353413655115,CHCL
2024-01-25,496.0,497.0,490.0,491.0,47480.0,23436846.9,-0.01187361642181517,-1.187361642181517,CHCL
2024-01-28,490.0,495.0,488.0,494.0,19305.0,9477453.1,0.006109979633401208,0.6109979633401208,CHCL
2024-01-29,495.0,500.0,490.0,493.9,27902.0,13762250.1,-0.00020242914979762272,-0.020242914979762272,CHCL
2024-01-30,500.1,501.8,492.0,498.0,26107.0,13008841.8,0.008301275561854782,0.8301275561854782,CHCL
2024-01-31,498.0,508.0,491.0,493.6,24402.0,12112099.7,-0.008835341365461824,-0.8835341365461824,CHCL
2024-02-01,494.0,494.0,488.1,491.0,15458.0,7577117.3,-0.005267423014586714,-0.5267423014586714,CHCL
2024-02-04,485.1,491.0,483.0,487.1,19956.0,9734562.8,-0.007942973523421548,-0.7942973523421548,CHCL
2024-02-05,487.0,492.0,487.0,488.5,11434.0,5585226.7,0.002874153151303682,0.2874153151303682,CHCL
2024-02-06,497.0,497.0,488.0,490.0,10154.0,4975712.3,0.003070624360286489,0.3070624360286489,CHCL
2024-02-07,495.0,497.0,490.2,493.0,18461.0,9103312.7,0.00612244897959191,0.612244897959191,CHCL
2024-02-08,488.0,495.9,488.0,494.0,11171.0,5504919.8,0.0020283975659229903,0.20283975659229903,CHCL
2024-02-11,502.9,502.9,490.0,494.9,17192.0,8483385.8,0.0018218623481780494,0.18218623481780494,CHCL
2024-02-12,494.0,495.0,489.8,494.5,31662.0,15552667.3,-0.0008082440897150267,-0.08082440897150267,CHCL
2024-02-13,494.0,494.0,484.0,487.9,28554.0,13871613.5,-0.013346814964610765,-1.3346814964610765,CHCL
2024-02-14,481.0,492.6,480.0,485.5,15012.0,7265545.3,-0.004919040787046525,-0.49190407870465247,CHCL
2024-02-15,480.7,490.0,480.0,480.8,15815.0,7625058.3,-0.00968074150360454,-0.968074150360454,CHCL
2024-02-18,477.0,480.0,474.0,474.0,23673.0,11262502.5,-0.014143094841930104,-1.4143094841930104,CHCL
2024-02-20,468.0,476.0,467.8,471.0,20281.0,9565293.5,-0.006329113924050667,-0.6329113924050667,CHCL
2024-02-21,474.0,475.0,466.4,469.0,17569.0,8245324.5,-0.00424628450106157,-0.424628450106157,CHCL
2024-02-22,468.0,472.0,466.0,470.0,31876.0,14940607.8,0.002132196162046851,0.2132196162046851,CHCL
2024-02-25,478.3,478.3,461.2,462.0,38625.0,17942132.9,-0.017021276595744705,-1.7021276595744705,CHCL
2024-02-26,462.0,468.2,455.0,461.0,16063.0,7420146.1,-0.0021645021645021467,-0.21645021645021467,CHCL
2024-02-27,466.5,467.0,455.0,463.0,38654.0,17728079.1,0.00433839479392617,0.433839479392617,CHCL
2024-02-28,464.0,469.9,460.0,462.0,11853.0,5487447.4,-0.002159827213822907,-0.2159827213822907,CHCL
2024-02-29,460.0,463.0,455.0,458.0,17115.0,7827814.5,-0.008658008658008698,-0.8658008658008698,CHCL
2024-03-03,454.5,460.0,452.1,455.6,22676.0,10299469.1,-0.005240174672489051,-0.5240174672489051,CHCL
2024-03-04,464.7,491.6,464.7,491.6,419.0,200935.8,0.07901668129938533,7.901668129938533,CHCL
2024-03-05,485.0,490.0,462.1,465.0,33109.0,15583897.6,-0.05410903173311643,-5.4109031733116435,CHCL
2024-03-06,464.0,476.0,458.0,469.0,46340.0,21561485.8,0.008602150537634357,0.8602150537634357,CHCL
2024-03-07,472.4,478.3,461.0,471.0,16560.0,7826652.4,0.004264392324093924,0.4264392324093924,CHCL
2024-03-10,472.0,482.0,472.0,475.0,22647.0,10782126.9,0.00849256900212314,0.849256900212314,CHCL
2024-03-12,480.9,482.0,470.0,481.0,46130.0,21936830.4,0.012631578947368327,1.2631578947368327,CHCL
2024-03-13,477.1,486.5,473.0,475.0,30843.0,14698993.6,-0.012474012474012475,-1.2474012474012475,CHCL
2024-03-14,471.0,479.4,469.0,475.0,17615.0,8306600.3,0.0,0.0,CHCL
2024-03-17,467.0,476.0,467.0,469.9,19270.0,9070779.3,-0.010736842105263156,-1.0736842105263156,CHCL
2024-03-18,465.0,470.0,464.2,469.0,18822.0,8776782.6,-0.0019153011278995047,-0.19153011278995047,CHCL
2024-03-19,464.1,474.0,464.1,467.0,14278.0,6690617.5,-0.004264392324093813,-0.4264392324093813,CHCL
2024-03-20,462.0,474.8,461.3,467.0,28661.0,13356994.7,0.0,0.0,CHCL
2024-03-21,472.0,472.0,462.0,466.0,9087.0,4218555.3,-0.0021413276231263545,-0.21413276231263545,CHCL
2024-03-25,467.0,468.0,457.0,460.2,16306.0,7504823.2,-0.01244635193133048,-1.244635193133048,CHCL
2024-03-26,458.0,464.0,458.0,460.0,15071.0,6930203.0,-0.0004345936549325913,-0.04345936549325913,CHCL
2024-03-27,460.0,462.0,458.0,458.6,18235.0,8378069.0,-0.003043478260869481,-0.3043478260869481,CHCL
2024-03-28,457.3,463.0,456.5,462.0,24217.0,11125868.2,0.007413868294810166,0.7413868294810166,CHCL
2024-03-31,464.0,469.0,456.0,458.0,33420.0,15297608.7,-0.008658008658008698,-0.8658008658008698,CHCL
2024-04-01,458.0,462.0,454.2,457.5,29077.0,13245452.3,-0.0010917030567685337,-0.10917030567685337,CHCL
2024-04-02,458.0,458.0,452.6,452.7,26171.0,11866867.9,-0.010491803278688594,-1.0491803278688594,CHCL
2024-04-03,453.5,457.9,449.3,450.2,28424.0,12822859.4,-0.005522421029379276,-0.5522421029379276,CHCL
2024-04-04,450.0,452.0,449.0,449.1,23378.0,10516788.2,-0.002443358507330018,-0.2443358507330018,CHCL
2024-04-07,446.0,453.0,446.0,453.0,30103.0,13528720.4,0.00868403473613899,0.868403473613899,CHCL
2024-04-09,461.9,461.9,450.0,456.0,32513.0,14699148.8,0.0066225165562914245,0.6622516556291425,CHCL
2024-04-10,460.0,460.0,452.0,454.0,15768.0,7156523.0,-0.004385964912280715,-0.43859649122807154,CHCL
2024-04-14,455.0,460.0,450.0,454.5,44702.0,20228857.6,0.0011013215859030367,0.11013215859030367,CHCL
2024-04-15,460.0,460.0,446.8,450.3,33599.0,15076605.8,-0.009240924092409175,-0.9240924092409175,CHCL
2024-04-16,446.0,450.3,442.0,442.0,23780.0,10606518.1,-0.018432156340217665,-1.8432156340217665,CHCL
2024-04-18,438.2,449.9,438.2,445.0,14654.0,6501997.5,0.006787330316742057,0.6787330316742057,CHCL
2024-04-21,447.0,447.0,438.2,440.0,23034.0,10140475.9,-0.011235955056179803,-1.1235955056179803,CHCL
2024-04-22,440.5,444.0,438.0,438.0,24120.0,10610728.7,-0.004545454545454519,-0.4545454545454519,CHCL
2024-04-24,438.1,444.0,438.1,438.8,11955.0,5256371.8,0.0018264840182649067,0.18264840182649067,CHCL
2024-04-25,439.1,443.9,430.0,440.0,47743.0,20743307.9,0.0027347310847767314,0.27347310847767314,CHCL
2024-04-28,437.5,444.8,434.0,435.3,57951.0,25375051.0,-0.010681818181818126,-1.0681818181818126,CHCL
2024-04-29,430.5,446.9,430.5,437.0,18859.0,8234848.1,0.0039053526303698405,0.39053526303698405,CHCL
2024-04-30,444.9,445.5,437.0,442.0,14587.0,6439643.9,0.011441647597254079,1.1441647597254079,CHCL
2024-05-02,450.8,450.8,435.0,435.0,25307.0,11084503.8,-0.015837104072398245,-1.5837104072398245,CHCL
2024-05-05,431.0,440.0,429.0,430.1,32100.0,13884995.7,-0.011264367816091858,-1.1264367816091858,CHCL
2024-05-06,435.0,435.0,427.5,429.0,22400.0,9668171.5,-0.002557544757033292,-0.2557544757033292,CHCL
2024-05-07,437.0,437.0,426.5,428.5,6978.0,2986599.3,-0.0011655011655011815,-0.11655011655011815,CHCL
2024-05-08,430.0,431.0,428.0,430.0,10297.0,4418612.9,0.003500583430571691,0.3500583430571691,CHCL
2024-05-09,438.0,447.0,430.0,435.0,22757.0,9868926.0,0.011627906976744207,1.1627906976744207,CHCL
2024-05-12,435.0,435.0,426.3,432.0,14998.0,6465964.6,-0.006896551724137945,-0.6896551724137945,CHCL
2024-05-13,439.0,439.0,429.1,431.2,27240.0,11735651.7,-0.0018518518518518823,-0.18518518518518823,CHCL
2024-05-14,439.0,448.0,431.0,440.0,41028.0,17995183.4,0.020408163265306145,2.0408163265306145,CHCL
2024-05-15,441.0,446.0,434.3,434.3,30430.0,13392851.4,-0.01295454545454544,-1.295454545454544,CHCL
2024-05-16,442.9,442.9,434.1,437.0,9342.0,4079688.2,0.00621690075984338,0.621690075984338,CHCL
2024-05-19,437.0,453.0,437.0,448.9,66751.0,29881705.0,0.027231121281464432,2.723112128146443,CHCL
2024-05-20,450.0,456.0,447.8,448.1,49360.0,22273978.7,-0.0017821341055913598,-0.17821341055913598,CHCL
2024-05-21,457.0,457.0,449.0,451.0,31308.0,14134980.5,0.006471769694264662,0.6471769694264662,CHCL
2024-05-22,451.0,458.0,445.0,453.9,20627.0,9361450.5,0.0064301552106429405,0.643015521064294,CHCL
2024-05-26,450.1,458.0,448.0,449.0,19335.0,8718788.9,-0.010795329367702111,-1.0795329367702111,CHCL
2024-05-27,450.0,455.0,449.1,453.0,24376.0,11011761.0,0.008908685968819663,0.8908685968819663,CHCL
2024-05-29,462.0,462.0,447.2,448.1,26580.0,11996236.8,-0.010816777041942505,-1.0816777041942505,CHCL
2024-05-30,444.0,450.0,443.0,444.0,23225.0,10354233.0,-0.009149743360857054,-0.9149743360857054,CHCL
2024-06-02,444.0,449.9,444.0,446.0,11980.0,5332990.7,0.0045045045045044585,0.45045045045044585,CHCL
2024-06-03,453.9,453.9,443.2,444.0,8271.0,3677618.6,-0.004484304932735439,-0.4484304932735439,CHCL
2024-06-04,442.0,444.0,437.2,437.2,50349.0,22139352.1,-0.015315315315315381,-1.531531531531538,CHCL
2024-06-05,440.0,440.0,429.9,434.0,60548.0,26150289.8,-0.007319304666056681,-0.7319304666056681,CHCL
2024-06-06,434.0,439.0,432.0,432.5,8881.0,3848943.7,-0.003456221198156695,-0.3456221198156695,CHCL
2024-06-09,441.1,441.1,432.6,434.9,17846.0,7735569.2,0.005549132947976876,0.5549132947976876,CHCL
2024-06-10,443.5,443.5,429.6,434.5,41446.0,17939497.2,-0.0009197516670498285,-0.09197516670498285,CHCL
2024-06-11,443.1,443.1,430.0,441.0,23520.0,10314600.4,0.014959723820483273,1.4959723820483273,CHCL
2024-06-12,441.0,445.7,438.0,440.0,12853.0,5684364.5,-0.0022675736961451642,-0.22675736961451642,CHCL
2024-06-13,446.0,446.0,434.2,441.0,32329.0,14201615.6,0.002272727272727204,0.2272727272727204,CHCL
2024-06-16,442.0,442.9,437.1,440.0,32651.0,14382019.6,-0.0022675736961451642,-0.22675736961451642,CHCL
2024-06-18,439.9,442.0,436.0,436.0,34690.0,15237306.8,-0.009090909090909038,-0.9090909090909038,CHCL
2024-06-19,442.0,442.0,434.1,435.1,13264.0,5776416.0,-0.002064220183486176,-0.20642201834861762,CHCL
2024-06-20,443.8,443.8,431.0,433.5,9149.0,3978247.2,-0.0036773155596414586,-0.36773155596414586,CHCL
2024-06-23,432.0,440.6,431.1,436.0,40911.0,17790508.4,0.005767012687427853,0.5767012687427853,CHCL
2024-06-24,437.0,439.9,432.1,435.0,19900.0,8652143.1,-0.002293577981651418,-0.2293577981651418,CHCL
2024-06-25,430.1,441.5,430.1,441.0,30001.0,13158025.0,0.01379310344827589,1.379310344827589,CHCL
2024-06-26,436.0,439.0,434.5,435.0,16588.0,7230670.9,-0.013605442176870763,-1.3605442176870763,CHCL
2024-06-27,432.0,435.0,431.1,433.0,12682.0,5482951.8,-0.0045977011494252595,-0.45977011494252595,CHCL
2024-06-30,432.0,433.0,429.4,431.1,25109.0,10818829.8,-0.004387990762124705,-0.4387990762124705,CHCL
2024-07-01,428.0,435.0,427.0,431.0,16699.0,7201624.0,-0.0002319647413593362,-0.02319647413593362,CHCL
2024-07-02,439.6,457.2,436.0,439.0,26519.0,11694862.3,0.018561484918793614,1.8561484918793614,CHCL
2024-07-03,433.0,439.0,433.0,437.9,16704.0,7293680.7,-0.0025056947608200764,-0.25056947608200764,CHCL
2024-07-04,435.0,442.8,435.0,440.0,18812.0,8266382.1,0.004795615437314549,0.4795615437314549,CHCL
2024-07-07,440.0,444.9,438.0,441.3,30476.0,13449526.6,0.002954545454545432,0.2954545454545432,CHCL
2024-07-08,445.0,446.0,438.0,438.0,22735.0,10005228.8,-0.007477906186267869,-0.7477906186267869,CHCL
2024-07-09,438.1,443.0,436.3,442.0,26043.0,11442917.5,0.009132420091324311,0.9132420091324311,CHCL
2024-07-10,443.6,452.0,441.2,444.0,28000.0,12496488.8,0.004524886877828038,0.4524886877828038,CHCL
2024-07-11,450.0,450.0,442.0,444.0,33155.0,14736255.5,0.0,0.0,CHCL
2024-07-14,450.0,459.0,449.0,457.9,50873.0,23058646.1,0.03130630630630615,3.1306306306306153,CHCL
2024-07-15,460.0,465.0,455.1,465.0,65737.0,30222602.7,0.015505568901506894,1.5505568901506894,CHCL
2024-07-16,456.3,503.0,456.2,498.0,173642.0,83932213.8,0.07096774193548394,7.096774193548394,CHCL
2024-07-17,500.0,535.0,500.0,535.0,305266.0,158768408.0,0.07429718875502012,7.429718875502012,CHCL
2024-07-18,543.0,545.7,525.1,543.0,216296.0,115715862.4,0.01495327102803734,1.495327102803734,CHCL
2024-07-21,543.0,555.0,527.4,544.0,251633.0,137381069.8,0.0018416206261511192,0.18416206261511192,CHCL
2024-07-22,545.0,552.8,527.2,544.9,288414.0,155623906.4,0.001654411764705932,0.1654411764705932,CHCL
2024-07-23,551.2,561.0,535.0,556.0,287235.0,157943314.7,0.020370710222059163,2.0370710222059163,CHCL
2024-07-24,567.1,567.1,543.0,547.0,228960.0,125717223.3,-0.01618705035971224,-1.618705035971224,CHCL
2024-07-25,540.0,559.0,540.0,559.0,179481.0,98936436.5,0.021937842778793515,2.1937842778793515,CHCL
2024-07-28,570.0,580.0,546.2,580.0,294405.0,166048599.5,0.0375670840787119,3.75670840787119,CHCL
2024-07-29,568.5,617.3,568.5,595.4,502486.0,302700048.3,0.026551724137930943,2.6551724137930943,CHCL
2024-07-30,600.0,624.0,592.1,624.0,458052.0,277623642.3,0.048034934497816595,4.8034934497816595,CHCL
2024-07-31,624.0,641.0,620.0,637.0,393176.0,248081832.9,0.02083333333333326,2.083333333333326,CHCL
2024-08-01,638.0,645.6,623.1,625.0,259707.0,164221195.5,-0.01883830455259028,-1.883830455259028,CHCL
2024-08-05,625.0,642.0,618.7,627.0,338418.0,213672925.3,0.0032000000000000917,0.32000000000000917,CHCL
2024-08-06,630.0,635.0,590.0,594.0,347751.0,213168956.6,-0.052631578947368474,-5.263157894736848,CHCL
2024-08-07,582.2,653.0,582.2,652.0,556516.0,350013558.5,0.09764309764309775,9.764309764309775,CHCL
2024-08-08,665.0,697.0,660.0,673.0,441334.0,297834045.5,0.03220858895705514,3.220858895705514,CHCL
2024-08-11,673.0,685.0,667.0,678.6,418051.0,282489073.2,0.008320950965824636,0.8320950965824636,CHCL
2024-08-12,678.6,690.0,668.4,677.0,501315.0,340543033.1,-0.0023577954612438168,-0.23577954612438168,CHCL
2024-08-13,685.0,686.0,660.1,662.0,311116.0,208014291.2,-0.02215657311669128,-2.215657311669128,CHCL
2024-08-14,663.3,687.0,654.1,673.0,216691.0,144864062.0,0.0166163141993958,1.6616314199395799,CHCL
2024-08-15,673.0,688.0,662.5,662.7,260274.0,175822920.0,-0.01530460624071317,-1.530460624071317,CHCL
2024-08-18,668.0,670.0,639.0,639.0,226349.0,147773833.3,-0.03576278859212323,-3.576278859212323,CHCL
2024-08-21,651.7,652.0,633.3,639.0,234385.0,150414735.3,0.0,0.0,CHCL
2024-08-22,643.9,646.5,633.1,635.1,171438.0,109435984.8,-0.006103286384976481,-0.6103286384976481,CHCL
2024-08-25,647.0,647.0,615.2,620.9,199604.0,123932520.5,-0.022358683671862778,-2.235868367186278,CHCL
2024-08-27,621.0,621.0,593.0,600.0,241831.0,145554800.6,-0.033660814946046,-3.3660814946046003,CHCL
2024-08-28,602.2,620.0,585.0,588.1,146018.0,87523235.7,-0.01983333333333326,-1.9833333333333258,CHCL
2024-08-29,598.9,598.9,572.0,578.0,156721.0,90962916.4,-0.01717395000850197,-1.717395000850197,CHCL
2024-09-01,567.0,589.5,567.0,572.0,105872.0,61023905.5,-0.01038062283737029,-1.038062283737029,CHCL
2024-09-02,561.0,599.0,561.0,597.0,169456.0,98572164.1,0.04370629370629375,4.370629370629375,CHCL
2024-09-03,600.0,608.0,581.0,595.0,92028.0,54538281.9,-0.00335008375209378,-0.335008375209378,CHCL
2024-09-04,606.9,606.9,570.4,572.5,222584.0,128914166.0,-0.037815126050420145,-3.7815126050420145,CHCL
2024-09-05,572.0,579.9,566.0,568.1,79248.0,45228422.3,-0.007685589519650593,-0.7685589519650593,CHCL
2024-09-08,579.0,579.0,560.0,560.5,60051.0,34168751.5,-0.013377926421404673,-1.3377926421404673,CHCL
2024-09-09,561.0,564.1,544.0,545.1,78302.0,43245026.9,-0.027475468331846553,-2.7475468331846553,CHCL
2024-09-10,555.0,566.0,539.6,546.0,56725.0,31104252.8,0.00165107319757829,0.165107319757829,CHCL
2024-09-11,545.1,562.0,545.0,552.3,52106.0,28860863.4,0.011538461538461497,1.1538461538461497,CHCL
2024-09-12,551.4,565.0,551.0,565.0,48654.0,27121932.8,0.02299474923049072,2.299474923049072,CHCL
2024-09-15,565.0,576.0,548.0,554.0,64919.0,36273738.7,-0.019469026548672552,-1.9469026548672552,CHCL
2024-09-16,549.0,554.0,540.0,540.0,70829.0,38489287.4,-0.02527075812274371,-2.527075812274371,CHCL
2024-09-18,536.0,547.0,533.1,539.1,31194.0,16823895.0,-0.0016666666666665941,-0.1666666666666594,CHCL
2024-09-22,539.0,561.0,539.0,552.8,54534.0,30037126.2,0.02541272491189006,2.541272491189006,CHCL
2024-09-23,563.8,563.8,542.0,543.0,55521.0,30174053.0,-0.017727930535455738,-1.7727930535455738,CHCL
2024-09-24,540.1,550.0,536.1,538.0,61115.0,33073116.5,-0.009208103130755041,-0.9208103130755041,CHCL
2024-09-25,538.0,551.6,536.0,551.6,54261.0,29643088.4,0.02527881040892188,2.527881040892188,CHCL
2024-09-26,553.0,559.0,544.0,544.0,31843.0,17494996.1,-0.013778100072516342,-1.3778100072516342,CHCL
2024-09-29,540.0,545.1,534.6,544.0,37502.0,20264484.5,0.0,0.0,CHCL
2024-09-30,542.0,554.0,540.0,550.0,29320.0,16044851.6,0.011029411764705843,1.1029411764705843,CHCL
2024-10-01,551.0,575.0,550.1,574.0,92471.0,52076813.6,0.043636363636363695,4.3636363636363695,CHCL
2024-10-02,575.1,580.0,555.1,564.2,36050.0,20412320.7,-0.01707317073170722,-1.7073170731707221,CHCL
2024-10-06,575.4,579.0,557.7,577.0,42421.0,24090924.9,0.022686990428925746,2.2686990428925746,CHCL
2024-10-07,578.0,601.8,578.0,583.7,85880.0,50725407.9,0.011611785095320792,1.1611785095320792,CHCL
2024-10-08,595.0,595.0,576.0,579.0,132639.0,78114945.7,-0.00805208154874082,-0.8052081548740819,CHCL
2024-10-09,579.0,588.0,578.0,587.0,15559.0,9088800.4,0.013816925734024155,1.3816925734024155,CHCL
2024-10-15,590.0,590.0,584.0,584.0,12312.0,7208908.4,-0.005110732538330498,-0.5110732538330498,CHCL
2024-10-16,595.6,599.0,585.3,598.7,156885.0,93325474.7,0.025171232876712413,2.5171232876712413,CHCL
2024-10-17,595.0,601.8,589.0,595.0,53912.0,32153799.9,-0.006180056789711119,-0.6180056789711119,CHCL
2024-10-20,583.1,590.0,571.5,579.0,45353.0,26425440.2,-0.026890756302521024,-2.6890756302521024,CHCL
2024-10-21,568.6,577.0,566.5,572.0,45218.0,25709785.0,-0.012089810017271163,-1.2089810017271163,CHCL
2024-10-22,572.0,577.0,560.0,577.0,30932.0,17581113.4,0.00874125874125875,0.8741258741258751,CHCL
2024-10-23,570.0,582.4,563.5,568.9,33394.0,19014211.7,-0.01403812824956674,-1.403812824956674,CHCL
2024-10-24,563.0,572.0,561.1,563.0,30731.0,17327874.0,-0.010370891193531295,-1.0370891193531295,CHCL
2024-10-27,560.3,570.0,560.2,563.3,14772.0,8338795.9,0.000532859680284048,0.053285968028404795,CHCL
2024-10-28,563.0,572.5,563.0,572.0,22543.0,12848334.4,0.015444700869873929,1.5444700869873929,CHCL
2024-10-29,578.9,585.0,572.2,583.0,52181.0,30330010.4,0.019230769230769162,1.9230769230769162,CHCL
2024-10-30,592.0,592.0,580.3,585.0,29479.0,17209401.8,0.0034305317324185847,0.34305317324185847,CHCL
2024-11-05,592.0,602.0,588.1,591.7,89818.0,53362095.1,0.011452991452991501,1.1452991452991501,CHCL
2024-11-06,592.0,599.4,584.6,589.8,37928.0,22338989.8,-0.0032110866993410037,-0.32110866993410037,CHCL
2024-11-10,585.1,608.0,585.1,602.0,99027.0,59414406.9,0.020684977958630224,2.0684977958630224,CHCL
2024-11-11,610.0,610.0,597.0,600.0,69721.0,42011098.0,-0.0033222591362126463,-0.33222591362126463,CHCL
2024-11-12,605.0,605.0,592.2,592.2,61989.0,37050039.0,-0.0129999999999999,-1.29999999999999,CHCL
2024-11-13,604.0,604.0,585.0,585.0,31884.0,18807275.1,-0.012158054711246313,-1.2158054711246313,CHCL
2024-11-14,596.7,596.7,581.2,593.0,57609.0,33923162.4,0.013675213675213627,1.3675213675213627,CHCL
2024-11-17,597.2,605.0,595.0,595.0,72076.0,43232569.8,0.003372681281618828,0.3372681281618828,CHCL
2024-11-19,595.0,597.0,578.0,580.0,61712.0,35993329.4,-0.025210084033613467,-2.5210084033613467,CHCL
2024-11-20,576.0,585.5,574.3,580.0,25515.0,14776312.0,0.0,0.0,CHCL
2024-11-21,580.0,580.9,574.0,579.0,37350.0,21528270.5,-0.0017241379310344307,-0.17241379310344307,CHCL
2024-11-24,589.0,610.0,583.0,592.0,177740.0,106574155.4,0.022452504317789224,2.2452504317789224,CHCL
2024-11-25,598.9,598.9,585.0,592.0,55269.0,32652124.5,0.0,0.0,CHCL
2024-11-26,603.8,603.8,580.0,588.0,54793.0,32116927.0,-0.006756756756756799,-0.6756756756756799,CHCL
2024-11-27,587.1,598.0,587.0,594.0,54881.0,32506233.5,0.010204081632652962,1.0204081632652962,CHCL
2024-11-28,600.0,600.0,586.5,592.9,29979.0,17710231.9,-0.0018518518518518823,-0.18518518518518823,CHCL
2024-12-01,583.0,589.7,576.0,580.5,53163.0,30946190.9,-0.020914150784280605,-2.0914150784280605,CHCL
2024-12-02,580.1,588.1,579.0,582.5,43916.0,25598358.3,0.003445305770887197,0.3445305770887197,CHCL
2024-12-03,587.2,587.2,579.0,581.0,34878.0,20238247.0,-0.0025751072961373023,-0.2575107296137302,CHCL
2024-12-04,571.1,586.5,571.1,583.9,35473.0,20594236.7,0.004991394148020634,0.49913941480206336,CHCL
2024-12-05,578.0,582.0,572.0,572.6,36194.0,20824569.9,-0.019352628874807265,-1.9352628874807265,CHCL
2024-12-08,572.0,576.3,561.4,565.2,51782.0,29429847.4,-0.012923506811037377,-1.2923506811037377,CHCL
2024-12-09,560.0,573.0,560.0,565.0,21212.0,12011787.1,-0.00035385704175516786,-0.035385704175516786,CHCL
2024-12-10,556.0,570.0,556.0,560.5,17151.0,9689765.1,-0.007964601769911539,-0.7964601769911539,CHCL
2024-12-11,561.2,574.4,561.2,570.0,29983.0,17023819.1,0.016949152542372836,1.6949152542372836,CHCL
2024-12-12,570.0,577.0,555.0,560.0,40706.0,22953239.5,-0.01754385964912286,-1.7543859649122862,CHCL
2024-12-16,550.2,560.0,550.2,557.0,32071.0,17862388.1,-0.005357142857142838,-0.5357142857142838,CHCL
2024-12-17,568.0,572.0,563.1,563.5,65659.0,37126381.8,0.011669658886894085,1.1669658886894085,CHCL
2024-12-18,569.0,569.0,563.1,566.0,27727.0,15714947.0,0.004436557231588312,0.4436557231588312,CHCL
2024-12-19,567.1,567.9,557.5,563.9,36473.0,20452290.5,-0.0037102473498233923,-0.37102473498233923,CHCL
2024-12-22,558.0,567.8,558.0,563.9,24520.0,13795719.0,0.0,0.0,CHCL
2024-12-23,563.1,568.0,560.0,564.0,22800.0,12843519.6,0.0001773364071644412,0.01773364071644412,CHCL
2024-12-24,564.0,575.0,564.0,569.0,27483.0,15704569.0,0.00886524822695045,0.8865248226950451,CHCL
2024-12-26,557.7,580.0,557.7,570.0,33709.0,19173013.4,0.0017574692442883233,0.17574692442883233,CHCL
2024-12-29,570.0,575.0,566.0,570.0,91066.0,51935385.5,0.0,0.0,CHCL
2024-12-31,517.0,520.0,498.0,504.8,64875.0,32519210.0,-0.1143859649122807,-11.43859649122807,CHCL
2025-01-01,500.0,508.9,500.0,508.5,18272.0,9234125.9,0.007329635499207621,0.7329635499207621,CHCL
2025-01-02,509.0,514.7,509.0,510.3,18067.0,9251702.9,0.003539823008849474,0.3539823008849474,CHCL
2025-01-05,519.8,519.8,502.7,509.0,27092.0,13731051.4,-0.0025475210660396153,-0.2547521066039615,CHCL
2025-01-06,501.0,515.3,501.0,515.3,37855.0,19374081.0,0.012377210216109935,1.2377210216109935,CHCL
2025-01-07,525.6,525.6,507.0,512.0,29705.0,15177235.6,-0.0064040364836016606,-0.6404036483601661,CHCL
2025-01-08,522.2,522.2,509.0,511.0,22756.0,11647180.2,-0.001953125,-0.1953125,CHCL
2025-01-09,511.0,517.0,509.2,510.5,119900.0,61182991.5,-0.0009784735812132794,-0.09784735812132794,CHCL
2025-01-12,520.7,520.7,500.2,504.0,17006.0,8586189.9,-0.012732615083251742,-1.2732615083251742,CHCL
2025-01-13,500.0,513.1,500.0,501.4,124943.0,63861207.1,-0.005158730158730251,-0.5158730158730251,CHCL
2025-01-15,511.4,512.0,500.0,500.4,14058.0,7064739.9,-0.001994415636218605,-0.1994415636218605,CHCL
2025-01-16,500.4,509.7,497.1,498.6,17960.0,9015503.6,-0.00359712230215814,-0.359712230215814,CHCL
2025-01-19,501.0,507.0,496.0,500.1,28946.0,14525770.3,0.0030084235860408093,0.30084235860408093,CHCL
2025-01-20,509.9,509.9,499.0,501.0,60133.0,30078325.1,0.00179964007198552,0.179964007198552,CHCL
2025-01-21,498.0,501.0,498.0,500.0,31036.0,15522052.2,-0.001996007984031989,-0.1996007984031989,CHCL
2025-01-22,500.0,514.9,499.0,514.9,71874.0,36352247.1,0.02980000000000005,2.980000000000005,CHCL
2025-01-23,520.0,520.0,505.1,519.0,38557.0,19717041.0,0.007962711206059403,0.7962711206059403,CHCL
2025-01-26,510.0,516.8,502.2,510.9,19977.0,10244313.5,-0.015606936416185047,-1.5606936416185047,CHCL
2025-01-27,511.0,511.0,503.3,508.4,26490.0,13399285.1,-0.004893325504012558,-0.4893325504012558,CHCL
2025-01-28,505.0,510.2,498.0,505.0,58366.0,29370376.6,-0.0066876475216364195,-0.668764752163642,CHCL
2025-02-02,507.0,520.5,507.0,518.0,88364.0,45373090.6,0.025742574257425765,2.5742574257425765,CHCL
2025-02-03,511.0,541.6,511.0,526.5,160753.0,85521170.4,0.01640926640926632,1.640926640926632,CHCL
2025-02-04,527.0,533.0,523.0,524.0,78784.0,41511465.9,-0.0047483380816714105,-0.47483380816714105,CHCL
2025-02-05,527.6,527.6,520.0,520.4,59283.0,31033842.3,-0.006870229007633677,-0.6870229007633677,CHCL
2025-02-06,526.5,543.0,518.0,535.0,156443.0,83275436.9,0.028055342044581044,2.8055342044581044,CHCL
2025-02-09,535.1,536.0,523.0,524.1,62587.0,33159205.4,-0.020373831775700846,-2.0373831775700846,CHCL
2025-02-10,531.0,531.0,517.5,524.9,48931.0,25590475.1,0.0015264262545315876,0.15264262545315876,CHCL
2025-02-11,516.5,529.0,515.1,525.0,44446.0,23280349.3,0.00019051247856749498,0.019051247856749498,CHCL
2025-02-12,515.6,531.9,515.6,529.0,59327.0,31407334.7,0.007619047619047636,0.7619047619047636,CHCL
2025-02-13,520.1,540.6,520.0,534.0,103270.0,55041697.6,0.00945179584120992,0.945179584120992,CHCL
2025-02-16,528.3,534.0,527.0,533.0,33847.0,17979540.2,-0.0018726591760299671,-0.1872659176029967,CHCL
2025-02-17,535.0,535.0,525.0,526.0,30226.0,16012876.5,-0.013133208255159512,-1.3133208255159512,CHCL
2025-02-18,530.2,530.2,520.0,522.0,37625.0,19748161.3,-0.0076045627376425395,-0.760456273764254,CHCL
2025-02-20,520.1,524.0,511.6,518.0,37492.0,19353206.2,-0.007662835249042099,-0.7662835249042099,CHCL
2025-02-23,516.0,520.0,508.0,516.9,43214.0,22258748.8,-0.002123552123552197,-0.2123552123552197,CHCL
2025-02-24,513.1,525.3,511.0,524.0,51064.0,26497812.9,0.013735732249951615,1.3735732249951615,CHCL
2025-02-25,517.0,530.0,510.6,524.8,100372.0,51892435.2,0.0015267175572517555,0.15267175572517555,CHCL
2025-02-27,528.4,540.0,515.0,540.0,73973.0,39237016.6,0.028963414634146423,2.8963414634146423,CHCL
2025-03-02,540.0,551.0,536.0,550.7,125379.0,68684198.9,0.01981481481481495,1.9814814814814952,CHCL
2025-03-03,556.2,558.3,537.0,539.0,91865.0,49966390.2,-0.021245687307063776,-2.1245687307063776,CHCL
2025-03-04,540.0,541.0,530.0,533.0,57440.0,30785549.4,-0.011131725417439675,-1.1131725417439675,CHCL
2025-03-05,533.0,533.0,521.0,522.8,47580.0,24924370.4,-0.019136960600375286,-1.9136960600375286,CHCL
2025-03-06,525.5,529.7,518.0,529.6,43314.0,22659791.7,0.013006885998469997,1.3006885998469997,CHCL
2025-03-09,530.0,533.4,520.0,525.0,68805.0,36392707.8,-0.008685800604229632,-0.8685800604229632,CHCL
2025-03-10,532.0,534.0,515.1,516.3,23864.0,12463393.7,-0.01657142857142868,-1.6571428571428681,CHCL
2025-03-11,517.0,525.6,512.0,513.0,43104.0,22376521.6,-0.00639163277164434,-0.639163277164434,CHCL
2025-03-12,507.1,515.5,507.1,510.0,29039.0,14853732.5,-0.005847953216374324,-0.5847953216374324,CHCL
2025-03-16,511.0,512.0,504.0,505.1,29650.0,15020292.1,-0.009607843137254823,-0.9607843137254823,CHCL
2025-03-17,506.0,510.0,500.0,503.9,25453.0,12824806.4,-0.002375767174816912,-0.23757671748169118,CHCL
2025-03-18,504.2,507.0,495.0,502.3,53148.0,26631111.4,-0.003175233181186621,-0.3175233181186621,CHCL
2025-03-19,501.0,503.7,495.0,498.8,28874.0,14392380.3,-0.006967947441767874,-0.6967947441767874,CHCL
2025-03-20,499.0,499.0,490.1,491.23,31034.0,15319492.2,-0.015176423416198848,-1.5176423416198848,CHCL
2025-03-23,496.0,496.0,482.0,483.35,43867.0,21329286.7,-0.016041365551778153,-1.6041365551778153,CHCL
2025-03-24,485.3,496.3,478.6,489.75,46495.0,22591590.7,0.01324092272680244,1.324092272680244,CHCL
2025-03-25,485.0,485.0,476.0,476.91,53572.0,25705588.1,-0.026217457886676843,-2.6217457886676843,CHCL
2025-03-26,482.0,483.0,476.5,478.53,33332.0,15983913.0,0.0033968673334590083,0.3396867333459008,CHCL
2025-03-27,478.0,498.0,477.3,488.59,45311.0,21816264.7,0.021022715399243497,2.1022715399243497,CHCL
2025-03-30,485.0,498.3,480.0,490.31,68326.0,33491371.2,0.0035203340223910473,0.35203340223910473,CHCL
2025-04-01,490.0,491.0,481.0,483.04,39625.0,19183954.5,-0.014827354122901815,-1.4827354122901815,CHCL
2025-04-02,480.3,487.0,480.0,481.34,31846.0,15387883.7,-0.0035193772772441623,-0.3519377277244162,CHCL
2025-04-03,481.5,486.6,480.2,481.48,27770.0,13448336.3,0.0002908546973034998,0.029085469730349978,CHCL
2025-04-07,481.0,483.0,476.9,477.23,108920.0,52257925.9,-0.008826950236769937,-0.8826950236769937,CHCL
2025-04-08,478.0,478.1,472.5,473.33,35484.0,16824433.0,-0.008172160174339527,-0.8172160174339527,CHCL
2025-04-09,482.0,482.0,473.0,475.25,44671.0,21297405.5,0.004056366594130889,0.4056366594130889,CHCL
2025-04-10,474.0,479.8,470.0,473.93,50652.0,23945185.1,-0.0027774855339295357,-0.27774855339295357,CHCL
2025-04-13,480.0,480.0,473.0,475.08,24766.0,11776071.6,0.002426518684193857,0.24265186841938569,CHCL
2025-04-15,475.0,487.7,471.0,484.11,42529.0,20525032.6,0.019007325082091464,1.9007325082091464,CHCL
2025-04-16,485.1,485.5,474.5,483.45,72379.0,34683107.4,-0.0013633265167007913,-0.13633265167007913,CHCL
2025-04-17,483.0,498.0,483.0,489.25,74572.0,36592208.1,0.01199710414727484,1.199710414727484,CHCL
2025-04-20,488.0,512.0,487.0,495.02,127350.0,63645436.0,0.011793561573837374,1.1793561573837374,CHCL
2025-04-21,504.9,504.9,494.0,496.72,71234.0,35494212.6,0.0034342046785988956,0.34342046785988956,CHCL
2025-04-22,499.8,499.8,486.1,487.77,49812.0,24462460.0,-0.018018199387985323,-1.8018199387985323,CHCL
2025-04-23,486.0,492.0,474.1,475.11,145368.0,69219887.5,-0.0259548557721877,-2.59548557721877,CHCL
2025-04-24,476.0,480.0,469.7,477.07,54611.0,25834951.6,0.004125360442844839,0.41253604428448387,CHCL
2025-04-27,480.1,498.6,476.3,489.72,101346.0,49336282.2,0.026516024902005997,2.6516024902005997,CHCL
2025-04-28,491.0,497.0,481.0,482.39,86774.0,42402908.4,-0.01496773666584994,-1.496773666584994,CHCL
2025-04-29,472.8,497.0,472.8,478.52,65150.0,31351780.7,-0.008022554364725654,-0.8022554364725654,CHCL
2025-04-30,485.0,494.0,480.3,486.06,73955.0,36062854.6,0.015756917161247275,1.5756917161247275,CHCL
2025-05-04,493.0,502.0,486.2,492.91,99801.0,49547610.9,0.014092910340287146,1.4092910340287146,CHCL
2025-05-05,500.0,500.0,485.0,486.7,54997.0,26911552.9,-0.012598648840559168,-1.2598648840559168,CHCL
2025-05-06,494.0,500.0,487.9,493.61,78515.0,38851637.4,0.014197657694678512,1.4197657694678512,CHCL
2025-05-07,500.0,528.0,495.0,522.04,340772.0,176904030.8,0.057596077875245566,5.759607787524557,CHCL
2025-05-08,519.0,522.9,508.0,514.79,122810.0,63191768.2,-0.013887824687763395,-1.3887824687763395,CHCL
2025-05-11,515.0,520.0,497.9,498.37,122186.0,61660943.1,-0.03189650148604273,-3.1896501486042728,CHCL
2025-05-13,489.0,505.0,489.0,490.31,78239.0,38480240.3,-0.016172723077231832,-1.6172723077231832,CHCL
2025-05-14,490.0,495.5,480.6,482.02,57583.0,28022429.9,-0.016907670657339224,-1.6907670657339224,CHCL
2025-05-15,473.0,488.0,473.0,482.65,51395.0,24770027.9,0.0013069997095556118,0.13069997095556118,CHCL
2025-05-18,485.0,488.8,477.3,479.23,50384.0,24223915.0,-0.007085880037294046,-0.7085880037294046,CHCL
2025-05-19,488.0,491.9,480.0,482.12,28533.0,13792202.6,0.006030507272082319,0.6030507272082319,CHCL
2025-05-20,489.0,496.0,480.0,494.81,44746.0,21916331.6,0.026321247822118865,2.6321247822118865,CHCL
2025-05-21,503.0,513.8,487.1,490.0,90756.0,45013501.5,-0.009720902972858325,-0.9720902972858325,CHCL
2025-05-22,490.0,494.1,482.0,486.11,29675.0,14490949.2,-0.007938775510204055,-0.7938775510204055,CHCL
2025-05-25,489.9,493.0,483.0,488.64,33539.0,16340264.0,0.005204583324761813,0.5204583324761813,CHCL
2025-05-26,498.4,500.0,486.1,487.26,39153.0,19189681.2,-0.002824165029469583,-0.2824165029469583,CHCL
2025-05-27,489.9,492.9,485.0,487.12,24937.0,12197920.6,-0.0002873209374871788,-0.02873209374871788,CHCL
2025-05-28,483.0,505.0,483.0,495.14,68368.0,33898012.5,0.016464115618328057,1.6464115618328057,CHCL
2025-06-02,501.5,501.5,488.0,488.51,43138.0,21257531.3,-0.013390152280163159,-1.339015228016316,CHCL
2025-06-03,490.0,496.9,484.8,488.37,57331.0,28040961.5,-0.00028658574031237283,-0.028658574031237283,CHCL
2025-06-04,485.0,490.0,481.4,483.25,38271.0,18536105.9,-0.010483854454614305,-1.0483854454614305,CHCL
2025-06-05,489.9,493.6,479.0,486.77,41081.0,20010813.7,0.007284014485255952,0.7284014485255952,CHCL
2025-06-08,496.5,529.9,487.0,525.75,506439.0,262219785.9,0.08007888735953328,8.007888735953328,CHCL
2025-06-09,530.0,554.3,522.1,551.66,573296.0,312158537.0,0.04928197812648594,4.928197812648594,CHCL
2025-06-10,562.0,570.0,550.1,555.85,494798.0,278485999.6,0.007595257948736611,0.7595257948736611,CHCL
2025-06-11,566.0,585.9,545.2,581.12,839501.0,475234308.7,0.045461905190249174,4.546190519024917,CHCL
2025-06-12,582.0,589.0,564.2,567.37,531596.0,306559334.1,-0.02366120594713661,-2.366120594713661,CHCL
2025-06-15,578.0,584.9,568.0,581.76,726667.0,419478440.4,0.025362638137370608,2.536263813737061,CHCL
2025-06-16,575.0,599.6,572.0,574.95,714487.0,419724005.1,-0.011705858085808485,-1.1705858085808485,CHCL
2025-06-17,570.0,578.0,563.3,574.13,344830.0,196681373.0,-0.0014262109748675034,-0.14262109748675034,CHCL
2025-06-18,577.0,582.1,571.0,574.9,306230.0,176668559.1,0.0013411596676711213,0.13411596676711213,CHCL
2025-06-19,563.6,585.0,560.0,564.36,384294.0,221360532.8,-0.018333623238824037,-1.8333623238824037,CHCL
2025-06-22,570.0,570.0,539.1,540.99,226790.0,124546688.0,-0.041409738464809664,-4.140973846480966,CHCL
2025-06-23,541.0,547.9,532.0,542.91,144302.0,78268583.7,0.0035490489657847846,0.35490489657847846,CHCL
2025-06-24,553.7,555.0,535.0,535.25,197323.0,107255758.4,-0.014109152529885205,-1.4109152529885205,CHCL
2025-06-25,536.0,550.0,533.0,545.68,202235.0,110053654.2,0.01948622139187295,1.9486221391872949,CHCL
2025-06-26,547.0,558.9,541.0,541.78,284064.0,156738541.1,-0.0071470458876996545,-0.7147045887699655,CHCL
2025-06-29,545.0,551.0,538.5,546.67,185970.0,101075046.9,0.009025803831813617,0.9025803831813617,CHCL
2025-06-30,542.0,563.0,542.0,544.22,167366.0,92020161.9,-0.0044816799897560156,-0.44816799897560156,CHCL
2025-07-01,550.0,554.9,546.0,548.94,142578.0,78418802.0,0.00867296313990673,0.8672963139906731,CHCL
2025-07-02,559.9,559.9,543.1,543.91,165118.0,90347191.6,-0.009163114365868918,-0.9163114365868918,CHCL
2025-07-03,554.7,554.7,536.0,536.72,222807.0,120568888.8,-0.013219098747954572,-1.3219098747954572,CHCL
2025-07-06,538.1,542.0,532.0,534.56,147550.0,79347009.7,-0.0040244447756746515,-0.40244447756746515,CHCL
2025-07-07,535.0,535.0,527.1,528.08,101078.0,53703410.4,-0.012122119126010023,-1.2122119126010023,CHCL
2025-07-08,538.6,538.6,515.2,528.37,120957.0,63400251.2,0.0005491592183002325,0.05491592183002325,CHCL
2025-07-09,525.0,534.9,525.0,526.85,72841.0,38562995.5,-0.002876771959043789,-0.2876771959043789,CHCL
2025-07-10,526.0,532.0,520.5,524.22,113946.0,60078227.8,-0.004991933187814324,-0.49919331878143236,CHCL
2025-07-13,534.7,544.0,520.0,521.61,113645.0,59642397.2,-0.0049788256838732,-0.49788256838732003,CHCL
2025-07-14,523.0,528.0,519.0,520.0,98968.0,51683948.0,-0.0030865972661567875,-0.30865972661567875,CHCL
2025-07-15,520.0,529.0,518.2,528.09,122790.0,64522714.9,0.015557692307692328,1.5557692307692328,CHCL
2025-07-16,530.0,540.0,529.0,533.45,196002.0,104603930.7,0.010149785074513806,1.0149785074513806,CHCL
2025-07-17,538.0,550.0,538.0,547.62,181607.0,99240283.7,0.02656293935701548,2.656293935701548,CHCL
2025-07-20,553.8,557.9,543.2,544.03,228991.0,125880363.1,-0.006555640772798688,-0.6555640772798688,CHCL
2025-07-21,544.0,550.0,540.0,546.26,113277.0,61793550.3,0.004099038655956511,0.40990386559565106,CHCL
2025-07-22,554.0,564.0,546.0,558.08,223193.0,124411636.2,0.02163804781605827,2.163804781605827,CHCL
2025-07-23,560.0,565.0,549.0,554.3,137844.0,76580027.6,-0.006773222477064356,-0.6773222477064356,CHCL
2025-07-24,560.0,584.0,555.0,572.71,335023.0,191517362.5,0.03321306151903314,3.321306151903314,CHCL
2025-07-27,580.0,583.0,557.0,559.11,260859.0,148652465.5,-0.02374674791779441,-2.374674791779441,CHCL
2025-07-28,565.0,565.0,545.2,555.69,141313.0,78205209.0,-0.006116864302194491,-0.6116864302194491,CHCL
2025-07-29,565.9,565.9,553.2,554.55,135350.0,75308060.1,-0.0020515035361444722,-0.20515035361444722,CHCL
2025-07-30,563.9,563.9,544.1,544.93,124042.0,67956550.1,-0.01734739879181324,-1.734739879181324,CHCL
2025-07-31,545.0,548.9,535.0,537.2,121812.0,65896188.6,-0.014185308204723412,-1.4185308204723412,CHCL
2025-08-03,537.0,550.0,535.0,538.36,108426.0,58670170.3,0.002159344750558345,0.21593447505583452,CHCL
2025-08-04,540.0,548.3,533.0,539.83,120171.0,64764914.3,0.00273051489709486,0.273051489709486,CHCL
2025-08-05,549.8,549.8,528.3,531.38,75256.0,40231033.6,-0.01565307596836052,-1.565307596836052,CHCL
2025-08-06,532.0,538.0,528.6,529.75,80655.0,42840752.4,-0.0030674846625766694,-0.30674846625766694,CHCL
2025-08-07,530.0,540.0,528.5,529.59,64889.0,34413183.6,-0.00030202925908440204,-0.030202925908440204,CHCL
2025-08-11,539.8,539.8,525.2,526.85,49883.0,26428228.7,-0.005173813704941521,-0.5173813704941521,CHCL
2025-08-12,530.0,530.0,518.3,520.12,81995.0,42839930.1,-0.012774034355129582,-1.2774034355129582,CHCL
2025-08-13,520.0,527.9,518.0,519.77,62525.0,32624317.5,-0.0006729216334692145,-0.06729216334692145,CHCL
2025-08-14,520.0,525.0,516.5,523.31,53005.0,27577032.8,0.00681070473478651,0.681070473478651,CHCL
2025-08-17,524.1,529.0,515.1,515.83,50050.0,26012447.5,-0.014293630926219492,-1.4293630926219492,CHCL
2025-08-18,516.0,524.0,516.0,517.23,30589.0,15857692.0,0.0027140724657348514,0.27140724657348514,CHCL
2025-08-19,517.1,526.9,515.6,516.8,45365.0,23530821.1,-0.000831351623069132,-0.0831351623069132,CHCL
2025-08-20,520.0,520.0,512.0,513.28,28963.0,14891103.0,-0.0068111455108358365,-0.6811145510835837,CHCL
2025-08-21,511.1,516.7,510.0,511.59,42766.0,21899322.3,-0.00329254987531169,-0.329254987531169,CHCL
2025-08-24,510.2,514.0,504.0,505.9,48808.0,24808170.5,-0.011122187689360574,-1.1122187689360574,CHCL
2025-08-25,514.0,514.0,505.0,506.26,32131.0,16284671.3,0.0007116030836133991,0.07116030836133991,CHCL
2025-08-26,506.8,511.0,506.0,508.27,12023.0,6112093.6,0.003970291944850546,0.3970291944850546,CHCL
2025-08-27,518.4,518.5,509.0,517.78,25894.0,13346562.9,0.018710527869046034,1.8710527869046034,CHCL
2025-08-28,519.0,525.0,509.9,510.16,45569.0,23359321.0,-0.014716675035729376,-1.4716675035729376,CHCL
2025-08-31,510.0,516.9,504.0,506.07,36802.0,18618180.3,-0.008017092676807391,-0.8017092676807391,CHCL
2025-09-01,516.1,516.1,500.0,508.22,40378.0,20353713.5,0.0042484241310492,0.42484241310492,CHCL
2025-09-02,518.3,518.3,502.0,504.71,29145.0,14720776.0,-0.006906457833221968,-0.6906457833221968,CHCL
2025-09-03,501.0,507.9,501.0,504.28,33681.0,16965765.1,-0.0008519744011412644,-0.08519744011412644,CHCL
2025-09-04,502.0,511.0,499.0,503.2,49479.0,24864362.7,-0.0021416673276750675,-0.21416673276750675,CHCL
2025-09-07,493.2,503.0,493.2,501.49,35260.0,17644236.4,-0.0033982511923688064,-0.33982511923688064,CHCL
2025-09-08,491.5,505.0,491.5,497.36,27390.0,13646413.8,-0.00823545833416417,-0.823545833416417,CHCL
2025-09-18,488.0,490.0,456.0,464.0,10795.0,5092344.4,-0.06707415152002572,-6.7074151520025715,CHCL
2025-09-21,460.0,500.0,458.1,491.68,85259.0,41415285.1,0.059655172413793034,5.965517241379303,CHCL
2025-09-23,500.0,504.0,490.0,502.2,41659.0,20754113.8,0.021396029938171024,2.1396029938171024,CHCL
2025-09-24,505.0,505.0,495.1,496.0,18374.0,9179168.9,-0.012345679012345623,-1.2345679012345623,CHCL
2025-09-25,487.0,501.0,487.0,497.0,11872.0,5919702.4,0.002016129032258007,0.20161290322580072,CHCL
2025-09-28,500.0,505.0,496.0,503.0,18448.0,9209494.2,0.012072434607645954,1.2072434607645954,CHCL
2025-10-07,505.0,505.0,490.2,497.3,22538.0,11164682.8,-0.011332007952286283,-1.1332007952286283,CHCL
2025-10-08,496.0,496.0,484.5,490.0,51264.0,24958909.1,-0.01467926804745634,-1.467926804745634,CHCL
2025-10-09,499.8,518.9,495.0,495.9,35740.0,17816296.5,0.012040816326530646,1.2040816326530646,CHCL
2025-10-12,498.0,498.0,478.0,482.0,61281.0,29478360.9,-0.0280298447267594,-2.80298447267594,CHCL
2025-10-13,491.0,491.0,480.0,486.0,22822.0,11064575.5,0.008298755186721962,0.8298755186721962,CHCL
2025-10-14,490.0,494.7,481.0,483.0,22528.0,10878711.7,-0.006172839506172867,-0.6172839506172867,CHCL
2025-10-15,483.0,488.0,480.0,482.7,24904.0,12036491.6,-0.0006211180124223725,-0.06211180124223725,CHCL
2025-10-16,489.0,489.0,475.3,484.0,29239.0,14025079.1,0.0026931841723638605,0.26931841723638605,CHCL
2025-10-19,478.0,483.0,478.0,481.0,22812.0,10946528.2,-0.006198347107438051,-0.6198347107438051,CHCL
2025-10-26,475.5,482.0,471.6,480.1,15304.0,7305580.8,-0.0018711018711018435,-0.18711018711018435,CHCL
2025-10-28,480.0,495.0,475.6,490.0,29571.0,14465540.0,0.020620704019995717,2.0620704019995717,CHCL
2025-10-29,491.0,498.2,488.0,489.0,25173.0,12406015.9,-0.0020408163265306367,-0.20408163265306367,CHCL
2025-10-30,482.3,516.9,482.0,504.0,55378.0,27475779.9,0.030674846625766916,3.0674846625766916,CHCL
2025-11-02,514.0,514.0,500.0,503.0,37649.0,19002374.2,-0.001984126984126977,-0.1984126984126977,CHCL
2025-11-03,500.0,509.0,495.0,496.0,31400.0,15698901.4,-0.013916500994035741,-1.391650099403574,CHCL
2025-11-04,498.0,500.0,490.1,494.9,20821.0,10282849.3,-0.0022177419354839634,-0.22177419354839634,CHCL
2025-11-05,486.1,495.0,485.4,490.0,25860.0,12639272.5,-0.00990099009900991,-0.990099009900991,CHCL
2025-11-06,487.1,495.0,485.0,490.0,25034.0,12237121.9,0.0,0.0,CHCL
2025-11-09,482.0,492.0,481.8,486.6,16590.0,8070120.6,-0.006938775510204054,-0.6938775510204054,CHCL
2025-11-10,486.6,490.0,480.5,484.9,32092.0,15538114.9,-0.0034936292642828715,-0.34936292642828715,CHCL
2025-11-11,480.2,494.0,480.2,488.0,10301.0,5001767.8,0.0063930707362342964,0.6393070736234296,CHCL
2025-11-12,488.0,497.7,480.2,490.0,15183.0,7393951.1,0.004098360655737654,0.4098360655737654,CHCL
2025-11-13,484.0,490.4,480.5,484.6,41395.0,19979539.5,-0.011020408163265216,-1.1020408163265216,CHCL
2025-11-16,486.1,487.1,479.3,480.7,56601.0,27322774.8,-0.008047874535699662,-0.8047874535699662,CHCL
2025-11-17,477.1,487.0,476.0,484.0,24186.0,11709386.0,0.006864988558352492,0.6864988558352492,CHCL
2025-11-18,477.0,488.8,477.0,482.5,55715.0,26955807.2,-0.0030991735537190257,-0.30991735537190257,CHCL
2025-11-19,485.0,485.0,480.0,482.8,28461.0,13703610.5,0.0006217616580310725,0.06217616580310725,CHCL
2025-11-20,480.0,483.9,477.3,483.9,44048.0,21140811.1,0.002278376139188021,0.22783761391880208,CHCL
2025-11-23,481.1,491.9,481.0,490.7,33020.0,16088730.5,0.014052490183922295,1.4052490183922295,CHCL
2025-11-24,497.2,500.0,488.5,497.0,50059.0,24836745.1,0.012838801711840153,1.2838801711840153,CHCL
2025-11-25,496.2,509.0,496.0,501.1,74744.0,37477076.7,0.008249496981891369,0.8249496981891369,CHCL
2025-11-26,511.0,511.0,500.1,506.0,54116.0,27246995.6,0.00977848732787856,0.977848732787856,CHCL
2025-11-27,510.0,514.0,499.1,505.5,38981.0,19638061.1,-0.0009881422924901129,-0.09881422924901129,CHCL
2025-11-30,506.0,510.0,495.0,496.0,52529.0,26427215.4,-0.01879327398615227,-1.879327398615227,CHCL
2025-12-01,505.9,505.9,494.2,495.9,14967.0,7433157.2,-0.00020161290322584513,-0.020161290322584513,CHCL
2025-12-02,501.0,503.0,493.0,495.1,18527.0,9214660.4,-0.001613228473482442,-0.1613228473482442,CHCL
2025-12-03,500.0,500.0,490.0,490.0,40363.0,19960853.4,-0.010300949303171159,-1.0300949303171159,CHCL
2025-12-07,494.9,495.1,488.1,490.0,34580.0,16943173.4,0.0,0.0,CHCL
2025-12-08,499.8,499.8,488.0,491.0,29097.0,14255315.7,0.0020408163265306367,0.20408163265306367,CHCL
2025-12-09,492.0,495.0,489.5,495.0,25076.0,12350952.4,0.008146639511201537,0.8146639511201537,CHCL
2025-12-10,492.0,495.0,490.2,492.2,20239.0,9972874.4,-0.005656565656565693,-0.5656565656565693,CHCL
2025-12-11,493.0,498.0,491.0,491.2,17034.0,8388308.0,-0.002031694433157205,-0.2031694433157205,CHCL
2025-12-14,491.2,494.0,488.1,491.5,50370.0,24691659.0,0.000610749185667725,0.061074918566772496,CHCL
2025-12-15,489.0,493.0,488.2,490.0,24996.0,12244727.3,-0.003051881993896277,-0.3051881993896277,CHCL
2025-12-16,493.0,495.0,490.0,495.0,13540.0,6668480.3,0.010204081632652962,1.0204081632652962,CHCL
2025-12-17,495.0,500.0,492.7,496.0,13510.0,6690218.4,0.002020202020202033,0.20202020202020332,CHCL
2025-12-18,496.0,499.0,490.5,491.5,15634.0,7693868.4,-0.009072580645161255,-0.9072580645161255,CHCL
2025-12-21,490.0,492.0,488.6,490.9,24182.0,11841775.0,-0.0012207527975585108,-0.12207527975585108,CHCL
2025-12-22,495.0,495.0,488.5,491.0,22456.0,11007310.1,0.00020370747606435202,0.020370747606435202,CHCL
2025-12-23,499.0,499.0,488.0,494.1,28421.0,13982738.9,0.0063136456211814185,0.6313645621181418,CHCL
2025-12-24,494.5,503.0,494.0,498.0,66630.0,33233262.0,0.007893139040680008,0.7893139040680008,CHCL
2025-12-28,501.0,505.2,499.0,504.9,72382.0,36337262.4,0.013855421686747027,1.3855421686747027,CHCL
2025-12-29,506.0,507.7,499.0,501.5,66397.0,33352428.5,-0.006734006734006703,-0.6734006734006703,CHCL
2025-12-31,505.0,510.0,502.2,506.9,134557.0,68041541.3,0.01076769690927204,1.076769690927204,CHCL
2026-01-01,464.0,478.1,464.0,471.0,40421.0,19064169.9,-0.07082264746498323,-7.082264746498323,CHCL
2026-01-04,472.0,473.0,469.0,470.5,69102.0,32540467.3,-0.0010615711252653925,-0.10615711252653925,CHCL
2026-01-05,473.9,473.9,468.0,470.2,23284.0,10942964.8,-0.0006376195536663687,-0.06376195536663687,CHCL
2026-01-06,473.0,473.0,469.0,470.9,24897.0,11717578.3,0.001488728200765621,0.1488728200765621,CHCL
2026-01-07,473.0,473.0,470.0,471.0,27147.0,12788086.8,0.00021235931195584534,0.021235931195584534,CHCL
2026-01-08,471.0,473.0,467.0,470.9,51571.0,24246067.8,-0.0002123142250530785,-0.02123142250530785,CHCL
2026-01-12,480.3,480.3,465.1,470.0,41479.0,19403503.5,-0.001911233807602386,-0.1911233807602386,CHCL
2026-01-13,479.0,479.0,465.0,474.0,40095.0,18947345.8,0.008510638297872353,0.8510638297872353,CHCL
2026-01-14,479.0,479.0,470.0,470.0,41135.0,19383522.3,-0.008438818565400852,-0.8438818565400852,CHCL
2026-01-18,470.0,474.9,470.0,473.0,28576.0,13480526.7,0.006382978723404209,0.6382978723404209,CHCL
2026-01-20,478.0,480.0,474.2,475.4,50804.0,24193690.3,0.0050739957716701145,0.5073995771670115,CHCL
2026-01-21,484.9,484.9,473.0,476.8,37350.0,17799797.7,0.002944888514934796,0.2944888514934796,CHCL
2026-01-22,476.8,476.8,473.1,473.1,28659.0,13596067.3,-0.007760067114093938,-0.7760067114093938,CHCL
2026-01-25,475.0,486.0,475.0,486.0,61423.0,29553355.2,0.027266962587190857,2.7266962587190857,CHCL
2026-01-26,486.0,490.0,480.0,483.9,59858.0,28925023.9,-0.004320987654320985,-0.43209876543209846,CHCL
2026-01-27,480.0,487.0,470.0,470.4,75032.0,35757362.0,-0.027898326100433968,-2.7898326100433968,CHCL
2026-01-28,479.0,479.0,470.0,474.5,55505.0,26266520.3,0.00871598639455784,0.871598639455784,CHCL
2026-01-29,479.0,482.0,471.1,474.0,58347.0,27804164.9,-0.0010537407797681642,-0.10537407797681642,CHCL
2026-02-01,480.0,480.0,469.5,470.1,42161.0,19878202.2,-0.008227848101265756,-0.8227848101265756,CHCL
2026-02-02,475.9,475.9,470.0,472.0,28526.0,13427311.9,0.004041693256753742,0.4041693256753742,CHCL
2026-02-03,474.0,474.9,468.1,469.0,29136.0,13715916.8,-0.006355932203389814,-0.6355932203389814,CHCL
2026-02-04,460.0,475.0,460.0,467.0,16641.0,7801675.2,-0.004264392324093813,-0.4264392324093813,CHCL
2026-02-05,466.1,474.0,466.1,470.0,23969.0,11250656.2,0.0064239828693790635,0.6423982869379063,CHCL
2026-02-08,470.0,476.0,468.1,470.0,25141.0,11854550.9,0.0,0.0,CHCL
2026-02-09,472.0,474.8,466.0,468.0,27960.0,13076872.2,-0.004255319148936176,-0.42553191489361764,CHCL
2026-02-10,465.5,471.0,464.0,468.7,36142.0,16870899.1,0.0014957264957264904,0.14957264957264904,CHCL
2026-02-11,478.0,478.0,466.0,469.9,27179.0,12756404.5,0.002560273095796761,0.2560273095796761,CHCL
2026-02-12,474.0,480.0,468.2,477.0,62819.0,29858241.5,0.01510959778676324,1.510959778676324,CHCL
2026-02-16,478.0,482.5,467.5,470.0,37653.0,17752411.4,-0.014675052410901501,-1.4675052410901501,CHCL
2026-02-17,474.0,474.0,464.0,466.9,41946.0,19556220.6,-0.006595744680851112,-0.6595744680851112,CHCL
2026-02-22,470.0,470.0,457.0,461.9,43181.0,19867107.3,-0.010708931248661346,-1.0708931248661346,CHCL
2026-02-23,462.0,465.0,458.2,460.9,20552.0,9476852.6,-0.00216497077289457,-0.216497077289457,CHCL
2026-02-24,461.0,466.0,460.9,462.9,16692.0,7712056.7,0.004339336081579548,0.4339336081579548,CHCL
2026-02-25,460.0,470.0,456.1,466.0,21656.0,10077462.3,0.0066969107798660055,0.6696910779866005,CHCL
2026-02-26,475.3,475.3,461.1,468.0,29534.0,13737842.9,0.0042918454935623185,0.42918454935623185,CHCL
2026-03-01,468.0,475.0,463.0,469.0,42208.0,19841902.9,0.002136752136752129,0.21367521367521292,CHCL
2026-03-03,478.3,481.0,468.8,479.9,39111.0,18705269.5,0.02324093816631123,2.324093816631123,CHCL
2026-03-09,489.4,509.0,489.4,509.0,30.0,14975.0,0.06063763284017498,6.063763284017498,CHCL
2026-03-10,519.1,525.0,492.0,500.1,154523.0,77555082.7,-0.01748526522593319,-1.7485265225933189,CHCL
2026-03-11,510.0,518.0,495.0,503.0,117369.0,59554416.5,0.005798840231953539,0.5798840231953539,CHCL
2026-03-12,503.0,510.0,500.0,510.0,68795.0,34611628.0,0.013916500994035852,1.3916500994035852,CHCL
2026-03-15,500.0,520.0,500.0,508.6,41296.0,20913443.0,-0.002745098039215632,-0.2745098039215632,CHCL
2026-03-16,508.6,508.6,496.9,496.9,72601.0,36302782.9,-0.02300432559968546,-2.300432559968546,CHCL
2026-03-17,499.9,499.9,492.1,497.1,29246.0,14535637.6,0.0004024954719259455,0.04024954719259455,CHCL
2026-03-19,506.0,515.0,499.1,509.7,110706.0,56201022.9,0.025347012673506253,2.5347012673506253,CHCL
2026-03-22,517.0,517.0,507.3,508.0,135827.0,69351199.3,-0.003335295271728489,-0.3335295271728489,CHCL
2026-03-23,500.0,515.0,500.0,510.5,120244.0,61428269.0,0.004921259842519676,0.49212598425196763,CHCL
2026-03-24,510.0,516.0,505.1,514.0,112908.0,57573298.0,0.006856023506366382,0.6856023506366382,CHCL
2026-03-25,514.0,515.0,506.1,511.9,51533.0,26231806.7,-0.004085603112840563,-0.40856031128405634,CHCL
2026-03-26,510.0,510.7,504.1,510.5,56682.0,28758258.2,-0.002734909161945631,-0.2734909161945631,CHCL
2026-03-29,520.7,520.7,498.0,498.0,128953.0,64939020.8,-0.02448579823702257,-2.448579823702257,CHCL
2026-03-30,496.0,513.0,491.8,501.0,96376.0,48497669.6,0.006024096385542244,0.6024096385542244,CHCL
2026-03-31,491.1,507.8,491.1,507.4,55860.0,28057408.8,0.012774451097804285,1.2774451097804285,CHCL
2026-04-01,499.1,508.7,491.1,493.0,52270.0,25885207.2,-0.028379976350019653,-2.8379976350019653,CHCL
2026-04-02,495.0,497.0,484.2,493.8,54700.0,26864562.9,0.0016227180527383922,0.16227180527383922,CHCL
2026-04-05,489.0,489.0,473.0,476.0,57591.0,27461077.8,-0.03604698258404215,-3.6046982584042153,CHCL
2026-04-06,476.0,497.0,476.0,486.0,62785.0,30565962.6,0.021008403361344463,2.1008403361344463,CHCL
2026-04-07,495.5,499.6,483.0,485.9,22499.0,10963761.3,-0.0002057613168724437,-0.02057613168724437,CHCL
2026-04-08,488.5,494.5,479.0,490.0,40232.0,19635261.0,0.008437950195513633,0.8437950195513633,CHCL
2026-04-09,490.0,495.0,485.0,495.0,24915.0,12280238.1,0.010204081632652962,1.0204081632652962,CHCL
2026-04-10,498.0,503.0,485.0,493.0,62674.0,30785521.7,-0.004040404040404066,-0.40404040404040664,CHCL
2026-04-13,502.8,502.8,490.3,495.4,29632.0,14625996.3,0.0048681541582149546,0.48681541582149546,CHCL
2026-04-15,495.1,500.2,492.0,497.0,36272.0,18075999.1,0.0032297133629390906,0.32297133629390906,CHCL
2026-04-16,502.9,502.9,490.0,491.4,27568.0,13584293.5,-0.011267605633802913,-1.1267605633802913,CHCL
2026-04-17,501.2,501.2,488.1,492.0,21075.0,10345323.4,0.0012210012210012167,0.12210012210012167,CHCL
2026-04-20,497.1,497.1,485.0,487.0,18028.0,8785115.2,-0.010162601626016232,-1.0162601626016232,CHCL
2026-04-21,494.0,494.8,483.0,484.0,14699.0,7123183.0,-0.006160164271047264,-0.6160164271047264,CHCL
2026-04-22,482.2,489.9,476.0,485.0,33048.0,15837723.5,0.0020661157024792765,0.20661157024792765,CHCL
2026-04-23,483.0,486.0,482.0,482.1,16085.0,7771439.3,-0.005979381443298903,-0.5979381443298903,CHCL
2026-04-24,486.9,486.9,475.0,479.0,14082.0,6741710.9,-0.0064302012030699185,-0.6430201203069918,CHCL
2026-04-27,479.0,483.0,476.1,480.0,33315.0,15974572.2,0.0020876826722338038,0.20876826722338038,CHCL
2026-04-28,480.0,484.0,478.0,480.0,27724.0,13304323.7,0.0,0.0,CHCL
2026-04-29,480.0,483.0,475.0,479.1,21272.0,10164462.5,-0.00187499999999996,-0.187499999999996,CHCL
2026-04-30,477.0,484.9,473.0,478.5,38316.0,18257463.7,-0.00125234815278652,-0.125234815278652,CHCL
2026-05-04,480.0,480.0,471.0,471.9,21695.0,10276456.4,-0.01379310344827589,-1.379310344827589,CHCL
2026-05-05,470.5,479.0,468.0,475.0,30814.0,14594909.6,0.006569188387370195,0.6569188387370195,CHCL
2026-05-06,467.0,475.0,467.0,474.0,54070.0,25493504.9,-0.002105263157894721,-0.21052631578947212,CHCL
2026-05-07,450.3,480.0,450.3,470.0,51185.0,24086286.3,-0.008438818565400852,-0.8438818565400852,CHCL
2026-05-08,478.0,478.0,469.0,474.0,17142.0,8084833.3,0.008510638297872353,0.8510638297872353,CHCL
2026-05-11,479.9,480.0,475.0,479.1,22294.0,10665148.3,0.010759493670886133,1.0759493670886133,CHCL
2026-05-12,482.0,488.0,470.0,476.2,61028.0,29134421.9,-0.00605301607180142,-0.605301607180142,CHCL
2026-05-13,473.0,479.5,472.5,476.0,16783.0,7994233.1,-0.0004199916001679238,-0.04199916001679238,CHCL
2026-05-14,477.0,479.0,474.0,475.6,12315.0,5858702.0,-0.0008403361344537785,-0.08403361344537785,CHCL
2026-05-15,477.0,478.9,473.6,476.0,7290.0,3473837.1,0.000841042893187538,0.0841042893187538,CHCL
2026-05-18,476.0,480.0,474.0,480.0,26220.0,12550381.6,0.008403361344537785,0.8403361344537785,CHCL
2026-05-19,480.0,481.5,477.0,477.1,14730.0,7049869.6,-0.006041666666666612,-0.6041666666666612,CHCL
2026-05-20,479.9,481.0,476.5,480.0,21428.0,10269819.9,0.006078390274575574,0.6078390274575574,CHCL
2026-05-21,480.0,482.0,476.0,479.0,15354.0,7352798.8,-0.002083333333333326,-0.2083333333333326,CHCL
2026-05-22,477.6,482.0,477.6,482.0,9620.0,4631220.3,0.006263048016701411,0.6263048016701411,CHCL
2026-05-25,482.5,490.0,482.5,489.0,73257.0,35551681.5,0.014522821576763434,1.4522821576763434,CHCL
2026-05-26,491.8,491.9,483.8,486.0,39399.0,19153392.7,-0.006134969325153339,-0.6134969325153339,CHCL
2026-05-27,510.3,510.3,483.1,483.6,61148.0,29757773.8,-0.004938271604938205,-0.49382716049382047,CHCL
2026-06-01,507.6,507.6,484.0,491.9,68793.0,33593319.1,0.01716294458229939,1.7162944582299389,CHCL
2026-06-02,491.0,505.7,489.1,501.0,92972.0,46572539.0,0.01849969505997162,1.8499695059971621,CHCL
2026-06-03,505.0,505.0,497.7,499.0,74150.0,37124290.1,-0.003992015968063867,-0.39920159680638667,CHCL
2026-06-04,492.5,501.9,492.5,500.0,30010.0,14987160.4,0.002004008016031955,0.2004008016031955,CHCL
2026-06-05,500.0,500.0,495.0,495.4,33537.0,16630481.5,-0.009200000000000097,-0.9200000000000097,CHCL
2026-06-08,496.0,496.0,489.9,490.0,25729.0,12624821.9,-0.010900282599919264,-1.0900282599919264,CHCL
2026-06-09,490.0,491.0,485.1,489.0,15728.0,7647551.5,-0.0020408163265306367,-0.20408163265306367,CHCL
2026-06-10,490.0,490.0,483.1,483.1,22811.0,11056090.8,-0.012065439672801603,-1.2065439672801603,CHCL
2026-06-11,486.0,488.9,480.6,484.9,10549.0,5102757.0,0.003725936659076723,0.3725936659076723,CHCL
2026-06-12,489.0,489.0,480.8,483.4,13066.0,6313401.8,-0.00309342132398438,-0.309342132398438,CHCL
2026-06-15,483.0,485.0,480.0,482.0,34538.0,16640375.5,-0.002896152254861395,-0.2896152254861395,CHCL
2026-06-16,484.0,488.0,479.1,481.9,12988.0,6254521.5,-0.00020746887966804906,-0.020746887966804906,CHCL
2026-06-17,480.1,485.0,480.1,482.0,20472.0,9885752.2,0.00020751193193624395,0.020751193193624395,CHCL
2026-06-18,482.0,486.9,480.5,484.0,28058.0,13541718.3,0.004149377593360981,0.4149377593360981,CHCL
2026-06-19,508.2,508.2,481.0,487.0,26489.0,12853126.3,0.006198347107438051,0.6198347107438051,CHCL
2026-06-22,500.0,500.0,485.0,486.0,13823.0,6731348.9,-0.002053388090349051,-0.2053388090349051,CHCL
2026-06-23,486.0,486.0,478.0,485.0,26166.0,12608589.8,-0.002057613168724326,-0.2057613168724326,CHCL
2026-06-24,481.0,486.0,478.0,479.0,20045.0,9610137.0,-0.012371134020618513,-1.2371134020618513,CHCL
2026-06-25,479.0,480.0,477.0,478.3,11918.0,5700981.9,-0.0014613778705636626,-0.14613778705636626,CHCL
2026-06-26,483.0,483.0,476.6,477.0,12562.0,6002379.8,-0.002717959439682227,-0.2717959439682227,CHCL
2026-06-29,477.0,477.0,475.0,476.0,30778.0,14634433.8,-0.002096436058700246,-0.20964360587002462,CHCL
2026-06-30,477.0,477.0,472.0,472.5,11763.0,5576900.8,-0.007352941176470562,-0.7352941176470562,CHCL
2026-07-01,477.0,482.9,476.0,481.0,14543.0,6970295.1,0.017989417989418,1.7989417989418,CHCL
2026-07-02,481.0,481.9,474.0,480.0,29848.0,14225636.9,-0.0020790020790020236,-0.20790020790020236,CHCL
2026-07-03,480.0,483.9,478.0,482.0,8055.0,3884457.5,0.004166666666666652,0.4166666666666652,CHCL
2026-07-06,482.0,486.0,475.0,479.0,7045.0,3388740.2,-0.006224066390041472,-0.6224066390041472,CHCL
2026-07-07,480.0,482.9,478.0,479.1,11937.0,5735276.6,0.00020876826722338038,0.020876826722338038,CHCL
2026-07-08,485.0,485.0,475.0,475.1,19146.0,9138108.4,-0.00834898768524317,-0.834898768524317,CHCL
2026-07-09,475.1,480.0,475.1,477.0,21633.0,10335372.1,0.003999158071984699,0.39991580719846986,CHCL
2026-07-10,477.0,480.0,475.1,478.0,37671.0,17994394.8,0.002096436058700135,0.20964360587001352,CHCL
2026-07-13,478.0,480.0,475.0,476.0,12296.0,5869707.3,-0.004184100418409997,-0.4184100418409997,CHCL
2026-07-14,499.8,499.8,470.4,477.9,8353.0,3966676.2,0.003991596638655448,0.3991596638655448,CHCL
2026-07-15,482.0,482.0,476.0,476.1,20387.0,9760660.7,-0.0037664783427494575,-0.37664783427494575,CHCL
2026-07-16,477.2,480.0,475.1,475.1,14892.0,7085257.6,-0.0021003990758243773,-0.21003990758243773,CHCL
2026-07-17,484.5,490.0,480.0,487.0,16591.0,8051833.0,0.025047358450852375,2.5047358450852375,CHCL
2026-07-20,491.0,500.0,480.0,496.0,80871.0,39512161.5,0.01848049281314168,1.848049281314168,CHCL
2026-07-21,496.0,496.0,477.4,495.9,70099.0,34220809.4,-0.00020161290322584513,-0.020161290322584513,CHCL
2026-07-22,493.0,496.0,480.1,495.2,44279.0,21742810.8,-0.00141157491429722,-0.141157491429722,CHCL
2026-07-23,485.1,495.0,485.1,494.0,31454.0,15502322.8,-0.0024232633279482885,-0.24232633279482885,CHCL
2026-07-24,494.0,496.5,492.0,494.2,35710.0,17670134.1,0.0004048582995950234,0.04048582995950234,CHCL
2026-07-27,495.0,499.5,494.0,496.9,56689.0,28165580.5,0.005463375151760319,0.5463375151760319,CHCL
2026-07-28,490.5,497.4,490.0,497.0,39946.0,19795300.6,0.00020124773596297274,0.020124773596297274,CHCL
2026-07-29,496.1,497.2,492.0,494.0,79038.0,39081501.2,-0.006036217303822977,-0.6036217303822977,CHCL
2026-07-30,494.0,495.9,490.0,495.0,63422.0,31283175.5,0.002024291497975783,0.2024291497975783,CHCL
2026-07-31,495.0,497.4,492.0,494.1,20369.0,10096071.6,-0.0018181818181817189,-0.1818181818181719,CHCL
2026-08-03,499.9,500.0,493.0,497.5,57188.0,28479507.7,0.006881198138028788,0.6881198138028788,CHCL
2026-08-04,500.0,500.0,494.0,495.0,37504.0,18606983.9,-0.005025125628140725,-0.5025125628140725,CHCL
2026-08-05,495.0,499.0,490.1,493.0,11531.0,5668741.6,-0.004040404040404066,-0.40404040404040664,CHCL
2026-08-06,494.0,497.9,488.2,492.0,9452.0,4628569.6,-0.0020283975659228792,-0.20283975659228792,CHCL
2026-08-07,493.7,493.7,485.1,486.0,6116.0,2978407.1,-0.012195121951219523,-1.2195121951219523,CHCL
2026-08-10,493.0,496.0,484.0,484.0,9921.0,4822109.7,-0.004115226337448541,-0.4115226337448541,CHCL
2026-08-11,490.0,490.0,481.0,482.0,20777.0,10016110.2,-0.004132231404958664,-0.4132231404958664,CHCL
2026-08-12,482.1,486.5,480.0,481.0,9938.0,4779120.1,-0.0020746887966804906,-0.20746887966804906,CHCL
2026-08-13,481.0,484.0,480.0,482.1,7613.0,3671253.8,0.002286902286902315,0.22869022869023148,CHCL
2026-08-14,481.0,486.0,474.0,478.9,66504.0,31719717.2,-0.0066376270483302635,-0.6637627048330264,CHCL
2026-08-17,489.9,489.9,477.0,480.0,15729.0,7536325.3,0.002296930465650604,0.2296930465650604,CHCL
2026-08-18,485.0,486.0,477.0,480.0,10977.0,5265745.4,0.0,0.0,CHCL
2026-08-19,480.0,480.0,475.0,479.0,7975.0,3817852.6,-0.002083333333333326,-0.2083333333333326,CHCL
2026-08-20,480.0,483.8,476.0,483.8,30342.0,14594920.7,0.010020876826722258,1.0020876826722258,CHCL
2026-08-21,483.0,494.0,480.0,484.4,23326.0,11373483.6,0.0012401818933442943,0.12401818933442943,CHCL
2026-08-24,490.0,496.2,478.0,478.0,18735.0,8996263.5,-0.013212221304706784,-1.3212221304706784,CHCL
2026-08-25,489.0,489.0,475.0,475.1,21111.0,10066015.3,-0.006066945606694518,-0.6066945606694518,CHCL
2026-08-26,455.0,475.0,410.0,427.0,480553.0,205686862.6,-0.10124184382235324,-10.124184382235324,CHCL
2026-08-27,405.7,409.0,378.3,405.0,407762.0,160738793.2,-0.051522248243559665,-5.152224824355967,CHCL
2026-08-31,395.0,395.0,360.0,362.5,326757.0,120866483.8,-0.1049382716049383,-10.49382716049383,CHCL
2026-09-01,350.0,385.0,350.0,372.0,199747.0,73487087.8,0.026206896551724146,2.6206896551724146,CHCL
2026-09-02,372.0,379.6,364.0,377.0,157769.0,58555074.3,0.013440860215053752,1.3440860215053752,CHCL
2026-09-03,377.0,380.0,368.0,370.2,137474.0,50962073.7,-0.018037135278514582,-1.8037135278514582,CHCL
2026-09-07,368.5,373.5,365.0,369.2,100943.0,37322001.3,-0.0027012425715828847,-0.27012425715828847,CHCL
2026-09-09,363.0,370.0,358.0,358.1,63908.0,23178359.7,-0.030065005417117985,-3.0065005417117985,CHCL
2026-09-10,358.1,358.1,345.3,346.0,99110.0,34702341.3,-0.03378944428930475,-3.378944428930475,CHCL
2026-09-11,350.0,354.8,344.0,352.1,98317.0,34226909.6,0.01763005780346827,1.7630057803468269,CHCL
2026-09-14,352.1,362.0,348.2,358.7,41436.0,14829042.1,0.018744674808292894,1.8744674808292894,CHCL
2026-09-15,375.0,375.0,355.2,360.1,95387.0,34587644.4,0.0039029829941457095,0.39029829941457095,CHCL
2026-09-16,360.5,361.0,353.2,354.9,70515.0,25160316.9,-0.014440433212996484,-1.4440433212996484,CHCL
2026-09-17,356.0,362.0,355.0,359.0,50423.0,18008059.7,0.011552550014088503,1.1552550014088503,CHCL
2026-09-18,360.0,369.7,354.0,369.7,119215.0,43261462.0,0.029805013927576507,2.9805013927576507,CHCL
2026-09-22,369.7,372.0,361.0,361.9,73077.0,26600194.5,-0.021098187719772787,-2.1098187719772787,CHCL
2026-09-23,361.0,362.0,352.5,354.5,68426.0,24361762.6,-0.02044763746891398,-2.044763746891398,CHCL
2026-09-24,336.8,359.0,336.8,352.0,83523.0,29468158.8,-0.007052186177715081,-0.7052186177715081,CHCL
2026-09-28,352.0,360.0,345.3,353.3,73540.0,25803285.3,0.00369318181818179,0.369318181818179,CHCL
2026-09-29,353.0,355.0,346.2,349.0,30219.0,10521397.9,-0.012170959524483438,-1.2170959524483438,CHCL
2026-09-30,350.0,350.0,345.0,348.8,65175.0,22576296.0,-0.0005730659025787732,-0.05730659025787732,CHCL
2026-10-01,349.1,350.0,341.2,341.7,61190.0,21105347.6,-0.02035550458715607,-2.035550458715607,CHCL
2022-01-02,1540.0,1540.0,1490.0,1519.0,36427.0,55275372.6,,,NLIC
2022-01-03,1547.0,1548.0,1521.0,1533.0,42108.0,64726453.2,0.009216589861751112,0.9216589861751112,NLIC
2022-01-04,1563.6,1563.6,1515.0,1545.0,37859.0,58247755.6,0.007827788649706457,0.7827788649706457,NLIC
2022-01-05,1575.0,1585.0,1540.0,1568.0,45365.0,70749307.1,0.014886731391585695,1.4886731391585695,NLIC
2022-01-06,1567.0,1585.0,1560.0,1579.0,41288.0,65028140.3,0.007015306122448939,0.7015306122448939,NLIC
2022-01-09,1590.0,1610.0,1584.0,1590.0,56784.0,90446967.1,0.006966434452184922,0.6966434452184922,NLIC
2022-01-10,1600.0,1620.0,1580.0,1590.0,62098.0,99152919.9,0.0,0.0,NLIC
2022-01-11,1600.0,1667.0,1584.0,1657.0,95523.0,156403779.9,0.042138364779874316,4.2138364779874316,NLIC
2022-01-12,1675.0,1749.9,1660.0,1686.0,104414.0,178084261.8,0.017501508750754402,1.7501508750754402,NLIC
2022-01-13,1719.7,1720.0,1680.0,1717.0,60658.0,103378063.0,0.01838671411625148,1.838671411625148,NLIC
2022-01-16,1751.0,1797.0,1750.0,1775.0,104737.0,186207376.1,0.033779848573092686,3.3779848573092686,NLIC
2022-01-17,1800.0,1810.0,1745.0,1780.0,69721.0,124276510.6,0.0028169014084507005,0.28169014084507005,NLIC
2022-01-18,1781.0,1798.0,1735.0,1749.8,63369.0,111624839.3,-0.016966292134831473,-1.6966292134831473,NLIC
2022-01-19,1775.0,1775.0,1700.0,1710.0,68637.0,118596536.4,-0.022745456623614047,-2.2745456623614047,NLIC
2022-01-20,1705.0,1760.0,1695.0,1744.0,52842.0,91461671.9,0.019883040935672502,1.9883040935672502,NLIC
2022-01-23,1778.0,1798.9,1735.0,1740.0,46337.0,81323063.5,-0.002293577981651418,-0.2293577981651418,NLIC
2022-01-24,1740.0,1750.0,1658.0,1667.0,100843.0,170543880.9,-0.0419540229885057,-4.195402298850571,NLIC
2022-01-25,1680.0,1707.0,1640.0,1671.0,84818.0,142234915.4,0.002399520095980767,0.23995200959807672,NLIC
2022-01-26,1704.4,1704.4,1627.0,1642.0,57078.0,94020672.8,-0.017354877318970674,-1.7354877318970674,NLIC
2022-01-27,1674.8,1690.0,1642.1,1652.0,40455.0,67133100.5,0.006090133982947554,0.6090133982947554,NLIC
2022-01-30,1685.0,1718.0,1685.0,1713.0,67766.0,115275290.0,0.036924939467312345,3.6924939467312345,NLIC
2022-01-31,1680.0,1740.0,1680.0,1684.0,52992.0,89787980.6,-0.016929363689433763,-1.6929363689433763,NLIC
2022-02-01,1690.0,1690.0,1665.0,1670.0,55879.0,93459940.2,-0.008313539192399078,-0.8313539192399078,NLIC
2022-02-03,1680.1,1703.0,1624.0,1630.0,120203.0,198136578.2,-0.0239520958083832,-2.39520958083832,NLIC
2022-02-06,1597.4,1597.4,1481.0,1506.0,279896.0,424782087.2,-0.07607361963190185,-7.6073619631901845,NLIC
2022-02-07,1506.0,1506.0,1455.0,1470.0,158345.0,233012403.2,-0.0239043824701195,-2.39043824701195,NLIC
2022-02-08,1480.0,1529.0,1455.0,1456.0,72064.0,106382291.8,-0.00952380952380949,-0.952380952380949,NLIC
2022-02-09,1455.0,1455.0,1415.0,1429.0,69047.0,98663454.9,-0.01854395604395609,-1.854395604395609,NLIC
2022-02-10,1420.0,1440.0,1390.0,1415.0,111262.0,157160229.6,-0.009797060881735487,-0.9797060881735487,NLIC
2022-02-13,1387.0,1393.0,1335.8,1350.0,106373.0,144635781.1,-0.04593639575971731,-4.59363957597173,NLIC
2022-02-14,1350.0,1388.0,1344.0,1368.0,61169.0,83708300.9,0.01333333333333342,1.333333333333342,NLIC
2022-02-15,1370.0,1400.0,1360.0,1380.0,47625.0,65716449.5,0.00877192982456143,0.8771929824561431,NLIC
2022-02-16,1406.0,1406.0,1370.0,1374.0,32249.0,44587837.9,-0.004347826086956497,-0.43478260869564966,NLIC
2022-02-17,1371.0,1380.0,1366.0,1374.0,30149.0,41405071.7,0.0,0.0,NLIC
2022-02-20,1347.0,1361.0,1302.0,1338.0,61116.0,81836044.4,-0.026200873362445365,-2.6200873362445365,NLIC
2022-02-21,1342.0,1347.0,1330.0,1337.0,33373.0,44600508.9,-0.0007473841554559435,-0.07473841554559435,NLIC
2022-02-22,1359.0,1359.0,1335.0,1335.6,34162.0,45887853.2,-0.0010471204188482464,-0.10471204188482464,NLIC
2022-02-23,1360.0,1360.0,1330.1,1334.0,17319.0,23170788.5,-0.0011979634621143154,-0.11979634621143154,NLIC
2022-02-24,1340.0,1340.0,1280.0,1292.0,84131.0,109355086.8,-0.03148425787106446,-3.148425787106446,NLIC
2022-02-27,1266.2,1290.0,1262.0,1267.0,102786.0,130404779.8,-0.01934984520123839,-1.9349845201238391,NLIC
2022-02-28,1267.0,1292.0,1230.0,1242.0,92319.0,115268129.2,-0.019731649565903675,-1.9731649565903675,NLIC
2022-03-02,1240.0,1240.0,1179.0,1184.9,135355.0,161898321.7,-0.0459742351046698,-4.59742351046698,NLIC
2022-03-06,1205.0,1205.0,1158.3,1159.0,121365.0,142754601.9,-0.02185838467381218,-2.185838467381218,NLIC
2022-03-07,1170.1,1181.0,1152.0,1155.0,94907.0,110625018.0,-0.00345125107851596,-0.345125107851596,NLIC
2022-03-09,1155.0,1175.0,1150.0,1170.0,39735.0,46261443.1,0.01298701298701288,1.298701298701288,NLIC
2022-03-10,1179.9,1218.0,1160.0,1210.6,72033.0,86316805.6,0.03470085470085471,3.470085470085471,NLIC
2022-03-13,1234.8,1284.1,1220.0,1274.0,155130.0,194672693.6,0.0523707252602017,5.23707252602017,NLIC
2022-03-14,1299.0,1299.0,1253.0,1272.0,52110.0,66517308.1,-0.0015698587127158659,-0.15698587127158659,NLIC
2022-03-15,1289.9,1295.0,1245.0,1249.0,94315.0,118452376.9,-0.018081761006289332,-1.8081761006289332,NLIC
2022-03-16,1260.0,1279.0,1235.0,1241.0,67378.0,84467241.0,-0.006405124099279402,-0.6405124099279402,NLIC
2022-03-20,1250.0,1268.0,1235.0,1237.0,131065.0,162949630.3,-0.003223207091055613,-0.3223207091055613,NLIC
2022-03-21,1106.0,1110.0,1088.0,1109.5,77128.0,84789350.3,-0.103071948261924,-10.3071948261924,NLIC
2022-03-22,1125.0,1179.0,1124.0,1167.0,59448.0,68272176.8,0.051825146462370464,5.182514646237046,NLIC
2022-03-23,1170.1,1175.0,1138.0,1141.0,45861.0,52523196.1,-0.02227934875749782,-2.227934875749782,NLIC
2022-03-24,1158.9,1159.0,1120.0,1122.0,41249.0,46845065.9,-0.016652059596844904,-1.6652059596844904,NLIC
2022-03-27,1144.0,1161.0,1080.0,1085.0,69836.0,77088741.0,-0.03297682709447414,-3.2976827094474137,NLIC
2022-03-28,1098.0,1098.0,1057.2,1063.0,54127.0,57786850.5,-0.02027649769585249,-2.027649769585249,NLIC
2022-03-29,1082.0,1083.0,1020.0,1024.0,63695.0,65999867.3,-0.03668861712135463,-3.6688617121354627,NLIC
2022-03-30,1026.0,1050.0,1014.0,1034.0,48992.0,50155879.5,0.009765625,0.9765625,NLIC
2022-03-31,1030.0,1047.8,1030.0,1031.0,38075.0,39506556.2,-0.0029013539651837617,-0.29013539651837617,NLIC
2022-04-03,1033.0,1035.0,1005.0,1016.0,40551.0,41122953.2,-0.014548981571290032,-1.4548981571290032,NLIC
2022-04-04,1014.0,1029.0,1011.0,1012.0,21879.0,22254138.5,-0.003937007874015741,-0.3937007874015741,NLIC
2022-04-05,1005.0,1012.0,984.0,989.0,82031.0,81397307.0,-0.022727272727272707,-2.2727272727272707,NLIC
2022-04-06,985.0,1007.9,971.0,979.0,45733.0,44873226.4,-0.010111223458038388,-1.0111223458038388,NLIC
2022-04-07,996.9,997.0,979.0,990.0,34304.0,33952578.0,0.011235955056179803,1.1235955056179803,NLIC
2022-04-11,1009.8,1015.0,927.5,940.0,174050.0,165280164.1,-0.0505050505050505,-5.05050505050505,NLIC
2022-04-12,951.0,951.0,925.0,941.0,33353.0,31230533.8,0.0010638297872340718,0.10638297872340718,NLIC
2022-04-13,950.0,960.0,935.0,954.9,29560.0,28070540.2,0.014771519659936283,1.4771519659936283,NLIC
2022-04-17,970.0,973.7,951.0,955.0,33790.0,32520927.4,0.00010472300764474696,0.010472300764474696,NLIC
2022-04-18,955.0,968.0,944.0,944.0,24298.0,23045670.4,-0.011518324607329822,-1.1518324607329822,NLIC
2022-04-19,950.0,955.0,928.0,948.0,27822.0,26213852.1,0.004237288135593209,0.4237288135593209,NLIC
2022-04-20,955.0,956.9,935.1,939.5,22228.0,20991509.2,-0.00896624472573837,-0.896624472573837,NLIC
2022-04-21,950.0,950.0,925.0,941.0,27342.0,25509755.3,0.0015965939329429801,0.159659393294298,NLIC
2022-04-24,958.9,960.0,940.0,950.0,77509.0,73429060.2,0.009564293304994642,0.9564293304994642,NLIC
2022-04-25,968.0,972.0,941.1,941.2,37294.0,35667471.4,-0.009263157894736751,-0.9263157894736751,NLIC
2022-04-26,940.0,949.0,938.0,942.0,13730.0,12945659.3,0.0008499787505311662,0.08499787505311662,NLIC
2022-04-27,942.0,945.0,935.0,938.1,23108.0,21745385.3,-0.004140127388534975,-0.41401273885349754,NLIC
2022-04-28,949.9,950.0,933.8,934.0,22681.0,21266520.9,-0.004370536190171692,-0.4370536190171692,NLIC
2022-05-02,952.6,952.6,920.0,921.5,28676.0,26496574.2,-0.013383297644539605,-1.3383297644539605,NLIC
2022-05-04,921.0,921.0,908.0,908.0,14774.0,13467040.6,-0.014650027129679888,-1.4650027129679888,NLIC
2022-05-05,907.0,908.0,890.0,890.3,32718.0,29322412.0,-0.019493392070484616,-1.9493392070484616,NLIC
2022-05-08,907.8,907.8,881.0,898.0,28214.0,25078865.8,0.008648770077501977,0.8648770077501977,NLIC
2022-05-09,904.0,909.9,895.0,905.0,32580.0,29400037.1,0.007795100222717233,0.7795100222717233,NLIC
2022-05-10,909.0,950.0,906.0,949.0,20887.0,19426605.9,0.048618784530386705,4.8618784530386705,NLIC
2022-05-11,966.0,966.0,946.0,957.0,28201.0,27029004.4,0.008429926238145313,0.8429926238145313,NLIC
2022-05-12,957.0,975.8,940.0,949.0,26517.0,25350463.2,-0.008359456635318674,-0.8359456635318674,NLIC
2022-05-17,931.0,932.0,885.0,887.0,47804.0,42992436.8,-0.06533192834562696,-6.533192834562696,NLIC
2022-05-18,890.0,899.0,870.0,888.0,44222.0,39043505.3,0.0011273957158963732,0.11273957158963732,NLIC
2022-05-19,900.0,900.0,882.5,882.5,21616.0,19179297.8,-0.006193693693693714,-0.6193693693693714,NLIC
2022-05-20,900.0,900.0,870.0,877.0,22389.0,19666095.8,-0.006232294617563694,-0.6232294617563694,NLIC
2022-05-23,892.9,892.9,845.0,850.0,45127.0,38573589.7,-0.030786773090079822,-3.078677309007982,NLIC
2022-05-24,867.0,867.0,846.0,859.0,18398.0,15769022.3,0.010588235294117565,1.0588235294117565,NLIC
2022-05-25,876.1,879.0,860.0,862.0,22493.0,19619630.3,0.0034924330616996624,0.34924330616996624,NLIC
2022-05-26,870.0,879.0,868.0,874.0,9549.0,8327965.9,0.0139211136890951,1.39211136890951,NLIC
2022-05-27,890.0,890.0,862.0,863.0,17658.0,15334588.3,-0.01258581235697942,-1.258581235697942,NLIC
2022-05-30,850.0,879.0,848.0,854.9,13914.0,11905786.7,-0.00938586326767099,-0.9385863267670991,NLIC
2022-05-31,854.0,855.0,825.0,832.0,29488.0,24647837.7,-0.026786758685226286,-2.6786758685226286,NLIC
2022-06-01,845.0,845.0,821.1,824.0,23642.0,19524294.7,-0.009615384615384581,-0.9615384615384581,NLIC
2022-06-02,826.0,839.9,811.0,815.0,22279.0,18224963.5,-0.01092233009708743,-1.092233009708743,NLIC
2022-06-03,815.0,820.0,790.9,791.0,29398.0,23486173.5,-0.02944785276073625,-2.944785276073625,NLIC
2022-06-06,798.9,801.0,760.0,760.0,59431.0,46191911.1,-0.039190897597977226,-3.9190897597977226,NLIC
2022-06-07,750.0,775.0,742.0,748.9,36462.0,27488754.4,-0.014605263157894788,-1.4605263157894788,NLIC
2022-06-08,750.0,800.0,748.0,773.0,44527.0,34292530.5,0.032180531446120986,3.2180531446120986,NLIC
2022-06-09,787.0,802.0,770.0,772.0,50237.0,39572962.8,-0.001293661060802087,-0.1293661060802087,NLIC
2022-06-10,787.0,787.0,757.0,774.4,26906.0,20745123.1,0.0031088082901553626,0.31088082901553626,NLIC
2022-06-13,774.0,774.0,755.0,760.0,30186.0,22956088.4,-0.018595041322314043,-1.8595041322314043,NLIC
2022-06-14,760.0,760.0,736.0,742.0,44709.0,33359338.5,-0.023684210526315752,-2.368421052631575,NLIC
2022-06-15,740.0,740.0,724.0,730.0,43308.0,31559518.0,-0.016172506738544423,-1.6172506738544423,NLIC
2022-06-16,724.0,739.9,721.0,732.0,28716.0,21004281.0,0.00273972602739736,0.273972602739736,NLIC
2022-06-17,745.0,745.0,728.2,730.0,7812.0,5730638.4,-0.002732240437158473,-0.2732240437158473,NLIC
2022-06-19,731.0,736.0,716.0,717.0,24466.0,17738636.2,-0.017808219178082174,-1.7808219178082174,NLIC
2022-06-20,717.0,717.0,695.0,700.0,48891.0,34177537.3,-0.023709902370990243,-2.3709902370990243,NLIC
2022-06-21,695.0,723.0,686.2,702.0,46333.0,32523263.1,0.0028571428571428914,0.28571428571428914,NLIC
2022-06-22,702.0,710.0,690.0,693.9,37943.0,26418613.2,-0.011538461538461608,-1.1538461538461608,NLIC
2022-06-23,700.0,700.0,669.6,680.0,43807.0,29707468.3,-0.020031704856607546,-2.0031704856607546,NLIC
2022-06-24,685.0,693.0,654.0,683.0,25998.0,17570813.0,0.004411764705882337,0.4411764705882337,NLIC
2022-06-26,690.0,719.0,690.0,705.0,55781.0,39276501.3,0.03221083455344065,3.221083455344065,NLIC
2022-06-27,719.0,730.0,700.0,702.0,50461.0,35836200.9,-0.004255319148936176,-0.42553191489361764,NLIC
2022-06-28,702.0,715.0,688.0,698.0,33686.0,23533752.3,-0.005698005698005715,-0.5698005698005715,NLIC
2022-06-29,698.0,710.8,696.0,706.0,27112.0,19082658.2,0.011461318051575908,1.1461318051575908,NLIC
2022-06-30,719.0,749.0,705.0,748.0,67918.0,49731173.3,0.059490084985835745,5.9490084985835745,NLIC
2022-07-01,755.0,765.0,736.0,757.0,39299.0,29510550.9,0.012032085561497263,1.2032085561497263,NLIC
2022-07-03,757.0,800.0,742.0,800.0,57141.0,44657249.3,0.05680317040951133,5.680317040951133,NLIC
2022-07-04,810.0,858.0,789.0,816.0,109119.0,90748406.4,0.020000000000000018,2.0000000000000018,NLIC
2022-07-05,800.0,830.0,784.0,785.0,60540.0,48462516.7,-0.03799019607843135,-3.799019607843135,NLIC
2022-07-06,780.0,797.8,763.6,797.0,51101.0,40204416.1,0.015286624203821653,1.5286624203821653,NLIC
2022-07-07,812.9,829.0,781.2,793.0,31218.0,24934852.2,-0.005018820577164407,-0.5018820577164407,NLIC
2022-07-08,808.8,808.8,760.0,768.0,29749.0,22808563.7,-0.031525851197982346,-3.1525851197982346,NLIC
2022-07-11,768.0,768.0,699.0,707.0,104645.0,75116748.3,-0.07942708333333337,-7.9427083333333375,NLIC
2022-07-12,698.0,729.0,698.0,716.0,32302.0,23143834.5,0.012729844413012836,1.2729844413012836,NLIC
2022-07-13,725.0,743.5,720.1,743.0,31858.0,23333894.8,0.0377094972067038,3.77094972067038,NLIC
2022-07-14,757.0,760.9,732.0,745.0,33615.0,25088092.7,0.0026917900403768957,0.2691790040376896,NLIC
2022-07-15,750.0,755.0,740.0,747.0,20520.0,15285732.7,0.0026845637583892135,0.26845637583892135,NLIC
2022-07-17,749.0,760.0,740.0,749.0,19801.0,14876437.8,0.0026773761713521083,0.2677376171352108,NLIC
2022-07-18,749.0,762.0,743.0,762.0,20436.0,15409257.5,0.01735647530040052,1.735647530040052,NLIC
2022-07-19,765.0,779.0,760.0,769.9,34051.0,26206404.4,0.010367454068241466,1.0367454068241466,NLIC
2022-07-20,770.0,777.0,759.0,765.0,23404.0,18000459.5,-0.006364462917262004,-0.6364462917262004,NLIC
2022-07-21,765.0,772.0,752.0,754.0,29874.0,22758969.0,-0.01437908496732021,-1.437908496732021,NLIC
2022-07-22,754.0,757.0,739.0,739.0,25662.0,19096327.0,-0.019893899204244003,-1.9893899204244003,NLIC
2022-07-24,753.0,766.0,741.0,761.0,27931.0,21063189.4,0.02976995940460081,2.976995940460081,NLIC
2022-07-25,770.0,785.0,764.0,785.0,51103.0,39677999.3,0.031537450722733285,3.1537450722733285,NLIC
2022-07-26,790.0,791.0,760.0,765.0,39159.0,30273979.2,-0.02547770700636942,-2.547770700636942,NLIC
2022-07-27,771.0,772.0,754.0,769.9,18916.0,14451482.8,0.006405228758169956,0.6405228758169956,NLIC
2022-07-28,785.0,785.0,755.0,760.0,50748.0,38999703.2,-0.012858812832835409,-1.285881283283541,NLIC
2022-07-29,775.2,775.2,758.0,760.0,17833.0,13587645.5,0.0,0.0,NLIC
2022-07-31,764.0,812.9,764.0,811.0,102315.0,81547356.9,0.06710526315789478,6.710526315789478,NLIC
2022-08-01,827.2,836.4,810.0,814.1,71211.0,58524199.0,0.0038224414303329457,0.38224414303329457,NLIC
2022-08-02,830.0,830.0,795.0,803.0,46241.0,37211694.3,-0.013634688613192503,-1.3634688613192503,NLIC
2022-08-03,803.0,810.0,791.2,794.0,41457.0,33120198.9,-0.011207970112079746,-1.1207970112079746,NLIC
2022-08-04,790.0,794.0,775.0,776.0,46568.0,36355531.0,-0.02267002518891692,-2.267002518891692,NLIC
2022-08-05,770.0,770.0,750.0,752.0,42274.0,31977193.3,-0.030927835051546393,-3.0927835051546393,NLIC
2022-08-07,760.0,765.0,745.0,745.0,43846.0,32915185.6,-0.009308510638297851,-0.9308510638297851,NLIC
2022-08-08,745.1,756.5,734.5,734.5,42998.0,31786801.6,-0.014093959731543593,-1.4093959731543593,NLIC
2022-08-09,747.0,747.0,723.1,723.4,34593.0,25281956.0,-0.015112321307011567,-1.5112321307011567,NLIC
2022-08-10,720.0,732.0,720.0,724.0,24727.0,17930843.9,0.0008294166436273454,0.08294166436273454,NLIC
2022-08-11,729.0,732.0,712.9,712.9,30516.0,22000516.1,-0.015331491712707201,-1.5331491712707201,NLIC
2022-08-14,698.7,698.7,647.1,671.9,168624.0,112911107.9,-0.05751157245055405,-5.7511572450554045,NLIC
2022-08-15,670.0,685.0,650.0,685.0,189048.0,125555113.8,0.019496948950736837,1.9496948950736837,NLIC
2022-08-16,690.0,703.0,680.1,683.0,67302.0,46459425.4,-0.0029197080291970545,-0.29197080291970545,NLIC
2022-08-17,692.0,692.0,670.0,675.0,31064.0,20996286.3,-0.01171303074670571,-1.171303074670571,NLIC
2022-08-18,679.0,680.0,667.0,673.0,43501.0,29276066.8,-0.002962962962962945,-0.2962962962962945,NLIC
2022-08-21,684.9,684.9,665.0,665.8,35963.0,24112974.9,-0.010698365527488929,-1.0698365527488929,NLIC
2022-08-22,672.0,679.0,667.1,671.5,25775.0,17301674.2,0.008561129468308781,0.8561129468308781,NLIC
2022-08-23,673.0,680.0,672.0,680.0,37587.0,25415088.6,0.012658227848101333,1.2658227848101333,NLIC
2022-08-24,680.0,695.0,680.0,695.0,65005.0,44759659.9,0.022058823529411686,2.2058823529411686,NLIC
2022-08-25,695.1,701.0,688.0,688.2,37331.0,25895693.7,-0.009784172661870483,-0.9784172661870483,NLIC
2022-08-26,688.0,689.9,674.6,677.0,24619.0,16695682.4,-0.016274338854984083,-1.6274338854984083,NLIC
2022-08-28,680.0,680.0,662.5,663.0,30636.0,20454746.7,-0.020679468242245203,-2.0679468242245203,NLIC
2022-08-29,663.0,673.0,657.0,670.0,28429.0,18972515.5,0.010558069381598756,1.0558069381598756,NLIC
2022-08-30,670.0,679.0,668.0,668.0,16726.0,11200296.7,-0.0029850746268657025,-0.29850746268657025,NLIC
2022-08-31,667.0,675.0,653.0,656.2,38060.0,25131395.8,-0.017664670658682602,-1.7664670658682602,NLIC
2022-09-01,652.1,670.0,645.5,655.0,32698.0,21433470.1,-0.0018287107589149976,-0.18287107589149976,NLIC
2022-09-02,651.0,664.5,651.0,657.0,7359.0,4844618.4,0.003053435114503733,0.3053435114503733,NLIC
2022-09-04,660.0,670.0,654.0,665.0,21165.0,13975098.4,0.0121765601217656,1.21765601217656,NLIC
2022-09-05,665.0,672.8,657.0,660.0,25567.0,16955447.3,-0.007518796992481258,-0.7518796992481258,NLIC
2022-09-06,660.0,663.0,640.0,649.0,66543.0,43095709.0,-0.01666666666666672,-1.6666666666666718,NLIC
2022-09-07,642.1,655.0,642.1,649.0,18109.0,11715945.5,0.0,0.0,NLIC
2022-09-08,641.1,653.0,641.1,646.0,19982.0,12926242.6,-0.0046224961479198745,-0.46224961479198745,NLIC
2022-09-11,646.5,650.0,637.0,637.2,27750.0,17838821.4,-0.013622291021671784,-1.3622291021671784,NLIC
2022-09-12,637.2,645.0,633.0,637.5,19700.0,12534289.1,0.00047080979284364055,0.047080979284364055,NLIC
2022-09-13,650.2,651.0,640.0,651.0,16864.0,10945863.9,0.021176470588235352,2.117647058823535,NLIC
2022-09-14,660.0,669.5,650.0,667.0,22576.0,14987481.6,0.02457757296466978,2.457757296466978,NLIC
2022-09-15,667.0,667.0,644.0,651.0,24716.0,16118047.1,-0.02398800599700146,-2.398800599700146,NLIC
2022-09-16,639.0,649.0,626.4,634.0,44826.0,28469481.2,-0.02611367127496156,-2.611367127496156,NLIC
2022-09-18,634.0,634.0,602.0,605.0,73171.0,44572368.9,-0.045741324921135695,-4.57413249211357,NLIC
2022-09-20,600.0,600.0,584.0,586.0,41241.0,24263402.5,-0.031404958677686,-3.1404958677686,NLIC
2022-09-21,597.7,597.7,583.1,590.0,21540.0,12700304.4,0.006825938566553003,0.6825938566553003,NLIC
2022-09-22,583.0,594.0,580.5,584.5,21631.0,12694975.1,-0.009322033898305104,-0.9322033898305104,NLIC
2022-09-25,585.0,589.0,577.7,579.0,20512.0,11909587.8,-0.009409751924721932,-0.9409751924721932,NLIC
2022-09-27,580.0,589.0,579.0,585.0,8306.0,4872816.1,0.010362694300518172,1.0362694300518172,NLIC
2022-09-28,586.0,592.0,577.2,580.0,19626.0,11391911.9,-0.008547008547008517,-0.8547008547008517,NLIC
2022-09-29,586.0,590.0,577.0,577.0,26071.0,15250402.3,-0.005172413793103403,-0.5172413793103403,NLIC
2022-10-09,587.0,606.9,585.0,606.8,14726.0,8798366.4,0.051646447140381246,5.164644714038125,NLIC
2022-10-10,610.0,618.1,600.0,602.0,22888.0,13897484.8,-0.007910349373763892,-0.7910349373763892,NLIC
2022-10-11,597.0,598.0,575.0,585.0,41703.0,24367789.6,-0.028239202657807327,-2.8239202657807327,NLIC
2022-10-12,592.0,600.0,580.0,590.0,20039.0,11822388.2,0.008547008547008517,0.8547008547008517,NLIC
2022-10-13,601.0,601.0,578.3,589.9,56105.0,32726165.3,-0.00016949152542378165,-0.016949152542378165,NLIC
2022-10-16,600.0,600.0,580.0,581.0,22819.0,13335299.6,-0.015087302932700442,-1.5087302932700442,NLIC
2022-10-17,582.0,586.0,579.0,582.0,18647.0,10845819.9,0.001721170395869276,0.1721170395869276,NLIC
2022-10-19,578.0,587.0,574.5,580.0,20865.0,12051478.4,-0.0034364261168384758,-0.3436426116838476,NLIC
2022-10-20,575.0,584.9,570.0,574.0,20944.0,12012578.9,-0.010344827586206917,-1.0344827586206917,NLIC
2022-10-23,585.0,585.5,573.5,582.0,17513.0,10132726.0,0.013937282229965264,1.3937282229965264,NLIC
2022-10-31,590.0,591.0,580.0,584.1,15715.0,9159841.9,0.0036082474226803996,0.36082474226803996,NLIC
2022-11-01,585.0,624.0,584.0,609.0,32523.0,19417596.8,0.04262968669748335,4.262968669748335,NLIC
2022-11-02,609.0,632.0,607.0,619.0,27439.0,16983882.3,0.016420361247947435,1.6420361247947435,NLIC
2022-11-03,622.0,626.0,612.5,615.5,29218.0,18054074.4,-0.0056542810985460434,-0.5654281098546043,NLIC
2022-11-06,604.0,652.0,598.0,619.0,35468.0,21681602.6,0.005686433793663737,0.5686433793663737,NLIC
2022-11-07,619.0,628.0,610.0,612.0,33623.0,20817753.1,-0.011308562197092087,-1.1308562197092087,NLIC
2022-11-08,622.0,622.0,605.0,618.0,29168.0,17735836.9,0.009803921568627416,0.9803921568627416,NLIC
2022-11-09,615.0,618.0,590.0,591.0,62506.0,37120540.1,-0.043689320388349495,-4.3689320388349495,NLIC
2022-11-10,598.0,600.0,580.1,587.0,24927.0,14640476.5,-0.006768189509306244,-0.6768189509306244,NLIC
2022-11-13,597.9,597.9,570.1,575.0,34454.0,19947262.3,-0.020442930153321992,-2.044293015332199,NLIC
2022-11-14,575.0,588.0,574.0,586.5,37727.0,21806331.0,0.020000000000000018,2.0000000000000018,NLIC
2022-11-15,598.2,610.0,588.0,597.0,101193.0,60497844.0,0.01790281329923271,1.7902813299232712,NLIC
2022-11-16,607.0,610.0,598.0,610.0,63445.0,38126330.6,0.021775544388609624,2.1775544388609624,NLIC
2022-11-17,615.0,619.0,605.0,610.0,80266.0,49090652.1,0.0,0.0,NLIC
2022-11-22,622.0,622.0,608.0,612.5,45889.0,28067643.9,0.004098360655737654,0.4098360655737654,NLIC
2022-11-23,615.0,615.0,600.0,602.0,26463.0,15972168.7,-0.017142857142857126,-1.7142857142857126,NLIC
2022-11-24,609.0,613.9,598.0,610.0,27971.0,16954155.3,0.013289036544850585,1.3289036544850585,NLIC
2022-11-27,610.0,618.0,608.0,618.0,37316.0,22885352.3,0.013114754098360715,1.3114754098360715,NLIC
2022-11-28,618.0,625.0,610.0,614.0,28119.0,17348717.0,-0.006472491909385147,-0.6472491909385147,NLIC
2022-11-29,614.0,618.9,602.1,615.0,22127.0,13522492.6,0.0016286644951140072,0.16286644951140072,NLIC
2022-11-30,611.0,617.9,610.0,612.8,13374.0,8203451.6,-0.0035772357723578008,-0.3577235772357801,NLIC
2022-12-01,609.0,619.0,609.0,615.0,22265.0,13692598.2,0.0035900783289817273,0.35900783289817273,NLIC
2022-12-04,620.0,634.0,613.0,629.0,60543.0,38010040.0,0.02276422764227637,2.276422764227637,NLIC
2022-12-05,629.0,635.0,619.0,619.0,37907.0,23771552.5,-0.015898251192368873,-1.5898251192368873,NLIC
2022-12-06,617.0,628.0,613.2,618.2,31681.0,19569930.0,-0.0012924071082389688,-0.12924071082389688,NLIC
2022-12-07,615.0,621.0,610.0,612.3,21956.0,13486781.6,-0.009543836945972273,-0.9543836945972273,NLIC
2022-12-11,615.0,615.0,601.1,605.0,22338.0,13520025.5,-0.011922260329903622,-1.1922260329903622,NLIC
2022-12-12,605.0,614.0,600.0,613.0,32341.0,19629192.4,0.013223140495867813,1.3223140495867813,NLIC
2022-12-13,605.1,613.0,605.1,610.4,11418.0,6953598.5,-0.004241435562805873,-0.4241435562805873,NLIC
2022-12-14,609.0,615.0,602.0,604.2,25845.0,15671820.9,-0.01015727391874166,-1.015727391874166,NLIC
2022-12-15,604.0,604.0,598.0,598.7,30385.0,18233176.2,-0.00910294604435613,-0.910294604435613,NLIC
2022-12-18,601.0,604.9,593.0,602.0,18960.0,11345670.8,0.005511942542174575,0.5511942542174575,NLIC
2022-12-19,604.7,607.0,596.0,605.0,17774.0,10726555.6,0.004983388704318914,0.4983388704318914,NLIC
2022-12-20,600.0,618.0,599.1,612.0,21170.0,12987198.5,0.011570247933884392,1.1570247933884392,NLIC
2022-12-21,612.0,620.0,608.0,611.5,24494.0,15027103.0,-0.0008169934640522847,-0.08169934640522847,NLIC
2022-12-22,612.0,612.0,602.0,605.0,13707.0,8290506.6,-0.010629599345870822,-1.0629599345870822,NLIC
2022-12-26,615.0,634.0,612.0,634.0,49438.0,30777224.7,0.04793388429752077,4.793388429752077,NLIC
2022-12-27,645.0,693.0,640.0,675.0,88980.0,59258285.2,0.06466876971608837,6.466876971608837,NLIC
2022-12-28,685.0,687.0,660.0,668.0,51063.0,34351510.8,-0.010370370370370363,-1.0370370370370363,NLIC
2022-12-29,668.0,705.0,663.0,702.0,69290.0,47751232.8,0.05089820359281427,5.089820359281427,NLIC
2023-01-01,709.7,736.5,696.0,728.0,128592.0,92948725.0,0.03703703703703698,3.703703703703698,NLIC
2023-01-02,732.0,734.0,717.0,725.0,37153.0,26945719.8,-0.004120879120879106,-0.4120879120879106,NLIC
2023-01-03,720.0,730.0,713.0,713.1,62125.0,44668037.6,-0.01641379310344826,-1.641379310344826,NLIC
2023-01-04,716.0,725.0,706.0,721.1,68888.0,49392903.6,0.01121862291403719,1.121862291403719,NLIC
2023-01-05,722.1,740.0,715.2,722.0,79958.0,58116765.4,0.0012480931909581994,0.12480931909581994,NLIC
2023-01-08,727.0,794.2,718.0,772.0,171232.0,130862954.0,0.06925207756232687,6.9252077562326875,NLIC
2023-01-09,786.9,794.0,765.0,786.0,108052.0,84790996.3,0.0181347150259068,1.81347150259068,NLIC
2023-01-10,798.0,813.0,756.0,765.4,98452.0,77114521.6,-0.026208651399491134,-2.6208651399491134,NLIC
2023-01-12,775.0,790.0,730.0,734.0,122709.0,92442041.9,-0.04102430101907495,-4.102430101907495,NLIC
2023-01-17,735.0,754.0,720.0,744.8,73246.0,54107543.4,0.014713896457765552,1.4713896457765552,NLIC
2023-01-18,758.0,760.0,728.0,733.0,77356.0,57543754.9,-0.01584317937701385,-1.584317937701385,NLIC
2023-01-19,730.0,748.0,720.0,738.0,120170.0,88212700.5,0.006821282401091366,0.6821282401091366,NLIC
2023-01-23,743.0,750.0,735.0,735.0,49273.0,36580369.6,-0.004065040650406471,-0.40650406504064707,NLIC
2023-01-24,728.0,738.0,721.2,735.0,46204.0,33736639.6,0.0,0.0,NLIC
2023-01-25,748.0,760.0,740.0,752.0,83596.0,62734707.6,0.023129251700680253,2.3129251700680253,NLIC
2023-01-26,758.0,785.4,750.0,764.0,87042.0,66767934.9,0.015957446808510634,1.5957446808510634,NLIC
2023-01-29,767.0,769.8,748.0,755.0,87517.0,66247793.3,-0.011780104712041939,-1.1780104712041939,NLIC
2023-01-30,759.0,760.0,736.0,743.0,64954.0,48227797.2,-0.015894039735099286,-1.5894039735099286,NLIC
2023-01-31,740.0,744.0,730.0,736.0,40962.0,30124180.0,-0.009421265141319024,-0.9421265141319024,NLIC
2023-02-01,736.0,758.0,726.0,755.0,46247.0,34343970.8,0.025815217391304435,2.5815217391304435,NLIC
2023-02-02,754.9,755.0,735.0,737.0,31603.0,23478188.3,-0.02384105960264904,-2.384105960264904,NLIC
2023-02-05,751.7,752.0,729.6,732.0,86995.0,64424682.4,-0.006784260515603768,-0.6784260515603768,NLIC
2023-02-06,727.5,734.0,720.0,723.0,67568.0,48960932.6,-0.012295081967213073,-1.2295081967213073,NLIC
2023-02-07,737.0,753.0,725.0,750.0,108847.0,80305802.8,0.03734439834024905,3.734439834024905,NLIC
2023-02-08,755.0,764.0,738.0,741.9,80465.0,60119969.0,-0.010800000000000032,-1.0800000000000032,NLIC
2023-02-09,741.0,754.0,735.0,744.9,50143.0,37139812.6,0.004043671653861658,0.4043671653861658,NLIC
2023-02-12,732.0,738.8,721.3,723.0,53153.0,38709288.9,-0.02939991945227549,-2.939991945227549,NLIC
2023-02-14,725.0,725.0,714.0,718.0,47077.0,33814129.9,-0.006915629322268302,-0.6915629322268302,NLIC
2023-02-15,719.0,730.0,707.0,707.1,33433.0,23873142.2,-0.015181058495821742,-1.5181058495821742,NLIC
2023-02-16,710.0,715.0,700.2,703.0,34446.0,24364851.3,-0.005798331211992691,-0.5798331211992691,NLIC
2023-02-20,703.0,708.0,698.5,699.0,31020.0,21775151.9,-0.005689900426742556,-0.5689900426742556,NLIC
2023-02-22,700.0,713.5,700.0,708.0,28749.0,20331814.7,0.012875536480686733,1.2875536480686733,NLIC
2023-02-23,700.0,708.0,693.0,698.0,46295.0,32424315.2,-0.01412429378531077,-1.412429378531077,NLIC
2023-02-26,684.1,699.5,675.1,695.0,36891.0,25285970.7,-0.004297994269340966,-0.42979942693409656,NLIC
2023-02-27,700.0,700.0,685.0,697.0,37417.0,25870650.8,0.0028776978417266452,0.2877697841726645,NLIC
2023-02-28,700.0,700.0,685.0,692.0,13330.0,9235260.9,-0.00717360114777621,-0.717360114777621,NLIC
2023-03-01,704.0,704.0,681.0,683.3,24412.0,16735203.3,-0.012572254335260213,-1.2572254335260213,NLIC
2023-03-02,675.3,680.0,667.0,672.0,28690.0,19314272.5,-0.01653739206790572,-1.653739206790572,NLIC
2023-03-05,673.0,677.0,651.1,653.0,39638.0,26110404.5,-0.028273809523809534,-2.8273809523809534,NLIC
2023-03-07,656.0,667.0,654.0,657.0,20167.0,13330703.1,0.006125574272588086,0.6125574272588086,NLIC
2023-03-09,670.0,684.0,667.0,682.2,14473.0,9809276.3,0.03835616438356171,3.835616438356171,NLIC
2023-03-12,685.1,693.0,672.0,674.6,30729.0,20933395.1,-0.011140428026971572,-1.1140428026971572,NLIC
2023-03-13,665.0,673.0,656.0,660.0,40780.0,27005955.7,-0.021642454788022514,-2.1642454788022514,NLIC
2023-03-14,669.0,670.0,655.0,662.0,31393.0,20803139.4,0.003030303030302939,0.3030303030302939,NLIC
2023-03-15,664.9,665.0,650.0,660.8,47063.0,30915510.3,-0.0018126888217523396,-0.18126888217523396,NLIC
2023-03-16,661.0,672.0,652.0,660.1,49914.0,33003861.5,-0.0010593220338982468,-0.10593220338982468,NLIC
2023-03-19,671.9,671.9,649.1,652.0,60131.0,39196401.7,-0.012270868050295425,-1.2270868050295425,NLIC
2023-03-20,652.0,665.0,650.0,660.0,45746.0,30055129.6,0.012269938650306678,1.2269938650306678,NLIC
2023-03-22,673.0,673.0,642.0,649.9,141236.0,91998024.3,-0.015303030303030374,-1.5303030303030374,NLIC
2023-03-23,640.0,652.0,640.0,650.9,19805.0,12797710.8,0.0015386982612710653,0.15386982612710653,NLIC
2023-03-26,650.0,655.0,638.0,640.0,25295.0,16278278.2,-0.016746043939161126,-1.6746043939161126,NLIC
2023-03-27,635.0,652.0,635.0,651.0,35967.0,23189106.0,0.01718749999999991,1.7187499999999911,NLIC
2023-03-28,662.0,662.0,649.0,653.0,38348.0,25146181.9,0.003072196620583778,0.3072196620583778,NLIC
2023-03-29,655.0,660.0,647.0,650.0,29193.0,19041145.9,-0.004594180704441064,-0.45941807044410643,NLIC
2023-03-30,662.0,662.0,651.0,653.0,25086.0,16377744.7,0.004615384615384688,0.4615384615384688,NLIC
2023-04-02,660.0,664.9,649.0,651.0,23201.0,15153151.1,-0.003062787136294043,-0.3062787136294043,NLIC
2023-04-03,646.0,651.0,644.0,649.9,23131.0,14959313.0,-0.001689708141321078,-0.1689708141321078,NLIC
2023-04-04,643.5,651.0,637.0,645.0,18152.0,11698024.3,-0.007539621480227687,-0.7539621480227687,NLIC
2023-04-05,657.0,657.0,642.0,644.1,15333.0,9898431.9,-0.0013953488372092648,-0.13953488372092648,NLIC
2023-04-06,656.9,670.0,642.0,645.3,27655.0,17895693.7,0.0018630647414996648,0.18630647414996648,NLIC
2023-04-09,640.0,640.0,632.0,633.5,32596.0,20733469.9,-0.018286068495273478,-1.8286068495273478,NLIC
2023-04-10,636.0,645.0,634.0,637.0,28291.0,18047288.4,0.005524861878453136,0.5524861878453136,NLIC
2023-04-11,648.0,650.0,640.0,646.0,16859.0,10871433.1,0.014128728414442682,1.4128728414442682,NLIC
2023-04-12,658.0,683.1,655.0,680.7,43493.0,29109135.2,0.053715170278637814,5.371517027863781,NLIC
2023-04-13,694.3,694.3,667.0,676.0,45599.0,31149626.9,-0.006904656970765477,-0.6904656970765477,NLIC
2023-04-16,672.1,683.7,672.1,679.0,13754.0,9310749.2,0.004437869822485174,0.4437869822485174,NLIC
2023-04-17,670.0,675.0,665.0,665.0,15545.0,10407215.5,-0.020618556701030966,-2.0618556701030966,NLIC
2023-04-18,665.0,671.0,658.0,668.0,13874.0,9260597.6,0.004511278195488799,0.4511278195488799,NLIC
2023-04-19,678.0,678.0,660.0,667.0,30629.0,20345369.2,-0.0014970059880239361,-0.14970059880239361,NLIC
2023-04-20,670.0,675.0,659.0,659.0,13683.0,9073063.6,-0.01199400299850073,-1.199400299850073,NLIC
2023-04-23,659.0,663.0,652.1,654.1,10821.0,7092107.7,-0.007435508345978725,-0.7435508345978725,NLIC
2023-04-24,650.0,664.7,646.2,660.0,19722.0,12921869.6,0.009020027518727991,0.9020027518727991,NLIC
2023-04-25,660.0,670.0,651.1,665.9,11310.0,7495970.1,0.008939393939393803,0.8939393939393803,NLIC
2023-04-26,678.8,678.8,660.2,661.4,11196.0,7449754.0,-0.0067577714371527264,-0.6757771437152726,NLIC
2023-04-27,652.0,661.5,650.5,658.0,14720.0,9687206.5,-0.005140610825521641,-0.5140610825521641,NLIC
2023-04-30,647.0,660.0,647.0,653.0,14917.0,9760696.9,-0.0075987841945288626,-0.7598784194528863,NLIC
2023-05-02,654.0,665.0,651.0,656.0,11762.0,7687385.8,0.004594180704440953,0.45941807044409533,NLIC
2023-05-03,655.0,656.0,649.1,650.5,12501.0,8131979.9,-0.00838414634146345,-0.838414634146345,NLIC
2023-05-04,661.0,661.0,646.0,656.0,9551.0,6207013.2,0.008455034588777943,0.8455034588777943,NLIC
2023-05-07,657.0,659.0,650.1,653.0,16413.0,10746532.4,-0.004573170731707266,-0.45731707317072656,NLIC
2023-05-08,650.0,657.0,645.2,646.1,11351.0,7364996.2,-0.010566615620214326,-1.0566615620214326,NLIC
2023-05-09,659.0,659.0,646.3,654.0,12926.0,8439375.0,0.012227209410307971,1.222720941030797,NLIC
2023-05-10,655.0,665.0,650.6,658.0,13283.0,8711935.6,0.006116207951070374,0.6116207951070374,NLIC
2023-05-11,658.0,658.0,651.1,657.5,11421.0,7473107.4,-0.0007598784194529085,-0.07598784194529085,NLIC
2023-05-14,660.0,668.0,651.1,656.0,13421.0,8782948.2,-0.0022813688212928174,-0.22813688212928174,NLIC
2023-05-15,651.0,660.0,650.0,654.1,13650.0,8937202.4,-0.0028963414634145535,-0.28963414634145535,NLIC
2023-05-16,654.0,662.0,650.0,655.0,15476.0,10120083.6,0.001375936401161848,0.1375936401161848,NLIC
2023-05-17,658.0,664.0,653.0,661.0,21211.0,14014720.2,0.009160305343511421,0.9160305343511421,NLIC
2023-05-18,671.0,674.9,664.9,674.0,25615.0,17199637.8,0.01966717095310133,1.9667170953101332,NLIC
2023-05-21,674.0,684.9,669.0,673.0,34145.0,23100102.1,-0.0014836795252225476,-0.14836795252225476,NLIC
2023-05-22,673.0,680.0,666.0,673.1,28392.0,19076906.8,0.00014858841010401136,0.014858841010401136,NLIC
2023-05-23,673.1,706.0,673.1,705.1,63211.0,43849133.8,0.04754122715792608,4.754122715792608,NLIC
2023-05-24,705.0,716.9,700.0,716.9,37079.0,26327493.5,0.01673521486313989,1.6735214863139891,NLIC
2023-05-28,720.0,720.0,695.0,695.0,40481.0,28720701.1,-0.03054819361138228,-3.054819361138228,NLIC
2023-05-30,687.7,687.7,659.9,662.0,121055.0,80453730.8,-0.0474820143884892,-4.74820143884892,NLIC
2023-05-31,648.8,674.0,645.9,650.0,66415.0,43389061.3,-0.01812688821752262,-1.8126888217522619,NLIC
2023-06-01,655.0,657.0,640.0,652.0,52628.0,34161283.6,0.003076923076922977,0.3076923076922977,NLIC
2023-06-04,665.0,677.0,654.0,673.0,63925.0,42548146.4,0.03220858895705514,3.220858895705514,NLIC
2023-06-05,673.0,680.0,651.0,654.9,57764.0,38164128.6,-0.026894502228826167,-2.6894502228826167,NLIC
2023-06-06,665.0,665.0,647.0,660.5,40021.0,26290206.9,0.008550923805161093,0.8550923805161093,NLIC
2023-06-07,673.0,673.0,653.0,655.0,57463.0,37954764.2,-0.00832702498107496,-0.832702498107496,NLIC
2023-06-08,655.0,664.0,650.0,653.6,55278.0,36370134.4,-0.0021374045801526576,-0.21374045801526576,NLIC
2023-06-11,666.0,670.0,656.1,660.0,80664.0,53323131.6,0.009791921664626724,0.9791921664626724,NLIC
2023-06-12,668.0,668.0,658.0,661.9,74077.0,49063688.5,0.002878787878787925,0.2878787878787925,NLIC
2023-06-13,674.0,689.5,657.0,679.1,130059.0,88308790.8,0.025985798458981746,2.5985798458981746,NLIC
2023-06-14,685.0,727.9,685.0,710.0,204923.0,145645181.3,0.045501398910322344,4.550139891032234,NLIC
2023-06-15,720.0,730.0,705.0,728.0,208130.0,149170161.7,0.025352112676056304,2.5352112676056304,NLIC
2023-06-18,741.9,800.8,735.0,790.0,214860.0,165424484.5,0.08516483516483508,8.516483516483508,NLIC
2023-06-19,800.8,820.0,762.0,772.0,162103.0,126486790.5,-0.02278481012658229,-2.278481012658229,NLIC
2023-06-20,772.0,787.4,750.0,750.0,150595.0,114958036.2,-0.02849740932642486,-2.849740932642486,NLIC
2023-06-21,760.0,760.0,737.1,746.0,121852.0,91330330.9,-0.005333333333333301,-0.5333333333333301,NLIC
2023-06-22,760.0,769.8,747.0,763.0,100868.0,76635686.1,0.02278820375335111,2.278820375335111,NLIC
2023-06-25,778.0,804.9,767.0,799.0,257931.0,204758656.0,0.047182175622542566,4.718217562254257,NLIC
2023-06-26,811.0,819.8,778.0,782.0,186943.0,148639326.2,-0.021276595744680882,-2.127659574468088,NLIC
2023-06-27,797.0,797.0,773.0,777.0,86178.0,67167640.9,-0.006393861892583175,-0.6393861892583175,NLIC
2023-06-28,777.0,794.9,767.0,788.0,143690.0,112234641.4,0.014157014157014203,1.4157014157014203,NLIC
2023-07-02,773.0,799.8,765.4,766.0,109697.0,85822590.2,-0.027918781725888353,-2.7918781725888353,NLIC
2023-07-03,760.0,770.0,750.0,751.0,97368.0,73842510.0,-0.019582245430809442,-1.9582245430809442,NLIC
2023-07-04,752.0,766.0,747.1,754.0,54381.0,40900611.7,0.003994673768308976,0.3994673768308976,NLIC
2023-07-05,760.0,764.0,735.0,738.0,52578.0,39207370.1,-0.021220159151193685,-2.1220159151193685,NLIC
2023-07-06,749.0,750.0,730.0,741.0,56379.0,41893196.0,0.004065040650406582,0.40650406504065817,NLIC
2023-07-09,755.0,770.0,750.0,757.9,66648.0,50438921.8,0.02280701754385972,2.280701754385972,NLIC
2023-07-10,773.0,773.0,754.0,761.9,55880.0,42640377.3,0.005277741126797686,0.5277741126797686,NLIC
2023-07-11,777.0,777.0,750.0,754.0,36335.0,27508704.9,-0.010368814805092552,-1.0368814805092552,NLIC
2023-07-12,768.0,768.0,740.0,745.0,69420.0,51975761.6,-0.011936339522546469,-1.1936339522546469,NLIC
2023-07-13,750.0,755.0,740.0,740.1,46006.0,34370148.1,-0.006577181208053617,-0.6577181208053617,NLIC
2023-07-16,754.0,754.0,741.2,744.0,25527.0,19020036.9,0.005269558167815047,0.5269558167815047,NLIC
2023-07-17,742.1,763.9,742.1,763.0,50533.0,38219818.2,0.02553763440860224,2.553763440860224,NLIC
2023-07-18,775.0,777.0,762.0,763.0,53343.0,41049233.9,0.0,0.0,NLIC
2023-07-19,750.0,772.0,750.0,769.0,43307.0,33206942.5,0.007863695937090354,0.7863695937090354,NLIC
2023-07-20,770.0,775.0,750.0,755.0,75277.0,57068042.4,-0.01820546163849157,-1.8205461638491571,NLIC
2023-07-23,770.0,774.6,756.0,768.0,61604.0,47145261.8,0.017218543046357615,1.7218543046357615,NLIC
2023-07-24,766.0,774.8,755.3,761.0,66223.0,50548583.1,-0.00911458333333337,-0.911458333333337,NLIC
2023-07-25,762.0,769.0,748.0,748.0,35943.0,27039999.1,-0.01708278580814715,-1.708278580814715,NLIC
2023-07-26,757.0,758.0,744.0,748.0,26858.0,20182039.6,0.0,0.0,NLIC
2023-07-27,759.0,759.0,736.0,736.0,39216.0,29125260.8,-0.016042780748663055,-1.6042780748663055,NLIC
2023-07-30,745.0,750.0,722.0,729.9,36604.0,26747334.6,-0.008288043478260954,-0.8288043478260954,NLIC
2023-07-31,744.0,744.0,723.0,725.0,29761.0,21709174.5,-0.006713248390190385,-0.6713248390190385,NLIC
2023-08-01,732.0,732.0,715.2,715.5,27174.0,19630035.6,-0.013103448275862073,-1.3103448275862073,NLIC
2023-08-02,728.9,728.9,702.0,715.0,41104.0,29138403.7,-0.0006988120195667857,-0.06988120195667857,NLIC
2023-08-03,729.0,729.0,709.0,714.9,27212.0,19457756.1,-0.00013986013986022616,-0.013986013986022616,NLIC
2023-08-06,717.0,722.0,700.0,704.0,28175.0,19905604.1,-0.015246887676598098,-1.5246887676598098,NLIC
2023-08-07,700.0,714.0,693.7,700.0,43574.0,30537237.7,-0.005681818181818232,-0.5681818181818232,NLIC
2023-08-08,700.0,709.0,688.9,689.1,26465.0,18362897.6,-0.01557142857142857,-1.557142857142857,NLIC
2023-08-09,688.0,720.0,676.0,714.9,48018.0,33140871.8,0.03744013931214618,3.744013931214618,NLIC
2023-08-10,725.0,725.0,706.0,709.0,24957.0,17759020.2,-0.008252902503846693,-0.8252902503846693,NLIC
2023-08-13,720.0,727.0,713.0,718.0,44130.0,31780351.6,0.012693935119887145,1.2693935119887145,NLIC
2023-08-14,730.9,730.9,715.0,720.0,29246.0,21106131.7,0.0027855153203342198,0.278551532033422,NLIC
2023-08-15,715.0,720.0,706.0,706.0,18443.0,13106298.2,-0.019444444444444486,-1.9444444444444486,NLIC
2023-08-16,692.1,712.0,690.0,700.0,25600.0,17851975.8,-0.008498583569405138,-0.8498583569405138,NLIC
2023-08-17,701.0,709.0,695.0,699.9,31423.0,21992083.8,-0.00014285714285722229,-0.014285714285722229,NLIC
2023-08-20,713.8,713.8,691.0,695.0,13106.0,9137925.3,-0.007001000142877523,-0.7001000142877523,NLIC
2023-08-21,691.0,702.9,683.0,694.0,30134.0,20822360.3,-0.0014388489208633226,-0.14388489208633226,NLIC
2023-08-22,702.8,702.8,686.0,697.0,10901.0,7561116.0,0.004322766570605152,0.4322766570605152,NLIC
2023-08-23,695.0,710.0,695.0,707.0,20300.0,14333707.1,0.01434720229555242,1.434720229555242,NLIC
2023-08-24,707.0,708.4,690.0,691.5,34862.0,24347378.2,-0.02192362093352196,-2.192362093352196,NLIC
2023-08-27,700.0,700.0,685.0,690.0,27367.0,18811433.8,-0.002169197396963085,-0.2169197396963085,NLIC
2023-08-28,695.0,700.0,686.0,691.0,10277.0,7118838.1,0.0014492753623187582,0.14492753623187582,NLIC
2023-08-29,690.0,701.9,687.0,687.0,9183.0,6334165.4,-0.005788712011577379,-0.5788712011577379,NLIC
2023-08-30,690.0,690.0,683.0,688.0,11703.0,8039456.8,0.0014556040756914523,0.14556040756914523,NLIC
2023-09-03,688.0,696.0,676.0,678.0,17887.0,12152364.9,-0.014534883720930258,-1.4534883720930258,NLIC
2023-09-04,691.4,691.4,669.0,683.0,21507.0,14520922.3,0.007374631268436627,0.7374631268436627,NLIC
2023-09-05,683.0,687.9,675.0,675.6,11054.0,7512230.0,-0.010834553440702721,-1.083455344070272,NLIC
2023-09-07,687.7,687.7,666.1,666.4,21709.0,14549344.3,-0.013617525162818334,-1.3617525162818334,NLIC
2023-09-10,660.1,675.0,660.1,670.1,14650.0,9824756.9,0.005552220888355386,0.5552220888355386,NLIC
2023-09-11,665.0,770.0,661.0,692.0,18843.0,12872454.9,0.03268168930010451,3.268168930010451,NLIC
2023-09-12,705.0,705.0,685.0,686.1,15845.0,10978105.1,-0.008526011560693658,-0.8526011560693658,NLIC
2023-09-13,695.0,704.0,685.0,704.0,19308.0,13404441.2,0.0260894913277947,2.60894913277947,NLIC
2023-09-17,700.0,700.0,685.0,685.5,19004.0,13105838.6,-0.02627840909090906,-2.627840909090906,NLIC
2023-09-18,685.0,694.0,681.0,689.8,8088.0,5548841.4,0.006272793581327374,0.6272793581327374,NLIC
2023-09-19,700.0,700.0,682.0,691.1,10652.0,7341234.7,0.001884604233111098,0.1884604233111098,NLIC
2023-09-21,704.0,705.0,690.0,694.0,72890.0,50882119.0,0.004196208942266022,0.4196208942266022,NLIC
2023-09-24,694.0,705.0,687.2,690.0,12556.0,8726121.6,-0.0057636887608069065,-0.5763688760806907,NLIC
2023-09-25,690.0,693.0,680.0,682.0,16888.0,11538381.5,-0.011594202898550732,-1.1594202898550732,NLIC
2023-09-26,690.0,700.0,687.0,690.0,18751.0,12992842.8,0.011730205278592365,1.1730205278592365,NLIC
2023-09-27,699.9,699.9,682.1,682.1,26006.0,17861978.2,-0.011449275362318767,-1.1449275362318767,NLIC
2023-10-01,688.0,688.1,668.0,671.6,26773.0,18054543.9,-0.01539363729658405,-1.539363729658405,NLIC
2023-10-02,671.0,679.8,668.0,674.5,17700.0,11899021.7,0.004318046456223801,0.4318046456223801,NLIC
2023-10-03,670.0,680.0,667.0,671.9,19684.0,13227079.2,-0.0038547071905115082,-0.3854707190511508,NLIC
2023-10-04,673.0,680.0,669.1,674.0,16284.0,10943908.2,0.003125465098973157,0.3125465098973157,NLIC
2023-10-05,680.0,680.0,670.6,676.0,15066.0,10182504.0,0.0029673590504450953,0.29673590504450953,NLIC
2023-10-08,675.0,676.0,665.0,666.0,22406.0,14960028.8,-0.014792899408283988,-1.4792899408283988,NLIC
2023-10-09,666.0,666.0,656.0,659.0,19353.0,12757922.1,-0.010510510510510551,-1.0510510510510551,NLIC
2023-10-10,657.0,663.0,650.2,652.0,12438.0,8121843.9,-0.01062215477996964,-1.062215477996964,NLIC
2023-10-11,652.0,665.0,652.0,655.0,13710.0,9004872.1,0.004601226993865115,0.4601226993865115,NLIC
2023-10-12,668.1,668.1,643.0,643.1,35947.0,23360854.0,-0.018167938931297645,-1.8167938931297645,NLIC
2023-10-16,640.4,645.0,630.7,632.1,25589.0,16232631.5,-0.01710464935468825,-1.710464935468825,NLIC
2023-10-17,635.0,658.0,635.0,639.9,10250.0,6549464.7,0.012339819648789607,1.2339819648789607,NLIC
2023-10-18,652.0,665.0,647.0,658.0,11651.0,7672097.5,0.02828566963588064,2.828566963588064,NLIC
2023-10-19,668.9,669.0,650.0,653.0,12090.0,7906907.9,-0.0075987841945288626,-0.7598784194528863,NLIC
2023-10-29,653.0,658.0,644.0,645.0,10033.0,6489395.9,-0.01225114854517606,-1.225114854517606,NLIC
2023-10-30,650.0,651.0,631.0,639.0,50718.0,32305007.0,-0.009302325581395321,-0.9302325581395321,NLIC
2023-10-31,639.0,640.0,630.0,633.0,9594.0,6085155.7,-0.009389671361502372,-0.9389671361502372,NLIC
2023-11-01,632.09,647.0,630.1,635.0,13482.0,8607756.6,0.003159557661927437,0.3159557661927437,NLIC
2023-11-02,635.0,637.5,632.0,634.7,9567.0,6068494.5,-0.00047244094488185784,-0.047244094488185784,NLIC
2023-11-05,635.0,635.0,625.1,630.0,11065.0,6974530.4,-0.007405073262958917,-0.7405073262958917,NLIC
2023-11-06,635.0,645.0,633.0,638.0,12167.0,7755462.3,0.012698412698412653,1.2698412698412653,NLIC
2023-11-07,638.0,645.4,638.0,642.0,7542.0,4846193.5,0.006269592476489061,0.6269592476489061,NLIC
2023-11-08,645.0,657.0,638.1,651.0,16004.0,10385723.3,0.014018691588784993,1.4018691588784993,NLIC
2023-11-09,660.0,664.0,644.1,644.9,13824.0,9000018.0,-0.009370199692780412,-0.9370199692780412,NLIC
2023-11-20,655.0,665.0,643.0,650.0,17011.0,11121513.9,0.007908202822143107,0.7908202822143107,NLIC
2023-11-21,663.0,663.0,640.0,645.0,13303.0,8558077.3,-0.007692307692307665,-0.7692307692307665,NLIC
2023-11-22,646.0,650.0,633.3,647.0,9797.0,6294689.9,0.0031007751937983663,0.31007751937983663,NLIC
2023-11-23,646.0,665.0,640.0,656.4,16372.0,10708992.0,0.014528593508500665,1.4528593508500665,NLIC
2023-11-26,644.0,680.0,644.0,679.8,28464.0,19178750.7,0.03564899451553938,3.564899451553938,NLIC
2023-11-27,667.0,688.0,667.0,674.0,23199.0,15635625.1,-0.008531921153280275,-0.8531921153280275,NLIC
2023-11-28,670.0,678.9,663.0,669.0,12490.0,8361292.5,-0.007418397626112738,-0.7418397626112738,NLIC
2023-11-29,679.0,679.0,658.0,659.9,17017.0,11312274.1,-0.013602391629297439,-1.360239162929744,NLIC
2023-11-30,660.0,669.0,651.1,652.6,17278.0,11367906.5,-0.01106228216396421,-1.106228216396421,NLIC
2023-12-03,665.6,665.6,646.1,652.0,12553.0,8168242.3,-0.0009193993257738953,-0.09193993257738953,NLIC
2023-12-04,654.0,660.0,649.1,653.0,12727.0,8316452.9,0.0015337423312884457,0.15337423312884457,NLIC
2023-12-05,658.0,664.0,650.1,651.0,7677.0,5016911.9,-0.003062787136294043,-0.3062787136294043,NLIC
2023-12-06,651.0,653.0,646.0,648.0,17214.0,11160164.7,-0.004608294930875556,-0.4608294930875556,NLIC
2023-12-07,648.0,662.1,647.0,652.0,20444.0,13350086.5,0.006172839506172867,0.6172839506172867,NLIC
2023-12-10,665.0,700.0,665.0,685.0,3936.0,2697473.0,0.05061349693251538,5.061349693251538,NLIC
2023-12-11,698.7,709.0,670.0,676.0,87743.0,59922502.3,-0.013138686131386912,-1.3138686131386912,NLIC
2023-12-12,689.5,694.9,676.0,683.0,64195.0,44039974.2,0.010355029585798814,1.0355029585798814,NLIC
2023-12-13,696.6,696.6,676.2,680.0,45278.0,31024023.0,-0.004392386530014614,-0.43923865300146137,NLIC
2023-12-14,693.0,695.0,676.0,684.0,38703.0,26482221.7,0.00588235294117645,0.588235294117645,NLIC
2023-12-17,670.4,675.0,630.0,664.5,133906.0,88403185.6,-0.028508771929824595,-2.8508771929824595,NLIC
2023-12-18,674.0,674.2,661.0,669.0,70563.0,47173886.5,0.006772009029345272,0.6772009029345272,NLIC
2023-12-19,675.0,690.0,668.0,689.0,114598.0,77894174.7,0.029895366218236186,2.9895366218236186,NLIC
2023-12-20,695.0,724.0,695.0,718.6,128472.0,91848772.8,0.04296081277213348,4.296081277213348,NLIC
2023-12-21,732.9,732.9,703.0,707.0,70475.0,50158896.7,-0.01614249930420264,-1.614249930420264,NLIC
2023-12-24,707.0,707.5,690.0,691.0,58378.0,40783661.7,-0.022630834512022635,-2.2630834512022635,NLIC
2023-12-27,704.0,704.0,679.0,682.0,44402.0,30433797.7,-0.013024602026049159,-1.302460202604916,NLIC
2023-12-28,695.6,695.6,671.0,674.5,43099.0,29180257.3,-0.010997067448680342,-1.0997067448680342,NLIC
2024-01-01,674.6,685.0,665.0,667.0,37725.0,25395676.3,-0.01111934766493694,-1.111934766493694,NLIC
2024-01-02,667.0,670.0,653.0,655.0,32939.0,21716312.2,-0.01799100449775115,-1.799100449775115,NLIC
2024-01-03,668.0,668.0,650.0,659.8,30206.0,19817368.1,0.007328244274809048,0.7328244274809048,NLIC
2024-01-04,672.9,672.9,648.0,653.0,64723.0,42294774.1,-0.010306153379812,-1.0306153379812,NLIC
2024-01-07,652.0,653.0,635.0,635.0,82347.0,52775691.0,-0.027565084226646275,-2.7565084226646275,NLIC
2024-01-08,645.0,655.0,640.0,652.0,61735.0,40014006.9,0.026771653543307128,2.677165354330713,NLIC
2024-01-09,665.0,671.0,662.0,670.0,46929.0,31320185.1,0.027607361963190247,2.7607361963190247,NLIC
2024-01-10,671.0,675.0,658.0,660.0,50137.0,33422365.0,-0.014925373134328401,-1.4925373134328401,NLIC
2024-01-11,660.0,667.0,650.0,651.0,44057.0,28783847.6,-0.013636363636363669,-1.3636363636363669,NLIC
2024-01-14,664.0,664.0,650.9,655.0,27037.0,17684516.3,0.006144393241167334,0.6144393241167334,NLIC
2024-01-16,653.0,665.0,653.0,662.0,66221.0,43866227.5,0.010687022900763399,1.0687022900763399,NLIC
2024-01-17,665.0,673.9,660.0,660.5,59629.0,39797793.6,-0.0022658610271902857,-0.22658610271902857,NLIC
2024-01-18,655.5,660.0,651.0,654.1,38735.0,25388779.2,-0.009689629068887151,-0.9689629068887151,NLIC
2024-01-21,654.1,670.0,647.5,648.3,54076.0,35412235.8,-0.00886714569637681,-0.886714569637681,NLIC
2024-01-22,635.4,640.0,615.0,629.8,104029.0,65850539.1,-0.028536171525528342,-2.853617152552834,NLIC
2024-01-23,620.0,637.0,618.0,625.0,41977.0,26297733.7,-0.007621467132422954,-0.7621467132422954,NLIC
2024-01-24,625.0,637.0,625.0,627.0,34813.0,21941441.7,0.0032000000000000917,0.32000000000000917,NLIC
2024-01-25,634.0,637.0,625.0,625.0,37353.0,23506833.4,-0.0031897926634768536,-0.31897926634768536,NLIC
2024-01-28,630.0,634.4,625.0,627.0,35053.0,22010495.1,0.0032000000000000917,0.32000000000000917,NLIC
2024-01-29,634.0,634.8,628.0,630.0,31840.0,20073778.8,0.004784688995215225,0.4784688995215225,NLIC
2024-01-30,637.0,637.0,630.0,630.7,35833.0,22687663.8,0.0011111111111112848,0.11111111111112848,NLIC
2024-01-31,639.0,639.0,625.0,625.0,28535.0,17922452.6,-0.009037577295069044,-0.9037577295069044,NLIC
2024-02-01,620.0,625.0,609.6,618.8,59742.0,36830809.3,-0.00992000000000004,-0.992000000000004,NLIC
2024-02-04,620.0,620.0,612.0,613.0,25595.0,15747439.1,-0.009372979961215222,-0.9372979961215222,NLIC
2024-02-05,621.8,621.9,614.0,616.5,16814.0,10376829.0,0.005709624796084833,0.5709624796084833,NLIC
2024-02-06,620.0,625.0,616.0,618.1,23771.0,14735974.3,0.0025952960259529867,0.25952960259529867,NLIC
2024-02-07,630.4,655.8,625.0,625.0,28205.0,17747561.2,0.0111632421938197,1.11632421938197,NLIC
2024-02-08,630.0,633.0,625.1,627.5,22032.0,13835036.1,0.0040000000000000036,0.40000000000000036,NLIC
2024-02-11,630.0,631.0,620.0,627.0,30118.0,18898844.5,-0.0007968127490040056,-0.07968127490040056,NLIC
2024-02-12,620.2,632.8,620.0,630.0,27121.0,17053325.9,0.004784688995215225,0.4784688995215225,NLIC
2024-02-13,625.0,627.0,618.0,619.0,31953.0,19827408.8,-0.01746031746031751,-1.746031746031751,NLIC
2024-02-14,624.0,624.0,615.0,618.0,21939.0,13536586.3,-0.001615508885298822,-0.1615508885298822,NLIC
2024-02-15,615.0,624.0,613.0,615.1,17127.0,10568901.1,-0.004692556634304124,-0.46925566343041236,NLIC
2024-02-18,614.0,618.0,612.0,613.8,24055.0,14778359.5,-0.0021134774833361236,-0.21134774833361236,NLIC
2024-02-20,615.0,622.9,609.4,612.1,28272.0,17332178.5,-0.002769631801889716,-0.2769631801889716,NLIC
2024-02-21,612.0,620.1,609.1,611.0,26693.0,16313263.6,-0.001797091978434917,-0.1797091978434917,NLIC
2024-02-22,615.0,620.0,600.0,605.0,51774.0,31379209.2,-0.009819967266775809,-0.9819967266775809,NLIC
2024-02-25,605.0,617.0,597.0,597.0,22433.0,13470274.4,-0.013223140495867813,-1.3223140495867813,NLIC
2024-02-26,597.0,606.0,590.0,596.0,24145.0,14360393.9,-0.0016750418760469454,-0.16750418760469454,NLIC
2024-02-27,606.0,606.0,593.0,600.0,23676.0,14134906.0,0.006711409395973256,0.6711409395973256,NLIC
2024-02-28,600.0,605.9,596.0,597.0,15201.0,9099872.5,-0.0050000000000000044,-0.5000000000000004,NLIC
2024-02-29,592.0,596.0,592.0,593.0,15582.0,9246320.6,-0.00670016750418756,-0.670016750418756,NLIC
2024-03-03,595.0,595.0,588.0,588.9,16884.0,9972230.9,-0.00691399662731873,-0.691399662731873,NLIC
2024-03-04,600.6,624.0,600.6,624.0,510.0,307680.0,0.0596026490066226,5.96026490066226,NLIC
2024-03-05,636.4,636.4,601.9,604.9,24008.0,14641022.2,-0.03060897435897436,-3.060897435897436,NLIC
2024-03-06,605.0,611.8,595.0,601.0,22018.0,13273848.2,-0.0064473466688708125,-0.6447346668870813,NLIC
2024-03-07,600.1,610.0,588.0,596.0,54231.0,32251245.4,-0.008319467554076532,-0.8319467554076532,NLIC
2024-03-10,597.1,607.8,585.0,598.0,51561.0,30695053.2,0.003355704697986628,0.3355704697986628,NLIC
2024-03-12,600.0,624.5,600.0,624.0,60426.0,37275476.8,0.04347826086956519,4.347826086956519,NLIC
2024-03-13,636.0,638.0,618.0,626.0,45201.0,28369015.3,0.0032051282051281937,0.3205128205128194,NLIC
2024-03-14,627.0,629.9,615.0,616.0,36829.0,22828520.5,-0.015974440894568676,-1.5974440894568676,NLIC
2024-03-17,626.8,626.8,608.1,611.0,32379.0,19865232.5,-0.008116883116883078,-0.8116883116883078,NLIC
2024-03-18,610.0,617.9,608.0,610.0,13801.0,8440135.1,-0.0016366612111292644,-0.16366612111292644,NLIC
2024-03-19,611.0,619.7,609.0,610.0,26126.0,16048991.8,0.0,0.0,NLIC
2024-03-20,622.0,622.0,610.0,612.0,16026.0,9792462.4,0.003278688524590123,0.3278688524590123,NLIC
2024-03-21,618.4,618.4,605.9,606.0,33198.0,20282257.1,-0.009803921568627416,-0.9803921568627416,NLIC
2024-03-25,606.0,610.0,592.0,600.0,33126.0,19818286.5,-0.00990099009900991,-0.990099009900991,NLIC
2024-03-26,601.0,606.9,590.0,599.0,26686.0,15971615.0,-0.0016666666666667052,-0.16666666666667052,NLIC
2024-03-27,599.9,600.9,596.0,597.0,27010.0,16161444.2,-0.0033388981636059967,-0.33388981636059967,NLIC
2024-03-28,591.1,600.0,590.0,596.0,32341.0,19298360.8,-0.0016750418760469454,-0.16750418760469454,NLIC
2024-03-31,594.2,599.0,592.0,594.9,22333.0,13314678.5,-0.0018456375838926675,-0.18456375838926675,NLIC
2024-04-01,590.1,600.0,590.0,595.9,25349.0,15112717.1,0.0016809547823164461,0.1680954782316446,NLIC
2024-04-02,591.3,599.8,591.2,595.1,19017.0,11324791.1,-0.0013425071320690707,-0.13425071320690707,NLIC
2024-04-03,607.0,609.9,591.0,595.4,27713.0,16512641.7,0.0005041169551334157,0.05041169551334157,NLIC
2024-04-04,595.4,600.0,594.5,594.5,19939.0,11874364.1,-0.0015115888478333117,-0.15115888478333117,NLIC
2024-04-07,594.5,600.0,592.0,597.1,25473.0,15160942.2,0.004373423044575331,0.4373423044575331,NLIC
2024-04-09,609.0,609.0,596.0,598.0,26661.0,15972910.0,0.0015072852118571678,0.15072852118571678,NLIC
2024-04-10,601.0,604.0,593.0,597.0,34011.0,20224548.9,-0.0016722408026755842,-0.16722408026755842,NLIC
2024-04-14,597.0,602.0,594.0,595.0,31201.0,18617328.2,-0.00335008375209378,-0.335008375209378,NLIC
2024-04-15,591.1,597.0,591.1,595.0,26107.0,15528977.2,0.0,0.0,NLIC
2024-04-16,594.0,595.0,590.0,592.0,24895.0,14730322.0,-0.005042016806722671,-0.5042016806722671,NLIC
2024-04-18,590.0,593.0,587.0,590.0,25394.0,14975738.2,-0.0033783783783783994,-0.33783783783783994,NLIC
2024-04-21,591.0,591.0,582.5,589.0,23037.0,13505551.3,-0.0016949152542372614,-0.16949152542372614,NLIC
2024-04-22,589.0,592.0,583.0,587.5,16733.0,9823338.5,-0.002546689303904892,-0.2546689303904892,NLIC
2024-04-24,586.0,593.9,584.2,588.0,11733.0,6884298.5,0.0008510638297871687,0.08510638297871687,NLIC
2024-04-25,585.0,594.0,584.0,586.0,17139.0,10044659.9,-0.003401360544217691,-0.3401360544217691,NLIC
2024-04-28,597.7,597.7,585.8,590.0,19576.0,11543669.8,0.006825938566553003,0.6825938566553003,NLIC
2024-04-29,591.1,597.0,589.0,590.0,16938.0,10012775.5,0.0,0.0,NLIC
2024-04-30,591.0,594.0,586.0,591.0,22779.0,13430333.7,0.0016949152542373724,0.16949152542373724,NLIC
2024-05-02,602.8,602.8,591.0,591.1,24785.0,14684912.2,0.00016920473773263112,0.01692047377326311,NLIC
2024-05-05,591.0,595.0,585.0,587.0,25655.0,15057763.7,-0.006936220605650467,-0.6936220605650467,NLIC
2024-05-06,588.0,588.0,580.0,580.0,39902.0,23242134.8,-0.011925042589437829,-1.1925042589437829,NLIC
2024-05-07,579.0,588.4,578.8,579.5,19148.0,11112476.1,-0.0008620689655172153,-0.08620689655172153,NLIC
2024-05-08,577.0,580.0,566.0,574.0,27725.0,15865287.7,-0.009490940465918918,-0.9490940465918918,NLIC
2024-05-09,572.1,574.2,568.0,569.1,19619.0,11178663.1,-0.008536585365853666,-0.8536585365853666,NLIC
2024-05-12,580.4,580.4,570.0,575.0,18771.0,10816855.2,0.010367246529608076,1.0367246529608076,NLIC
2024-05-13,576.0,584.9,575.0,578.0,16368.0,9453494.2,0.00521739130434784,0.521739130434784,NLIC
2024-05-14,583.9,590.0,577.0,589.0,19178.0,11192246.3,0.01903114186851207,1.903114186851207,NLIC
2024-05-15,594.9,599.9,587.0,590.0,35040.0,20711294.7,0.001697792869269854,0.1697792869269854,NLIC
2024-05-16,588.0,590.9,581.5,586.9,17319.0,10164303.0,-0.005254237288135677,-0.5254237288135677,NLIC
2024-05-19,598.5,619.0,585.1,607.1,63616.0,38560415.1,0.03441812915317777,3.4418129153177768,NLIC
2024-05-20,607.0,619.9,606.8,609.0,38138.0,23425732.2,0.00312963267995392,0.312963267995392,NLIC
2024-05-21,613.0,619.0,599.0,603.3,37813.0,22858931.1,-0.009359605911330116,-0.9359605911330116,NLIC
2024-05-22,615.0,627.0,601.4,612.0,51770.0,31569248.3,0.014420686225758317,1.4420686225758317,NLIC
2024-05-26,614.0,618.0,604.0,607.0,16518.0,10052291.4,-0.008169934640522847,-0.8169934640522847,NLIC
2024-05-27,617.9,617.9,604.0,606.0,16492.0,10057034.4,-0.0016474464579900872,-0.16474464579900872,NLIC
2024-05-29,618.1,618.1,606.0,607.5,30904.0,18891837.7,0.0024752475247524774,0.24752475247524774,NLIC
2024-05-30,603.2,614.9,600.3,603.0,23617.0,14324640.7,-0.007407407407407418,-0.7407407407407418,NLIC
2024-06-02,612.0,622.8,609.0,616.5,96823.0,59654394.7,0.02238805970149249,2.238805970149249,NLIC
2024-06-03,620.0,623.0,614.0,615.1,29557.0,18215793.4,-0.002270884022708808,-0.22708840227088078,NLIC
2024-06-04,615.0,618.5,610.0,614.0,21776.0,13402466.6,-0.0017883271012844038,-0.17883271012844038,NLIC
2024-06-05,611.5,615.0,607.6,608.0,21005.0,12824831.4,-0.009771986970684043,-0.9771986970684043,NLIC
2024-06-06,614.5,614.5,606.0,607.9,19339.0,11762477.7,-0.0001644736842105754,-0.01644736842105754,NLIC
2024-06-09,620.0,620.0,601.9,602.5,26680.0,16155336.3,-0.008883039973679896,-0.8883039973679896,NLIC
2024-06-10,614.5,614.5,600.0,600.3,30667.0,18436943.5,-0.0036514522821577966,-0.36514522821577966,NLIC
2024-06-11,611.0,618.9,603.4,617.7,37611.0,23085305.5,0.02898550724637694,2.898550724637694,NLIC
2024-06-12,623.0,623.0,612.0,619.0,56996.0,35240708.8,0.0021045815120608324,0.21045815120608324,NLIC
2024-06-13,623.0,628.0,617.0,625.0,42614.0,26559623.1,0.009693053311793154,0.9693053311793154,NLIC
2024-06-16,634.0,636.0,628.0,629.0,94774.0,59846270.4,0.006399999999999961,0.6399999999999961,NLIC
2024-06-18,641.5,641.5,608.0,608.0,43593.0,26637147.6,-0.03338632750397452,-3.338632750397452,NLIC
2024-06-19,600.0,611.0,599.2,599.2,28564.0,17196479.0,-0.014473684210526194,-1.4473684210526194,NLIC
2024-06-20,611.1,611.1,590.0,591.0,40725.0,24207464.7,-0.013684913217623551,-1.368491321762355,NLIC
2024-06-23,590.0,591.0,585.0,585.0,36035.0,21178478.1,-0.010152284263959421,-1.0152284263959421,NLIC
2024-06-24,578.0,594.0,578.0,585.7,20473.0,12030760.6,0.0011965811965812811,0.11965811965812811,NLIC
2024-06-25,580.0,591.6,580.0,585.2,28590.0,16767194.6,-0.0008536793580331548,-0.08536793580331548,NLIC
2024-06-26,580.5,586.0,580.1,581.4,24848.0,14482637.2,-0.006493506493506662,-0.6493506493506662,NLIC
2024-06-27,581.5,583.5,572.0,575.1,28923.0,16630774.9,-0.010835913312693402,-1.0835913312693402,NLIC
2024-06-30,570.1,575.0,570.1,572.0,24687.0,14109609.8,-0.005390366892714327,-0.5390366892714327,NLIC
2024-07-01,572.0,574.0,570.6,572.0,23399.0,13383424.7,0.0,0.0,NLIC
2024-07-02,583.4,606.0,583.1,585.0,33199.0,19532513.4,0.022727272727272707,2.2727272727272707,NLIC
2024-07-03,589.0,589.9,580.0,584.9,26085.0,15226034.5,-0.00017094017094021474,-0.017094017094021474,NLIC
2024-07-04,589.5,590.0,584.9,587.0,40634.0,23826025.0,0.00359035732603874,0.359035732603874,NLIC
2024-07-07,598.0,598.0,588.0,592.0,29144.0,17235331.4,0.008517887563884052,0.8517887563884052,NLIC
2024-07-08,591.0,599.0,587.1,595.9,42450.0,25168617.1,0.0065878378378378954,0.6587837837837895,NLIC
2024-07-09,595.0,600.0,590.0,598.5,36529.0,21775667.9,0.004363148179224785,0.4363148179224785,NLIC
2024-07-10,605.0,608.0,600.3,602.0,28256.0,17074635.1,0.005847953216374213,0.5847953216374213,NLIC
2024-07-11,614.0,614.0,602.4,610.9,40570.0,24653784.8,0.01478405315614606,1.478405315614606,NLIC
2024-07-14,623.1,637.5,617.0,619.0,52269.0,32514722.0,0.013259125879849343,1.3259125879849343,NLIC
2024-07-15,631.0,631.0,612.0,619.0,55334.0,34211239.8,0.0,0.0,NLIC
2024-07-16,625.0,630.0,610.1,630.0,37765.0,23585941.7,0.017770597738287597,1.7770597738287597,NLIC
2024-07-17,637.5,660.0,634.1,660.0,95129.0,61517043.0,0.04761904761904767,4.761904761904767,NLIC
2024-07-18,670.0,691.0,660.5,683.0,147365.0,100394694.5,0.034848484848484906,3.4848484848484906,NLIC
2024-07-21,683.0,707.0,683.0,704.5,159512.0,111598553.4,0.03147877013177158,3.1478770131771583,NLIC
2024-07-22,707.1,721.0,698.0,714.5,172060.0,121790036.5,0.01419446415897796,1.419446415897796,NLIC
2024-07-23,715.0,745.0,710.1,745.0,145518.0,106597988.1,0.04268719384184738,4.268719384184738,NLIC
2024-07-24,755.0,785.0,745.0,765.0,229385.0,175544735.4,0.02684563758389258,2.684563758389258,NLIC
2024-07-25,765.0,780.3,750.1,770.0,159060.0,122157831.3,0.006535947712418277,0.6535947712418277,NLIC
2024-07-28,785.4,847.0,770.0,837.0,233131.0,188443264.0,0.08701298701298699,8.701298701298699,NLIC
2024-07-29,853.7,869.9,831.0,831.0,274510.0,232011594.6,-0.007168458781361964,-0.7168458781361964,NLIC
2024-07-30,832.0,835.0,804.0,826.0,214044.0,175402812.7,-0.006016847172081841,-0.6016847172081841,NLIC
2024-07-31,842.5,875.0,830.0,845.0,207719.0,175017774.2,0.02300242130750596,2.300242130750596,NLIC
2024-08-01,861.9,900.0,850.0,870.0,221608.0,194467688.5,0.029585798816567976,2.9585798816567976,NLIC
2024-08-05,887.0,932.0,870.0,925.0,305692.0,275476275.2,0.06321839080459779,6.321839080459779,NLIC
2024-08-06,925.0,940.0,875.1,875.1,366958.0,332366275.6,-0.05394594594594593,-5.394594594594593,NLIC
2024-08-07,890.0,904.9,863.0,901.0,223149.0,199063232.8,0.029596617529425107,2.9596617529425107,NLIC
2024-08-08,907.0,937.0,902.1,907.0,188616.0,173240390.9,0.006659267480577213,0.6659267480577213,NLIC
2024-08-11,920.0,936.3,910.0,935.0,238626.0,220394884.9,0.030871003307607392,3.087100330760739,NLIC
2024-08-12,944.0,1003.0,944.0,995.0,269247.0,262076161.7,0.06417112299465244,6.417112299465244,NLIC
2024-08-13,1014.0,1060.0,1014.0,1025.0,314318.0,325796207.8,0.03015075376884413,3.015075376884413,NLIC
2024-08-14,1045.5,1045.5,1005.0,1030.0,206332.0,210927993.5,0.004878048780487809,0.4878048780487809,NLIC
2024-08-15,1039.2,1040.0,1005.0,1010.0,204665.0,207889297.6,-0.01941747572815533,-1.9417475728155331,NLIC
2024-08-18,1020.0,1020.0,975.0,980.0,284458.0,281744842.2,-0.02970297029702973,-2.970297029702973,NLIC
2024-08-21,980.0,999.0,960.1,969.0,161291.0,156905760.1,-0.011224489795918391,-1.122448979591839,NLIC
2024-08-22,970.0,980.0,955.0,962.1,184060.0,178096448.4,-0.007120743034055743,-0.7120743034055743,NLIC
2024-08-25,980.0,980.0,920.0,925.0,189236.0,176779255.7,-0.03856148009562421,-3.856148009562421,NLIC
2024-08-27,915.0,923.0,880.0,882.0,274692.0,247490505.6,-0.046486486486486456,-4.648648648648646,NLIC
2024-08-28,899.6,905.0,866.0,876.0,125107.0,110801938.6,-0.006802721088435382,-0.6802721088435382,NLIC
2024-08-29,876.3,876.3,836.2,852.0,191952.0,163381630.4,-0.0273972602739726,-2.73972602739726,NLIC
2024-09-01,852.0,865.0,835.0,838.0,97049.0,82228680.2,-0.016431924882629123,-1.6431924882629123,NLIC
2024-09-02,854.7,899.7,833.0,896.9,166631.0,144713948.3,0.07028639618138421,7.028639618138421,NLIC
2024-09-03,914.8,919.2,890.1,906.1,126483.0,114763100.5,0.010257553796409802,1.0257553796409802,NLIC
2024-09-04,924.1,924.1,862.0,864.0,126139.0,111427434.4,-0.04646286281867351,-4.646286281867351,NLIC
2024-09-05,851.1,871.0,838.1,855.0,86672.0,74066804.2,-0.01041666666666663,-1.041666666666663,NLIC
2024-09-08,870.0,870.0,843.0,847.0,41222.0,35179047.8,-0.009356725146198785,-0.9356725146198785,NLIC
2024-09-09,859.0,859.0,815.0,819.5,98837.0,81791275.2,-0.03246753246753242,-3.2467532467532423,NLIC
2024-09-10,831.0,835.8,814.6,816.0,57016.0,46877699.0,-0.004270896888346587,-0.4270896888346587,NLIC
2024-09-11,831.5,831.5,800.0,802.0,62481.0,50310352.1,-0.01715686274509809,-1.715686274509809,NLIC
2024-09-12,805.0,835.0,795.0,821.0,90693.0,73855729.0,0.023690773067331694,2.3690773067331694,NLIC
2024-09-15,835.0,849.8,800.0,802.0,92171.0,76268213.7,-0.023142509135200995,-2.3142509135200995,NLIC
2024-09-16,818.0,818.0,781.0,790.0,75624.0,59946236.3,-0.014962593516209433,-1.4962593516209433,NLIC
2024-09-18,805.8,805.8,765.0,777.0,68438.0,53298205.6,-0.016455696202531622,-1.6455696202531622,NLIC
2024-09-22,792.5,824.0,770.0,779.0,55414.0,43334653.6,0.002574002574002643,0.2574002574002643,NLIC
2024-09-23,794.5,794.5,745.0,752.9,79930.0,60494914.6,-0.033504492939666286,-3.3504492939666286,NLIC
2024-09-24,742.1,773.9,735.0,738.0,62601.0,46687377.7,-0.01979014477354224,-1.979014477354224,NLIC
2024-09-25,738.0,758.5,726.0,758.0,101595.0,75600875.1,0.027100271002709952,2.7100271002709952,NLIC
2024-09-26,743.0,770.0,743.0,750.0,34422.0,26037519.6,-0.01055408970976257,-1.055408970976257,NLIC
2024-09-29,765.0,765.0,735.0,745.9,29436.0,21836068.8,-0.005466666666666731,-0.5466666666666731,NLIC
2024-09-30,742.0,765.5,741.0,764.7,49625.0,37532309.7,0.025204450998793426,2.5204450998793426,NLIC
2024-10-01,767.7,803.0,767.7,799.0,84435.0,66794346.2,0.04485419118608602,4.485419118608602,NLIC
2024-10-02,803.0,830.0,795.0,819.0,86074.0,70127568.1,0.0250312891113893,2.50312891113893,NLIC
2024-10-06,812.0,837.0,803.0,829.0,49821.0,41174619.9,0.012210012210012167,1.2210012210012167,NLIC
2024-10-07,845.5,862.0,829.0,843.7,59396.0,50411501.4,0.01773220747889037,1.7732207478890372,NLIC
2024-10-08,859.4,859.4,832.0,843.0,59315.0,49952561.3,-0.0008296787957805529,-0.08296787957805529,NLIC
2024-10-09,828.2,847.0,822.0,840.0,33580.0,28164247.8,-0.003558718861209953,-0.3558718861209953,NLIC
2024-10-15,848.8,855.0,838.5,851.0,20142.0,17083400.0,0.013095238095238049,1.3095238095238049,NLIC
2024-10-16,855.0,878.0,852.0,875.0,76237.0,66536961.6,0.02820211515863691,2.820211515863691,NLIC
2024-10-17,885.0,887.0,866.5,869.5,52798.0,46454250.9,-0.006285714285714339,-0.6285714285714339,NLIC
2024-10-20,853.0,868.0,836.5,845.0,64238.0,54774558.5,-0.028177113283496258,-2.817711328349626,NLIC
2024-10-21,844.0,844.0,810.2,815.0,68366.0,56257057.9,-0.035502958579881616,-3.5502958579881616,NLIC
2024-10-22,814.0,835.0,814.0,827.4,27999.0,22995408.1,0.015214723926380236,1.5214723926380236,NLIC
2024-10-23,812.1,838.9,812.1,819.0,30491.0,25116837.8,-0.01015228426395931,-1.015228426395931,NLIC
2024-10-24,834.0,834.0,805.0,810.3,28806.0,23357611.2,-0.010622710622710696,-1.0622710622710696,NLIC
2024-10-27,815.0,825.0,802.1,803.9,28528.0,23062111.1,-0.007898309268172254,-0.7898309268172254,NLIC
2024-10-28,819.9,835.0,807.0,814.9,27899.0,22709950.2,0.013683293942032604,1.3683293942032604,NLIC
2024-10-29,829.0,840.0,816.3,840.0,43481.0,36157622.6,0.03080132531598978,3.080132531598978,NLIC
2024-10-30,843.0,843.0,830.0,831.0,23570.0,19663322.2,-0.010714285714285676,-1.0714285714285676,NLIC
2024-11-05,824.0,843.0,824.0,834.9,24301.0,20312984.5,0.004693140794223893,0.46931407942238934,NLIC
2024-11-06,831.0,840.0,825.0,829.0,16535.0,13765819.5,-0.007066714576596023,-0.7066714576596023,NLIC
2024-11-10,832.0,850.0,832.0,849.0,48684.0,41144618.3,0.024125452352231624,2.4125452352231624,NLIC
2024-11-11,862.0,920.0,850.0,880.0,139600.0,122280159.1,0.036513545347467646,3.6513545347467646,NLIC
2024-11-12,890.0,904.0,877.2,878.9,71658.0,63702577.4,-0.0012499999999999734,-0.12499999999999734,NLIC
2024-11-13,896.4,896.4,860.0,865.0,44001.0,38268744.1,-0.015815223574923154,-1.5815223574923154,NLIC
2024-11-14,869.3,899.0,863.0,865.0,37128.0,32269864.7,0.0,0.0,NLIC
2024-11-17,882.3,882.3,860.0,861.0,41375.0,35969504.8,-0.0046242774566473965,-0.46242774566473965,NLIC
2024-11-19,856.0,869.9,840.0,840.0,62520.0,53185071.6,-0.024390243902439046,-2.4390243902439046,NLIC
2024-11-20,856.8,856.8,832.0,833.0,36036.0,30164711.2,-0.008333333333333304,-0.8333333333333304,NLIC
2024-11-21,834.0,845.0,815.1,816.0,53795.0,44335084.8,-0.020408163265306145,-2.0408163265306145,NLIC
2024-11-24,832.0,845.0,815.5,817.6,52698.0,43218155.0,0.0019607843137254832,0.19607843137254832,NLIC
2024-11-25,818.0,827.0,815.0,823.0,24037.0,19754200.4,0.006604696673189858,0.6604696673189858,NLIC
2024-11-26,839.4,840.0,819.5,825.0,36700.0,30231313.0,0.002430133657351119,0.2430133657351119,NLIC
2024-11-27,808.5,844.3,808.5,833.0,39022.0,32473780.9,0.00969696969696976,0.9696969696969759,NLIC
2024-11-28,845.0,849.0,825.0,826.0,25940.0,21554061.9,-0.008403361344537785,-0.8403361344537785,NLIC
2024-12-01,842.5,842.5,810.5,814.0,37248.0,30456056.5,-0.014527845036319653,-1.4527845036319653,NLIC
2024-12-02,830.2,830.2,809.3,814.0,44928.0,36589626.6,0.0,0.0,NLIC
2024-12-03,814.0,819.0,805.0,810.0,25381.0,20600461.7,-0.004914004914004955,-0.49140049140049546,NLIC
2024-12-04,826.2,826.2,810.0,810.0,26373.0,21482124.7,0.0,0.0,NLIC
2024-12-05,824.9,824.9,802.0,807.0,37055.0,29933381.3,-0.0037037037037036535,-0.37037037037036535,NLIC
2024-12-08,819.9,819.9,793.0,800.0,43459.0,34745275.7,-0.008674101610904539,-0.8674101610904539,NLIC
2024-12-09,810.0,810.0,793.0,796.0,19452.0,15507320.3,-0.0050000000000000044,-0.5000000000000004,NLIC
2024-12-10,811.8,811.8,790.0,793.0,15758.0,12536605.3,-0.0037688442211055717,-0.37688442211055717,NLIC
2024-12-11,796.0,799.8,790.0,798.0,20203.0,16040571.2,0.006305170239596425,0.6305170239596425,NLIC
2024-12-12,800.0,809.5,787.0,787.0,41496.0,32957928.3,-0.013784461152882233,-1.3784461152882233,NLIC
2024-12-16,802.0,802.0,777.0,778.2,25620.0,20065400.9,-0.011181702668360827,-1.1181702668360827,NLIC
2024-12-17,775.0,789.0,770.0,771.3,22182.0,17205011.7,-0.008866615265998523,-0.8866615265998523,NLIC
2024-12-18,786.0,786.0,770.3,772.0,17944.0,13859940.3,0.000907558667185393,0.0907558667185393,NLIC
2024-12-19,772.0,783.0,766.0,769.0,31856.0,24514368.0,-0.0038860103626943143,-0.38860103626943143,NLIC
2024-12-22,753.7,781.0,753.7,759.0,23369.0,17804553.1,-0.013003901170351106,-1.3003901170351106,NLIC
2024-12-23,760.0,766.0,745.0,763.0,41230.0,31253369.3,0.005270092226614009,0.5270092226614009,NLIC
2024-12-24,762.0,780.0,759.0,770.0,40595.0,31334949.6,0.00917431192660545,0.917431192660545,NLIC
2024-12-26,765.0,782.0,760.0,769.5,24055.0,18569103.4,-0.0006493506493506773,-0.06493506493506773,NLIC
2024-12-29,770.0,775.0,760.0,766.0,17949.0,13796588.0,-0.004548408057180042,-0.4548408057180042,NLIC
2024-12-31,765.0,774.9,757.0,763.5,21334.0,16225804.7,-0.0032637075718016106,-0.32637075718016106,NLIC
2025-01-01,769.0,769.0,758.2,759.2,14634.0,11131523.7,-0.005631958087753741,-0.5631958087753741,NLIC
2025-01-02,771.9,771.9,758.0,760.0,23972.0,18262390.6,0.0010537407797681642,0.10537407797681642,NLIC
2025-01-05,775.0,775.0,759.6,765.0,23002.0,17596888.1,0.006578947368421018,0.6578947368421018,NLIC
2025-01-06,775.0,785.0,761.2,785.0,28788.0,22422307.2,0.02614379084967311,2.614379084967311,NLIC
2025-01-07,797.9,797.9,775.1,780.0,18399.0,14380459.3,-0.006369426751592355,-0.6369426751592355,NLIC
2025-01-08,795.5,795.5,780.0,787.9,24732.0,19433414.7,0.010128205128205003,1.0128205128205003,NLIC
2025-01-09,795.0,795.0,775.1,782.0,33903.0,26595205.5,-0.0074882599314634035,-0.7488259931463404,NLIC
2025-01-12,797.6,860.0,797.6,814.0,92192.0,75205077.6,0.04092071611253201,4.092071611253201,NLIC
2025-01-13,830.2,830.2,801.0,804.4,61292.0,49442698.3,-0.011793611793611825,-1.1793611793611825,NLIC
2025-01-15,815.0,817.0,798.0,807.7,85626.0,68981530.0,0.0041024365987072375,0.41024365987072375,NLIC
2025-01-16,823.8,823.8,799.0,808.3,49328.0,39746060.2,0.0007428500680943806,0.07428500680943806,NLIC
2025-01-19,800.0,811.0,800.0,810.0,53895.0,43559680.6,0.0021031795125572295,0.21031795125572295,NLIC
2025-01-20,814.0,817.0,810.0,815.9,45998.0,37415676.9,0.00728395061728393,0.728395061728393,NLIC
2025-01-21,818.0,826.0,814.0,822.0,58506.0,48022022.0,0.007476406422355808,0.7476406422355808,NLIC
2025-01-22,838.4,845.0,822.0,836.1,208707.0,174365901.2,0.017153284671532765,1.7153284671532765,NLIC
2025-01-23,775.2,775.2,760.0,764.0,55477.0,42395910.7,-0.08623370410238007,-8.623370410238007,NLIC
2025-01-26,779.2,779.2,750.0,752.0,40512.0,30582740.2,-0.015706806282722474,-1.5706806282722474,NLIC
2025-01-27,760.0,760.0,741.0,741.0,48337.0,36034889.7,-0.0146276595744681,-1.46276595744681,NLIC
2025-01-28,755.7,755.7,730.0,732.0,38882.0,28519893.3,-0.012145748987854255,-1.2145748987854255,NLIC
2025-02-02,732.0,747.0,732.0,745.0,57951.0,43037506.2,0.01775956284153013,1.775956284153013,NLIC
2025-02-03,750.0,760.0,747.0,751.0,37115.0,27939431.8,0.008053691275167862,0.8053691275167862,NLIC
2025-02-04,755.0,758.0,745.0,750.0,37582.0,28197260.8,-0.0013315579227696217,-0.13315579227696217,NLIC
2025-02-05,758.3,758.3,736.0,738.0,47097.0,34882814.0,-0.016000000000000014,-1.6000000000000014,NLIC
2025-02-06,738.0,745.0,736.0,740.0,34996.0,25907711.1,0.0027100271002709064,0.27100271002709064,NLIC
2025-02-09,745.0,751.0,730.0,731.1,35229.0,25871371.7,-0.01202702702702696,-1.202702702702696,NLIC
2025-02-10,731.0,734.0,720.0,723.0,33894.0,24501576.1,-0.01107919573245797,-1.107919573245797,NLIC
2025-02-11,737.0,737.0,718.0,721.0,19974.0,14409372.5,-0.0027662517289073207,-0.2766251728907321,NLIC
2025-02-12,712.1,730.0,711.1,711.1,41785.0,30003242.1,-0.013730929264909819,-1.373092926490982,NLIC
2025-02-13,712.0,719.0,710.0,712.0,28411.0,20258925.6,0.0012656447756995703,0.12656447756995703,NLIC
2025-02-16,715.0,719.0,711.0,712.9,30817.0,21988402.5,0.0012640449438201529,0.1264044943820153,NLIC
2025-02-17,725.0,728.5,712.0,724.5,31702.0,22930453.5,0.016271566839668905,1.6271566839668905,NLIC
2025-02-18,726.0,746.0,726.0,739.0,51697.0,38190799.9,0.0200138026224983,2.00138026224983,NLIC
2025-02-20,744.0,760.8,738.0,754.0,64558.0,48592316.5,0.020297699594046037,2.0297699594046037,NLIC
2025-02-23,750.0,759.8,739.0,754.0,52843.0,39749523.6,0.0,0.0,NLIC
2025-02-24,755.0,760.0,739.0,739.0,50922.0,38217203.0,-0.019893899204244003,-1.9893899204244003,NLIC
2025-02-25,739.0,750.0,739.0,747.0,30915.0,23079338.6,0.010825439783491264,1.0825439783491264,NLIC
2025-02-27,748.0,765.0,745.0,765.0,68396.0,51797307.6,0.024096385542168752,2.4096385542168752,NLIC
2025-03-02,779.0,841.5,778.0,841.5,248954.0,204975489.1,0.10000000000000009,10.000000000000009,NLIC
2025-03-03,858.0,880.0,851.0,852.0,191519.0,165758927.4,0.012477718360071277,1.2477718360071277,NLIC
2025-03-04,865.0,875.0,840.0,846.9,144411.0,123904095.1,-0.005985915492957794,-0.5985915492957794,NLIC
2025-03-05,846.9,847.0,819.0,824.0,111725.0,92765238.2,-0.027039792183256584,-2.7039792183256584,NLIC
2025-03-06,833.9,840.4,816.5,817.2,66136.0,54539170.3,-0.00825242718446595,-0.8252427184465949,NLIC
2025-03-09,833.5,833.5,799.1,799.8,60791.0,49000884.7,-0.021292217327459784,-2.1292217327459784,NLIC
2025-03-10,785.1,814.0,785.1,792.0,44060.0,35278719.6,-0.009752438109527306,-0.9752438109527306,NLIC
2025-03-11,795.0,800.0,779.0,780.0,48691.0,38336898.8,-0.015151515151515138,-1.5151515151515138,NLIC
2025-03-12,770.0,790.0,770.0,786.0,34071.0,26602359.8,0.007692307692307665,0.7692307692307665,NLIC
2025-03-16,799.0,799.0,771.0,784.8,41390.0,32152589.5,-0.0015267175572519776,-0.15267175572519776,NLIC
2025-03-17,770.0,790.3,770.0,784.0,28054.0,21994689.5,-0.0010193679918449883,-0.10193679918449883,NLIC
2025-03-18,787.5,793.4,780.0,780.5,23109.0,18147945.7,-0.004464285714285698,-0.44642857142856984,NLIC
2025-03-19,766.0,785.0,766.0,775.0,29512.0,22915334.3,-0.007046764894298563,-0.7046764894298563,NLIC
2025-03-20,775.0,780.0,768.6,769.6,17367.0,13415664.4,-0.006967741935483884,-0.6967741935483884,NLIC
2025-03-23,760.0,770.0,748.0,754.08,51829.0,39228439.8,-0.02016632016632014,-2.016632016632014,NLIC
2025-03-24,739.0,773.9,739.0,769.1,33879.0,25776100.4,0.019918311054530013,1.9918311054530013,NLIC
2025-03-25,754.0,760.2,746.2,750.03,50869.0,38323525.0,-0.024795215186581787,-2.4795215186581787,NLIC
2025-03-26,740.1,770.1,740.1,767.87,45050.0,34205257.1,0.02378571523805717,2.378571523805717,NLIC
2025-03-27,752.6,788.0,752.6,784.14,45574.0,35653933.3,0.021188482425410493,2.1188482425410493,NLIC
2025-03-30,770.0,803.4,770.0,790.26,62960.0,50147020.3,0.007804728747417666,0.7804728747417666,NLIC
2025-04-01,774.5,799.5,774.5,782.44,27619.0,21648906.6,-0.009895477437805167,-0.9895477437805167,NLIC
2025-04-02,798.0,798.0,776.3,782.48,14982.0,11770117.1,5.112213077040906e-05,0.005112213077040906,NLIC
2025-04-03,790.0,790.0,775.4,778.87,31507.0,24617406.8,-0.004613536448215938,-0.4613536448215938,NLIC
2025-04-07,763.3,783.9,763.3,778.29,24832.0,19323523.2,-0.0007446685582960244,-0.07446685582960244,NLIC
2025-04-08,765.0,779.9,765.0,775.4,30470.0,23547352.4,-0.0037132688329543084,-0.37132688329543084,NLIC
2025-04-09,790.0,790.0,773.0,775.54,19913.0,15494414.1,0.0001805519731750138,0.01805519731750138,NLIC
2025-04-10,760.1,789.8,760.1,771.23,31357.0,24335750.6,-0.005557418057095642,-0.5557418057095642,NLIC
2025-04-13,772.0,775.0,765.0,766.41,25608.0,19690978.0,-0.0062497568818641325,-0.6249756881864132,NLIC
2025-04-15,770.0,788.5,770.0,781.2,26594.0,20768578.2,0.01929776490390278,1.929776490390278,NLIC
2025-04-16,780.1,785.0,778.0,780.28,16834.0,13146809.0,-0.0011776753712238186,-0.11776753712238186,NLIC
2025-04-17,775.0,795.0,775.0,785.75,35904.0,28285082.8,0.007010303993438383,0.7010303993438383,NLIC
2025-04-20,786.0,788.0,773.0,773.64,44780.0,34846882.8,-0.015412026726057904,-1.5412026726057904,NLIC
2025-04-21,775.0,777.0,764.0,772.36,21361.0,16504419.6,-0.00165451631249669,-0.165451631249669,NLIC
2025-04-22,771.0,806.3,767.0,782.15,39061.0,30394573.3,0.012675436325029654,1.2675436325029654,NLIC
2025-04-23,769.0,785.0,769.0,776.31,23348.0,18174532.0,-0.0074665984785527995,-0.74665984785528,NLIC
2025-04-24,791.8,791.8,770.0,773.76,31406.0,24347899.3,-0.0032847702593035155,-0.32847702593035155,NLIC
2025-04-27,775.0,786.0,767.4,770.21,47091.0,36463304.4,-0.004587985938792283,-0.4587985938792283,NLIC
2025-04-28,763.1,774.0,763.0,767.12,28941.0,22263016.7,-0.004011892860388722,-0.40118928603887216,NLIC
2025-04-29,771.0,779.0,755.0,756.02,40678.0,30935300.8,-0.014469704870163747,-1.4469704870163747,NLIC
2025-04-30,763.0,765.0,753.3,757.8,27880.0,21140566.1,0.002354435067855265,0.2354435067855265,NLIC
2025-05-04,754.0,765.0,750.0,752.34,50931.0,38536960.0,-0.007205067300079082,-0.7205067300079082,NLIC
2025-05-05,767.0,767.0,747.1,750.45,26923.0,20205771.9,-0.00251216205439031,-0.251216205439031,NLIC
2025-05-06,752.0,754.9,750.1,751.09,18514.0,13916454.4,0.0008528216403491662,0.08528216403491662,NLIC
2025-05-07,750.1,770.0,750.0,763.87,26478.0,20130482.0,0.017015271139277477,1.7015271139277477,NLIC
2025-05-08,770.0,770.0,756.2,760.19,29345.0,22361354.6,-0.004817573670912512,-0.48175736709125117,NLIC
2025-05-11,765.0,765.0,750.0,753.34,26702.0,20259651.8,-0.009010905168444716,-0.9010905168444716,NLIC
2025-05-13,756.0,780.0,752.0,758.99,44793.0,34129459.0,0.007499933628905886,0.7499933628905886,NLIC
2025-05-14,751.0,766.0,751.0,754.03,26629.0,20104736.7,-0.006535000461139195,-0.6535000461139195,NLIC
2025-05-15,750.3,758.0,750.3,752.53,29081.0,21940547.3,-0.0019893107701285384,-0.19893107701285384,NLIC
2025-05-18,751.1,758.2,750.5,751.16,31244.0,23518632.0,-0.0018205254275577287,-0.18205254275577287,NLIC
2025-05-19,750.0,758.0,750.0,753.41,29066.0,21878969.2,0.0029953671654507907,0.2995367165450791,NLIC
2025-05-20,768.0,768.0,750.0,761.61,35268.0,26663768.2,0.010883848103954152,1.0883848103954152,NLIC
2025-05-21,776.8,792.0,762.0,763.86,34928.0,26944661.1,0.0029542679324063847,0.2954267932406385,NLIC
2025-05-22,764.9,767.0,760.0,762.45,31000.0,23630955.4,-0.0018458879899457825,-0.18458879899457825,NLIC
2025-05-25,764.0,770.0,757.6,759.86,50743.0,38590526.1,-0.0033969440619057156,-0.33969440619057156,NLIC
2025-05-26,775.0,780.0,756.0,758.99,47336.0,36129144.2,-0.0011449477535335761,-0.11449477535335761,NLIC
2025-05-27,743.9,760.0,743.9,756.59,27956.0,21168361.5,-0.003162096997325392,-0.3162096997325392,NLIC
2025-05-28,760.0,760.0,755.0,757.56,37149.0,28136856.2,0.0012820682271770245,0.12820682271770245,NLIC
2025-06-02,765.0,770.0,750.0,763.04,54583.0,41739456.1,0.0072337504620096915,0.7233750462009692,NLIC
2025-06-03,760.0,766.0,755.0,760.16,35563.0,27049914.4,-0.0037743761794925,-0.37743761794925,NLIC
2025-06-04,775.0,775.0,755.0,755.33,41063.0,31082526.3,-0.006353925489370527,-0.6353925489370527,NLIC
2025-06-05,755.1,763.0,752.4,755.38,23026.0,17403606.2,6.619623211046033e-05,0.006619623211046033,NLIC
2025-06-08,756.0,760.0,751.0,752.15,29372.0,22105091.5,-0.004275993539675449,-0.4275993539675449,NLIC
2025-06-09,751.9,764.0,750.0,750.57,44930.0,33775929.9,-0.0021006448181877246,-0.21006448181877246,NLIC
2025-06-10,755.4,757.0,749.9,751.64,35700.0,26833688.7,0.001425583223416682,0.1425583223416682,NLIC
2025-06-11,766.0,766.0,747.9,748.51,23731.0,17808818.0,-0.004164227555744748,-0.41642275557447483,NLIC
2025-06-12,748.0,759.0,748.0,750.14,36988.0,27747260.2,0.0021776596171059204,0.21776596171059204,NLIC
2025-06-15,759.0,759.0,748.2,750.12,38690.0,29032132.1,-2.6661689817908396e-05,-0.0026661689817908396,NLIC
2025-06-16,747.9,760.0,747.9,749.64,46091.0,34740934.5,-0.0006398976163813908,-0.06398976163813908,NLIC
2025-06-17,757.0,757.0,748.2,748.61,16743.0,12549975.0,-0.001373992849901251,-0.1373992849901251,NLIC
2025-06-18,749.0,755.0,744.5,745.09,32344.0,24136266.6,-0.004702047795247188,-0.47020477952471884,NLIC
2025-06-19,743.9,750.0,742.0,742.22,48793.0,36302962.5,-0.003851883665060618,-0.3851883665060618,NLIC
2025-06-22,743.0,746.0,732.0,734.9,30145.0,22270723.4,-0.009862304976961056,-0.9862304976961056,NLIC
2025-06-23,740.0,740.0,725.0,729.52,38534.0,28074636.3,-0.007320723908014637,-0.7320723908014637,NLIC
2025-06-24,731.0,735.0,727.2,729.75,29049.0,21212430.6,0.00031527579778489745,0.031527579778489745,NLIC
2025-06-25,741.9,741.9,723.1,724.64,45649.0,33152801.0,-0.0070023980815348,-0.70023980815348,NLIC
2025-06-26,724.0,731.0,720.0,720.78,45362.0,32820028.7,-0.005326782954294562,-0.5326782954294562,NLIC
2025-06-29,735.0,735.0,720.0,727.66,33010.0,23855922.9,0.009545214906073962,0.9545214906073962,NLIC
2025-06-30,734.4,740.0,727.0,728.63,46364.0,33958507.5,0.0013330401561169047,0.13330401561169047,NLIC
2025-07-01,728.63,743.2,728.0,740.19,41380.0,30498260.1,0.015865391213647717,1.5865391213647717,NLIC
2025-07-02,736.8,770.9,736.8,764.65,104650.0,79491616.3,0.03304556938083447,3.304556938083447,NLIC
2025-07-03,769.0,805.0,765.0,794.58,216722.0,170819028.0,0.039142091152815084,3.9142091152815084,NLIC
2025-07-06,802.0,802.0,776.0,778.77,80853.0,63449226.0,-0.019897304236200286,-1.9897304236200286,NLIC
2025-07-07,778.1,785.0,765.5,768.56,81974.0,63353729.9,-0.013110417709978561,-1.3110417709978561,NLIC
2025-07-08,772.0,776.4,761.0,765.5,60060.0,46090569.2,-0.003981471843447437,-0.3981471843447437,NLIC
2025-07-09,764.0,774.0,764.0,765.69,58561.0,44945128.1,0.00024820378837375756,0.024820378837375756,NLIC
2025-07-10,763.0,782.0,763.0,774.99,84001.0,65133697.1,0.01214590761274148,1.214590761274148,NLIC
2025-07-13,790.0,806.0,775.0,777.22,55842.0,43644510.8,0.002877456483309393,0.2877456483309393,NLIC
2025-07-14,790.0,790.0,766.0,767.92,58888.0,45586752.7,-0.011965723990633337,-1.1965723990633337,NLIC
2025-07-15,775.0,777.4,766.0,774.89,44505.0,34340545.6,0.009076466298572727,0.9076466298572727,NLIC
2025-07-16,789.0,804.7,770.0,772.97,89270.0,69590506.5,-0.0024777710384699114,-0.24777710384699114,NLIC
2025-07-17,788.0,815.0,786.0,807.89,157976.0,127309005.3,0.045176397531598855,4.5176397531598855,NLIC
2025-07-20,815.0,855.0,808.0,833.42,236154.0,198251927.4,0.03160083674757708,3.1600836747577077,NLIC
2025-07-21,850.0,850.0,821.5,832.93,126300.0,104937457.2,-0.0005879388543591491,-0.058793885435914905,NLIC
2025-07-22,835.0,876.0,832.8,874.58,232215.0,200167070.4,0.05000420203378453,5.000420203378453,NLIC
2025-07-23,874.0,884.0,866.1,874.02,174862.0,152884592.5,-0.0006403073475268473,-0.06403073475268473,NLIC
2025-07-24,872.1,877.4,867.0,872.19,119207.0,104089923.7,-0.0020937735978581173,-0.20937735978581173,NLIC
2025-07-27,872.1,890.0,860.0,862.94,200942.0,175670549.5,-0.010605487336474817,-1.0605487336474817,NLIC
2025-07-28,862.94,862.94,840.2,853.86,187974.0,159622244.3,-0.010522168401047582,-1.0522168401047582,NLIC
2025-07-29,870.7,880.0,857.3,862.0,102028.0,88321881.9,0.009533178741245596,0.9533178741245596,NLIC
2025-07-30,865.0,872.2,850.2,851.74,92056.0,79007196.1,-0.011902552204176353,-1.1902552204176353,NLIC
2025-07-31,845.0,853.0,835.1,837.11,97674.0,82313046.3,-0.01717660318876657,-1.717660318876657,NLIC
2025-08-03,830.0,839.0,810.9,813.0,111935.0,92311761.7,-0.028801471730119155,-2.8801471730119155,NLIC
2025-08-04,814.0,829.0,810.1,820.83,68297.0,55886514.8,0.009630996309963225,0.9630996309963225,NLIC
2025-08-05,820.83,828.0,803.6,805.04,59141.0,48109113.2,-0.019236626341629925,-1.9236626341629925,NLIC
2025-08-06,810.0,810.0,790.1,797.95,82685.0,66283814.9,-0.008807015800457063,-0.8807015800457063,NLIC
2025-08-07,799.0,813.0,798.1,804.39,61381.0,49416973.4,0.008070681120370793,0.8070681120370793,NLIC
2025-08-11,820.0,820.0,793.0,796.24,63294.0,50657822.9,-0.010131901192207748,-1.0131901192207748,NLIC
2025-08-12,790.0,799.0,786.0,789.41,44308.0,35056511.9,-0.008577815733949667,-0.8577815733949667,NLIC
2025-08-13,791.0,792.0,780.3,783.1,36172.0,28444901.0,-0.007993311460457786,-0.7993311460457786,NLIC
2025-08-14,784.0,785.0,780.0,784.15,21252.0,16621156.1,0.001340824926573836,0.1340824926573836,NLIC
2025-08-17,784.15,797.0,783.8,784.24,27400.0,21604112.3,0.00011477395906389631,0.011477395906389631,NLIC
2025-08-18,799.0,799.0,781.2,785.13,47364.0,37169841.3,0.0011348566765276846,0.11348566765276846,NLIC
2025-08-19,785.13,797.0,782.3,784.4,30770.0,24249479.7,-0.0009297823290410623,-0.09297823290410623,NLIC
2025-08-20,777.0,789.0,776.1,783.74,31104.0,24359985.3,-0.0008414074451810194,-0.08414074451810194,NLIC
2025-08-21,791.0,791.0,774.0,776.54,32162.0,25003572.2,-0.009186720085742728,-0.9186720085742728,NLIC
2025-08-24,789.0,789.0,770.0,771.15,34020.0,26371509.8,-0.0069410461792052125,-0.6941046179205212,NLIC
2025-08-25,783.0,783.0,769.0,774.37,22542.0,17484565.4,0.0041755819231019675,0.41755819231019675,NLIC
2025-08-26,778.0,780.0,772.0,774.3,14440.0,11192039.3,-9.039606389715793e-05,-0.009039606389715793,NLIC
2025-08-27,777.0,795.0,774.0,793.03,48265.0,37904606.5,0.024189590597959443,2.4189590597959443,NLIC
2025-08-28,777.9,797.0,777.9,784.06,31371.0,24742285.2,-0.011311047501355587,-1.1311047501355587,NLIC
2025-08-31,785.0,785.0,775.5,777.42,34590.0,26907194.1,-0.008468739637272682,-0.8468739637272682,NLIC
2025-09-01,792.9,792.9,775.0,778.02,31178.0,24254151.5,0.0007717835918807925,0.07717835918807925,NLIC
2025-09-02,793.5,793.5,765.0,778.47,24136.0,18796711.7,0.0005783913009949071,0.05783913009949071,NLIC
2025-09-03,780.0,781.9,775.0,775.56,23410.0,18193815.1,-0.0037381016609504547,-0.37381016609504547,NLIC
2025-09-04,783.0,783.0,770.0,772.99,20374.0,15746552.5,-0.0033137345917787497,-0.331373459177875,NLIC
2025-09-07,773.0,785.0,770.0,772.56,25042.0,19394227.6,-0.0005562814525414961,-0.05562814525414961,NLIC
2025-09-08,770.0,773.8,768.0,769.14,29144.0,22431647.1,-0.004426840633737106,-0.4426840633737106,NLIC
2025-09-18,753.8,755.0,702.0,710.0,6199.0,4539146.1,-0.07689107314663124,-7.689107314663124,NLIC
2025-09-21,710.0,762.0,705.0,759.45,69030.0,51159976.0,0.06964788732394367,6.964788732394367,NLIC
2025-09-23,752.0,785.0,752.0,778.0,31419.0,24375406.1,0.02442557113700694,2.442557113700694,NLIC
2025-09-24,773.0,778.0,766.8,769.0,21109.0,16292332.7,-0.011568123393316143,-1.1568123393316143,NLIC
2025-09-25,769.0,772.2,760.0,770.1,20218.0,15525025.0,0.0014304291287385862,0.14304291287385862,NLIC
2025-09-28,772.0,785.0,771.2,779.2,14901.0,11617438.0,0.011816647188676921,1.181664718867692,NLIC
2025-10-07,775.0,780.0,764.0,770.0,24049.0,18502174.0,-0.01180698151950721,-1.180698151950721,NLIC
2025-10-08,770.0,770.0,747.4,758.3,35956.0,27126127.3,-0.015194805194805205,-1.5194805194805205,NLIC
2025-10-09,773.4,810.9,761.0,770.0,36299.0,28032043.8,0.01542924963734671,1.542924963734671,NLIC
2025-10-12,756.6,770.0,743.1,749.0,56336.0,42323506.6,-0.027272727272727226,-2.7272727272727226,NLIC
2025-10-13,763.0,763.0,738.0,761.0,33282.0,24858408.4,0.01602136181575431,1.602136181575431,NLIC
2025-10-14,760.0,765.0,748.0,748.0,24866.0,18740536.2,-0.01708278580814715,-1.708278580814715,NLIC
2025-10-15,748.0,755.0,742.3,748.1,24916.0,18699257.7,0.00013368983957229297,0.013368983957229297,NLIC
2025-10-16,750.0,760.0,744.8,744.8,20842.0,15600917.2,-0.004411174976607479,-0.4411174976607479,NLIC
2025-10-19,747.0,755.0,733.0,750.0,14856.0,11093299.1,0.006981740064446962,0.6981740064446962,NLIC
2025-10-26,749.0,753.0,741.6,752.0,8813.0,6596334.5,0.002666666666666595,0.2666666666666595,NLIC
2025-10-28,760.0,786.0,760.0,780.0,37032.0,28747413.3,0.037234042553191404,3.7234042553191404,NLIC
2025-10-29,783.0,795.0,775.0,777.0,42782.0,33577245.2,-0.0038461538461538325,-0.38461538461538325,NLIC
2025-10-30,784.9,790.0,770.1,787.0,42327.0,33144606.5,0.01287001287001277,1.287001287001277,NLIC
2025-11-02,798.0,840.0,790.2,835.1,188761.0,154868525.5,0.06111817026683619,6.111817026683619,NLIC
2025-11-03,834.0,846.0,819.0,824.1,88330.0,73488360.1,-0.013172075200574729,-1.3172075200574729,NLIC
2025-11-04,839.8,839.8,808.0,809.0,69111.0,56339795.3,-0.01832301905108602,-1.832301905108602,NLIC
2025-11-05,807.0,831.0,802.0,829.0,93429.0,75926027.5,0.024721878862793645,2.4721878862793645,NLIC
2025-11-06,840.0,840.0,810.0,821.1,108523.0,89450893.6,-0.009529553679131442,-0.9529553679131442,NLIC
2025-11-09,823.0,823.0,805.0,810.0,45570.0,36914021.8,-0.01351845085860437,-1.351845085860437,NLIC
2025-11-10,820.0,820.0,803.0,804.6,45531.0,36703251.0,-0.006666666666666599,-0.6666666666666599,NLIC
2025-11-11,819.0,819.0,804.0,810.0,34304.0,27724580.5,0.006711409395973034,0.6711409395973034,NLIC
2025-11-12,812.0,813.9,793.8,798.0,72505.0,58152496.2,-0.014814814814814836,-1.4814814814814836,NLIC
2025-11-13,782.2,810.9,782.2,801.0,42315.0,33778847.9,0.003759398496240518,0.3759398496240518,NLIC
2025-11-16,815.0,815.0,792.0,797.9,25051.0,20040545.7,-0.0038701622971286653,-0.38701622971286653,NLIC
2025-11-17,798.0,810.0,797.0,804.5,34283.0,27579123.1,0.008271713247274048,0.8271713247274048,NLIC
2025-11-18,810.0,819.0,805.7,809.9,50992.0,41412215.1,0.00671224362958367,0.671224362958367,NLIC
2025-11-19,818.9,818.9,789.0,799.0,65155.0,51883258.5,-0.013458451660698811,-1.3458451660698811,NLIC
2025-11-20,799.0,806.0,793.0,804.0,24300.0,19484824.0,0.006257822277847325,0.6257822277847325,NLIC
2025-11-23,807.2,831.4,807.2,830.0,138581.0,114168830.8,0.03233830845771135,3.233830845771135,NLIC
2025-11-24,835.0,872.0,835.0,860.0,289832.0,248151546.3,0.03614457831325302,3.6144578313253017,NLIC
2025-11-25,862.0,871.0,846.0,854.0,127960.0,109526905.2,-0.006976744186046546,-0.6976744186046546,NLIC
2025-11-26,871.0,871.0,843.0,846.2,105616.0,89758875.6,-0.00913348946135828,-0.913348946135828,NLIC
2025-11-27,843.0,857.9,841.1,849.7,120741.0,102439016.0,0.004136138028834724,0.4136138028834724,NLIC
2025-11-30,850.1,870.0,841.0,841.1,217658.0,186501423.2,-0.010121219253854341,-1.012121925385434,NLIC
2025-12-01,825.0,854.0,825.0,840.0,74629.0,62882662.5,-0.0013078111996195352,-0.13078111996195352,NLIC
2025-12-02,841.0,849.0,838.1,839.2,54611.0,45884346.8,-0.0009523809523809268,-0.09523809523809268,NLIC
2025-12-03,842.0,845.0,827.0,829.0,75475.0,63045862.1,-0.012154432793136327,-1.2154432793136327,NLIC
2025-12-07,823.0,838.0,815.0,818.0,64177.0,52658490.0,-0.013268998793727338,-1.3268998793727338,NLIC
2025-12-08,834.3,834.3,811.0,822.0,65078.0,53526874.5,0.004889975550122161,0.4889975550122161,NLIC
2025-12-09,838.4,838.4,807.0,828.0,36913.0,30478005.1,0.007299270072992803,0.7299270072992803,NLIC
2025-12-10,826.0,837.0,819.0,822.8,39337.0,32466433.7,-0.006280193236715026,-0.6280193236715026,NLIC
2025-12-11,830.8,832.0,817.0,820.0,99429.0,81601761.7,-0.003403014098201207,-0.3403014098201207,NLIC
2025-12-14,820.0,828.0,815.1,816.0,51555.0,42248979.9,-0.004878048780487809,-0.4878048780487809,NLIC
2025-12-15,816.0,819.0,812.0,816.0,61938.0,50531945.8,0.0,0.0,NLIC
2025-12-16,818.0,828.9,817.5,826.5,39453.0,32536685.7,0.012867647058823595,1.2867647058823595,NLIC
2025-12-17,830.0,838.9,829.0,835.0,60587.0,50539200.2,0.010284331518451317,1.0284331518451317,NLIC
2025-12-18,840.0,840.0,821.0,822.0,57039.0,47277102.2,-0.015568862275449069,-1.556886227544907,NLIC
2025-12-21,825.0,827.0,815.0,817.5,127527.0,104279687.5,-0.005474452554744547,-0.5474452554744547,NLIC
2025-12-22,763.0,778.0,760.5,760.8,63866.0,48868508.1,-0.06935779816513765,-6.935779816513765,NLIC
2025-12-23,750.3,770.0,750.3,752.0,34545.0,26027782.6,-0.011566771819137678,-1.1566771819137678,NLIC
2025-12-24,752.1,761.0,750.3,750.5,35825.0,27025644.9,-0.0019946808510638014,-0.19946808510638014,NLIC
2025-12-28,764.9,770.0,758.5,768.1,65832.0,50394863.8,0.023451032644903336,2.3451032644903336,NLIC
2025-12-29,775.0,775.0,760.4,766.0,40385.0,31170679.7,-0.0027340190079416793,-0.27340190079416793,NLIC
2025-12-31,775.0,778.8,768.0,774.9,37759.0,29215797.9,0.011618798955613574,1.1618798955613574,NLIC
2026-01-01,775.0,788.0,770.0,771.0,44825.0,34998012.0,-0.005032907471931858,-0.5032907471931858,NLIC
2026-01-04,779.0,779.0,759.0,759.0,39526.0,30223598.5,-0.015564202334630295,-1.5564202334630295,NLIC
2026-01-05,774.1,774.1,761.0,767.0,44186.0,33849235.1,0.010540184453228019,1.0540184453228019,NLIC
2026-01-06,767.0,779.9,765.0,766.1,36711.0,28333844.7,-0.0011734028683181297,-0.11734028683181297,NLIC
2026-01-07,767.0,776.5,765.1,766.9,22720.0,17458968.4,0.001044250097898436,0.10442500978984359,NLIC
2026-01-08,767.0,773.0,756.7,770.0,35706.0,27427578.8,0.004042248011474792,0.40422480114747916,NLIC
2026-01-12,770.1,780.0,770.0,779.0,33197.0,25738878.9,0.011688311688311748,1.1688311688311748,NLIC
2026-01-13,778.7,784.0,772.0,774.0,15684.0,12147220.9,-0.006418485237484006,-0.6418485237484006,NLIC
2026-01-14,778.0,778.4,762.5,769.0,28008.0,21643537.4,-0.006459948320413411,-0.6459948320413411,NLIC
2026-01-18,776.1,782.0,773.1,780.0,27049.0,21013328.7,0.014304291287386306,1.4304291287386306,NLIC
2026-01-20,790.0,800.0,782.0,790.0,45351.0,35865870.7,0.012820512820512775,1.2820512820512775,NLIC
2026-01-21,790.0,797.0,785.0,788.9,38520.0,30434231.7,-0.001392405063291191,-0.1392405063291191,NLIC
2026-01-22,788.0,795.0,780.0,790.0,40242.0,31563164.5,0.0013943465584991266,0.13943465584991266,NLIC
2026-01-25,785.0,804.9,785.0,802.0,82388.0,65767926.0,0.0151898734177216,1.51898734177216,NLIC
2026-01-26,806.0,809.0,792.0,796.0,67178.0,53645960.9,-0.007481296758104716,-0.7481296758104716,NLIC
2026-01-27,785.0,800.7,776.6,780.0,66067.0,51862883.4,-0.02010050251256279,-2.010050251256279,NLIC
2026-01-28,780.1,788.9,772.1,780.0,32861.0,25506503.3,0.0,0.0,NLIC
2026-01-29,775.0,785.0,772.6,776.9,41258.0,32063890.5,-0.003974358974359049,-0.3974358974359049,NLIC
2026-02-01,791.0,791.0,768.0,769.4,34728.0,26776630.9,-0.009653752091646317,-0.9653752091646317,NLIC
2026-02-02,754.2,780.0,754.2,763.2,44965.0,34387737.6,-0.008058227190018141,-0.8058227190018141,NLIC
2026-02-03,770.0,775.0,763.0,763.0,26908.0,20567772.6,-0.0002620545073376279,-0.026205450733762792,NLIC
2026-02-04,748.0,777.0,748.0,766.0,34224.0,26224497.4,0.003931847968545288,0.3931847968545288,NLIC
2026-02-05,766.2,773.0,760.0,770.1,34466.0,26398600.0,0.0053524804177544905,0.535248041775449,NLIC
2026-02-08,775.0,775.0,765.2,765.3,21973.0,16906560.5,-0.006232956758862596,-0.6232956758862596,NLIC
2026-02-09,770.0,770.0,760.1,760.2,25221.0,19244613.6,-0.006664053312426366,-0.6664053312426366,NLIC
2026-02-10,762.0,764.0,742.0,753.5,62719.0,47104399.6,-0.008813470139437007,-0.8813470139437007,NLIC
2026-02-11,768.5,768.5,746.0,751.0,34641.0,26122114.7,-0.0033178500331785266,-0.33178500331785266,NLIC
2026-02-12,747.5,759.0,745.0,754.0,28341.0,21329048.2,0.003994673768308976,0.3994673768308976,NLIC
2026-02-16,769.0,769.0,749.5,751.0,40704.0,30610061.1,-0.003978779840848823,-0.3978779840848823,NLIC
2026-02-17,751.0,752.6,734.1,750.0,64765.0,48282514.6,-0.0013315579227696217,-0.13315579227696217,NLIC
2026-02-22,750.0,753.0,740.4,748.7,31189.0,23198865.2,-0.0017333333333332535,-0.17333333333332535,NLIC
2026-02-23,756.0,756.0,741.0,753.0,25230.0,18885416.2,0.005743288366501842,0.5743288366501842,NLIC
2026-02-24,743.0,759.9,743.0,757.0,16770.0,12624723.9,0.005312084993359889,0.5312084993359889,NLIC
2026-02-25,760.0,775.0,755.0,768.0,38077.0,29078844.4,0.014531043593130732,1.4531043593130732,NLIC
2026-02-26,783.3,783.3,765.0,772.1,15777.0,12152457.8,0.005338541666666696,0.5338541666666696,NLIC
2026-03-01,760.0,777.0,756.7,775.0,39001.0,30041267.2,0.0037559901567154608,0.3755990156715461,NLIC
2026-03-03,790.5,790.5,770.0,781.0,27741.0,21631432.1,0.007741935483871032,0.7741935483871032,NLIC
2026-03-09,796.6,828.7,796.6,812.9,2136.0,1734792.0,0.04084507042253516,4.084507042253516,NLIC
2026-03-10,829.0,829.0,797.0,824.0,158831.0,129707375.6,0.01365481609054009,1.365481609054009,NLIC
2026-03-11,840.4,840.4,805.0,807.0,54439.0,44422293.9,-0.020631067961165095,-2.0631067961165095,NLIC
2026-03-12,815.0,815.0,805.0,812.0,43568.0,35245744.8,0.006195786864931829,0.6195786864931829,NLIC
2026-03-15,805.0,820.0,805.0,808.4,45568.0,36934166.1,-0.004433497536945885,-0.4433497536945885,NLIC
2026-03-16,824.5,824.5,800.0,802.8,43478.0,34913650.2,-0.006927263730826305,-0.6927263730826305,NLIC
2026-03-17,801.0,809.0,795.0,802.0,36253.0,28991591.2,-0.0009965122072744803,-0.09965122072744803,NLIC
2026-03-19,802.0,829.0,800.2,828.0,176072.0,144305887.7,0.032418952618453956,3.2418952618453956,NLIC
2026-03-22,844.5,848.0,828.0,840.1,181028.0,152192094.3,0.01461352657004844,1.461352657004844,NLIC
2026-03-23,856.0,856.0,826.2,840.0,88802.0,74365631.7,-0.00011903344839903074,-0.011903344839903074,NLIC
2026-03-24,840.0,845.0,826.0,833.0,82021.0,68423075.1,-0.008333333333333304,-0.8333333333333304,NLIC
2026-03-25,835.0,835.0,821.0,825.0,65754.0,54403571.4,-0.009603841536614643,-0.9603841536614643,NLIC
2026-03-26,821.0,825.0,815.0,823.5,48625.0,39890623.1,-0.0018181818181818299,-0.181818181818183,NLIC
2026-03-29,839.4,839.4,805.0,806.2,70360.0,57216331.1,-0.021007893139040612,-2.100789313904061,NLIC
2026-03-30,801.0,805.0,792.0,796.0,72713.0,58154401.6,-0.012651947407591235,-1.2651947407591235,NLIC
2026-03-31,796.0,804.0,785.0,799.0,55919.0,44265293.2,0.0037688442211054607,0.37688442211054607,NLIC
2026-04-01,791.1,798.1,780.0,785.0,53767.0,42230522.4,-0.017521902377972465,-1.7521902377972465,NLIC
2026-04-02,780.0,795.7,769.0,785.0,55782.0,43557593.4,0.0,0.0,NLIC
2026-04-05,771.0,779.0,754.6,755.0,89336.0,68433927.6,-0.03821656050955413,-3.821656050955413,NLIC
2026-04-06,755.1,780.0,755.0,773.0,57276.0,44195510.2,0.02384105960264904,2.384105960264904,NLIC
2026-04-07,777.9,784.9,770.0,774.0,22220.0,17233712.5,0.001293661060802087,0.1293661060802087,NLIC
2026-04-08,789.4,789.4,770.0,783.7,38622.0,29961700.3,0.012532299741602193,1.2532299741602193,NLIC
2026-04-09,775.0,796.0,774.1,793.0,25872.0,20352735.9,0.011866785759857112,1.1866785759857112,NLIC
2026-04-10,800.0,804.0,777.0,786.0,20343.0,16015262.4,-0.008827238335435084,-0.8827238335435084,NLIC
2026-04-13,786.0,789.8,775.1,780.0,20786.0,16257691.3,-0.007633587786259555,-0.7633587786259555,NLIC
2026-04-15,785.0,792.4,785.0,787.0,25968.0,20483436.3,0.008974358974358942,0.8974358974358942,NLIC
2026-04-16,780.0,789.0,778.2,779.0,32388.0,25271030.5,-0.010165184243964398,-1.0165184243964398,NLIC
2026-04-17,777.0,780.0,773.0,775.0,30119.0,23368386.4,-0.005134788189987138,-0.5134788189987138,NLIC
2026-04-20,775.0,788.0,768.0,772.6,15689.0,12124403.0,-0.0030967741935483684,-0.30967741935483684,NLIC
2026-04-21,811.2,811.2,771.6,773.0,17724.0,13690814.5,0.0005177323323841687,0.05177323323841687,NLIC
2026-04-22,773.0,784.9,767.1,776.0,21807.0,16804909.0,0.0038809831824062613,0.38809831824062613,NLIC
2026-04-23,776.0,776.0,768.0,771.0,10749.0,8269329.8,-0.006443298969072142,-0.6443298969072142,NLIC
2026-04-24,767.0,774.0,765.0,770.0,29170.0,22403975.8,-0.0012970168612191912,-0.12970168612191912,NLIC
2026-04-27,770.0,777.9,765.1,771.0,12876.0,9922667.0,0.0012987012987013546,0.12987012987013546,NLIC
2026-04-28,771.0,777.0,767.0,768.0,10125.0,7798039.2,-0.0038910505836575737,-0.3891050583657574,NLIC
2026-04-29,768.0,770.0,761.0,762.0,22143.0,16923019.5,-0.0078125,-0.78125,NLIC
2026-04-30,762.0,770.0,756.3,762.9,22550.0,17161164.9,0.001181102362204589,0.11811023622045891,NLIC
2026-05-04,765.0,775.0,756.2,763.0,23445.0,17789044.6,0.0001310787783457279,0.01310787783457279,NLIC
2026-05-05,770.0,772.0,755.5,763.0,17431.0,13264889.6,0.0,0.0,NLIC
2026-05-06,760.0,775.0,755.0,760.0,17099.0,12947357.8,-0.003931847968545177,-0.3931847968545177,NLIC
2026-05-07,774.9,774.9,755.0,761.0,21876.0,16598745.0,0.001315789473684159,0.1315789473684159,NLIC
2026-05-08,769.0,770.0,750.0,763.8,47568.0,35934159.2,0.0036793692509855536,0.36793692509855536,NLIC
2026-05-11,766.0,775.0,765.0,770.0,16604.0,12762108.4,0.00811730819586276,0.811730819586276,NLIC
2026-05-12,779.8,779.8,768.0,768.6,17892.0,13783870.6,-0.0018181818181818299,-0.181818181818183,NLIC
2026-05-13,768.6,768.6,755.0,762.2,19500.0,14811218.5,-0.008326827998959119,-0.8326827998959119,NLIC
2026-05-14,760.0,764.0,759.9,763.4,13031.0,9917405.3,0.0015743899239044623,0.15743899239044623,NLIC
2026-05-15,760.0,768.0,760.0,762.0,19109.0,14582400.8,-0.0018339009693476571,-0.1833900969347657,NLIC
2026-05-18,762.0,764.6,758.5,764.6,11209.0,8534070.1,0.0034120734908136274,0.34120734908136274,NLIC
2026-05-19,769.9,769.9,761.0,761.5,9878.0,7538288.5,-0.004054407533350846,-0.40544075333508456,NLIC
2026-05-20,765.0,767.0,759.0,767.0,16102.0,12281573.7,0.007222586999343417,0.7222586999343417,NLIC
2026-05-21,805.3,805.3,761.5,769.0,10975.0,8402836.6,0.0026075619295957697,0.26075619295957697,NLIC
2026-05-22,769.0,779.9,765.0,769.8,16979.0,13060279.8,0.001040312093627982,0.1040312093627982,NLIC
2026-05-25,770.0,779.8,765.0,776.0,11959.0,9280114.2,0.008054040010392338,0.8054040010392338,NLIC
2026-05-26,776.0,779.0,764.1,768.2,44776.0,34390854.2,-0.010051546391752542,-1.0051546391752542,NLIC
2026-05-27,770.1,776.0,765.2,774.2,11818.0,9127959.7,0.007810466024472884,0.7810466024472884,NLIC
2026-06-01,774.0,782.0,762.5,763.0,25151.0,19382060.4,-0.014466546112115841,-1.4466546112115841,NLIC
2026-06-02,762.0,769.9,762.0,765.1,21261.0,16262059.5,0.0027522935779817903,0.27522935779817903,NLIC
2026-06-03,762.0,784.9,762.0,777.2,42809.0,33311417.5,0.01581492615344393,1.5814926153443931,NLIC
2026-06-04,779.8,781.0,775.0,777.0,22920.0,17839482.2,-0.0002573340195574092,-0.02573340195574092,NLIC
2026-06-05,770.0,777.0,765.2,767.6,26083.0,20076627.0,-0.012097812097812022,-1.2097812097812022,NLIC
2026-06-08,770.0,771.0,759.8,760.0,26395.0,20141941.9,-0.00990099009900991,-0.990099009900991,NLIC
2026-06-09,798.0,798.0,756.0,765.0,22997.0,17461325.3,0.006578947368421018,0.6578947368421018,NLIC
2026-06-10,765.0,769.0,758.0,759.0,17199.0,13105005.2,-0.007843137254901933,-0.7843137254901933,NLIC
2026-06-11,758.0,769.0,757.1,761.0,19198.0,14580121.5,0.0026350461133068936,0.26350461133068936,NLIC
2026-06-12,770.0,770.0,755.0,760.5,12083.0,9172847.5,-0.0006570302233902536,-0.06570302233902536,NLIC
2026-06-15,760.5,765.0,758.0,760.4,22801.0,17313250.5,-0.00013149243918475495,-0.013149243918475495,NLIC
2026-06-16,798.4,798.4,756.1,759.8,10634.0,8072415.3,-0.0007890583903209514,-0.07890583903209514,NLIC
2026-06-17,797.0,797.0,754.5,759.0,20163.0,15255582.7,-0.0010529086601737125,-0.10529086601737125,NLIC
2026-06-18,759.0,761.0,750.0,759.0,24217.0,18310913.8,0.0,0.0,NLIC
2026-06-19,796.9,796.9,750.0,759.0,14613.0,11061357.5,0.0,0.0,NLIC
2026-06-22,774.0,774.0,754.0,758.0,16370.0,12386138.1,-0.0013175230566534468,-0.13175230566534468,NLIC
2026-06-23,752.0,755.0,748.2,750.0,23914.0,17941967.5,-0.01055408970976257,-1.055408970976257,NLIC
2026-06-24,749.2,752.0,740.0,744.9,43879.0,32627035.5,-0.006800000000000028,-0.6800000000000028,NLIC
2026-06-25,750.0,750.0,740.2,745.0,19751.0,14682577.2,0.00013424620754465266,0.013424620754465266,NLIC
2026-06-26,745.5,750.0,744.9,747.5,11174.0,8332991.8,0.003355704697986628,0.3355704697986628,NLIC
2026-06-29,746.5,746.9,740.1,741.0,16558.0,12313720.2,-0.008695652173912993,-0.8695652173912993,NLIC
2026-06-30,744.0,745.0,735.0,737.0,26169.0,19352622.6,-0.005398110661268607,-0.5398110661268607,NLIC
2026-07-01,740.0,749.0,740.0,745.0,7316.0,5452224.4,0.01085481682496603,1.085481682496603,NLIC
2026-07-02,782.2,782.2,740.0,744.0,19400.0,14388074.9,-0.0013422818791946067,-0.13422818791946067,NLIC
2026-07-03,781.0,781.0,735.0,744.5,17656.0,13156957.6,0.0006720430107527431,0.06720430107527431,NLIC
2026-07-06,745.0,750.0,740.0,743.9,16536.0,12255146.9,-0.0008059100067159264,-0.08059100067159264,NLIC
2026-07-07,751.5,751.8,742.4,746.9,23714.0,17646130.5,0.004032800107541368,0.4032800107541368,NLIC
2026-07-08,745.5,745.9,735.0,739.9,20922.0,15496468.3,-0.009372071227741308,-0.9372071227741308,NLIC
2026-07-09,740.0,740.0,735.1,739.9,17824.0,13156497.9,0.0,0.0,NLIC
2026-07-10,750.0,750.0,738.3,741.0,24299.0,18132908.9,0.0014866873901879796,0.14866873901879796,NLIC
2026-07-13,758.0,758.0,739.0,739.0,18141.0,13445042.0,-0.0026990553306343035,-0.26990553306343035,NLIC
2026-07-14,775.0,775.0,738.0,740.2,14987.0,11100382.9,0.0016238159675237007,0.16238159675237007,NLIC
2026-07-15,740.1,759.9,739.0,743.9,43876.0,32644064.3,0.004998649013779888,0.4998649013779888,NLIC
2026-07-16,781.0,781.0,740.0,749.8,18816.0,13991176.3,0.007931173544831305,0.7931173544831305,NLIC
2026-07-17,745.0,769.9,734.3,769.9,16890.0,12813761.4,0.026807148572952855,2.6807148572952855,NLIC
2026-07-20,760.0,775.0,760.0,768.2,25005.0,19196168.7,-0.0022080789712949356,-0.22080789712949356,NLIC
2026-07-21,806.0,806.0,761.1,773.9,26947.0,20702110.3,0.0074199427232490844,0.7419942723249084,NLIC
2026-07-22,772.0,772.0,761.5,764.0,13922.0,10653401.6,-0.012792350432872412,-1.2792350432872412,NLIC
2026-07-23,802.0,802.0,760.1,763.0,21570.0,16479324.2,-0.0013089005235602524,-0.13089005235602524,NLIC
2026-07-24,766.8,770.5,763.0,769.0,32030.0,24553269.4,0.007863695937090354,0.7863695937090354,NLIC
2026-07-27,769.0,773.9,754.0,758.0,19115.0,14597306.9,-0.014304291287386195,-1.4304291287386195,NLIC
2026-07-28,769.0,769.0,750.0,755.1,16667.0,12554430.7,-0.003825857519788922,-0.3825857519788922,NLIC
2026-07-29,748.1,766.5,748.1,750.0,5470.0,4117293.4,-0.006754072308303605,-0.6754072308303605,NLIC
2026-07-30,760.0,760.0,747.1,752.0,9676.0,7247839.3,0.002666666666666595,0.2666666666666595,NLIC
2026-07-31,754.0,759.9,747.0,759.8,11910.0,8940815.1,0.010372340425531812,1.0372340425531812,NLIC
2026-08-03,751.0,760.0,751.0,759.9,22489.0,17047046.2,0.00013161358252178346,0.013161358252178346,NLIC
2026-08-04,758.0,758.0,750.0,753.0,9845.0,7413489.6,-0.009080142123963686,-0.9080142123963686,NLIC
2026-08-05,749.0,750.0,745.0,748.7,10936.0,8177848.3,-0.005710491367861836,-0.5710491367861836,NLIC
2026-08-06,747.0,750.0,740.0,743.8,31459.0,23364241.1,-0.006544677440897706,-0.6544677440897706,NLIC
2026-08-07,743.8,744.0,739.5,739.8,18768.0,13897272.9,-0.0053777897284216225,-0.5377789728421623,NLIC
2026-08-10,739.0,743.0,737.5,738.0,18658.0,13781957.5,-0.0024330900243307862,-0.24330900243307862,NLIC
2026-08-11,738.0,750.0,736.1,738.0,28028.0,20707898.7,0.0,0.0,NLIC
2026-08-12,742.0,742.0,736.0,738.8,14922.0,11001849.5,0.0010840108401082293,0.10840108401082293,NLIC
2026-08-13,738.0,738.0,728.0,733.9,29188.0,21379771.7,-0.006632376827287456,-0.6632376827287456,NLIC
2026-08-14,734.0,734.0,730.0,731.9,14910.0,10903524.5,-0.0027251669164736203,-0.27251669164736203,NLIC
2026-08-17,731.9,731.9,725.5,727.0,18615.0,13530221.1,-0.0066949036753654045,-0.6694903675365405,NLIC
2026-08-18,729.0,738.0,720.7,722.0,19730.0,14266745.2,-0.00687757909215958,-0.687757909215958,NLIC
2026-08-19,722.0,727.0,715.0,718.9,30984.0,22237562.3,-0.004293628808864303,-0.42936288088643026,NLIC
2026-08-20,720.0,722.0,709.0,717.0,32677.0,23307957.7,-0.0026429266935595885,-0.26429266935595885,NLIC
2026-08-21,717.0,718.0,710.1,717.0,22723.0,16261806.9,0.0,0.0,NLIC
2026-08-24,717.0,717.0,711.0,713.8,8919.0,6359782.3,-0.0044630404463040785,-0.44630404463040785,NLIC
2026-08-25,717.0,717.0,703.0,706.9,31012.0,21928999.3,-0.009666573269823453,-0.9666573269823453,NLIC
2026-08-26,710.0,710.0,689.0,700.0,39396.0,27382703.7,-0.009760927995473123,-0.9760927995473123,NLIC
2026-08-27,700.0,700.0,685.0,690.3,12855.0,8910650.7,-0.013857142857142901,-1.3857142857142901,NLIC
2026-08-31,690.0,700.0,685.1,685.9,18184.0,12504273.6,-0.006374040272345338,-0.6374040272345338,NLIC
2026-09-01,689.0,696.0,680.5,693.8,10815.0,7463871.6,0.011517713952471142,1.1517713952471142,NLIC
2026-09-02,695.0,696.0,690.0,695.0,10711.0,7413532.7,0.001729605073508278,0.1729605073508278,NLIC
2026-09-03,695.0,700.0,695.0,696.0,7257.0,5050112.2,0.0014388489208632116,0.14388489208632116,NLIC
2026-09-07,696.0,705.0,691.0,701.0,11863.0,8282443.0,0.007183908045977017,0.7183908045977017,NLIC
2026-09-09,701.0,705.0,695.0,701.9,10790.0,7524244.4,0.001283880171184082,0.1283880171184082,NLIC
2026-09-10,705.0,705.0,688.1,699.0,9791.0,6790706.4,-0.004131642684143011,-0.4131642684143011,NLIC
2026-09-11,703.9,703.9,691.0,698.5,13160.0,9193015.7,-0.0007153075822603494,-0.07153075822603494,NLIC
2026-09-14,700.0,714.5,700.0,709.0,23494.0,16583624.5,0.015032211882605617,1.5032211882605617,NLIC
2026-09-15,744.0,755.0,719.0,730.0,48932.0,35599057.1,0.02961918194640334,2.961918194640334,NLIC
2026-09-16,730.0,733.9,718.0,725.0,17503.0,12685659.6,-0.006849315068493178,-0.6849315068493178,NLIC
2026-09-17,726.0,739.9,723.0,729.1,33969.0,24741928.9,0.005655172413793208,0.5655172413793208,NLIC
2026-09-18,729.1,739.0,725.0,735.0,51843.0,37951397.2,0.008092168426827584,0.8092168426827584,NLIC
2026-09-22,730.0,755.0,726.0,755.0,54354.0,40572431.7,0.027210884353741527,2.7210884353741527,NLIC
2026-09-23,792.7,792.7,736.0,743.4,19350.0,14427073.4,-0.015364238410596087,-1.5364238410596087,NLIC
2026-09-24,706.3,745.0,706.3,745.0,8449.0,6253629.6,0.002152273338714039,0.21522733387140391,NLIC
2026-09-28,745.0,745.0,735.0,736.0,26915.0,19913318.6,-0.012080536912751683,-1.2080536912751683,NLIC
2026-09-29,736.0,736.0,730.1,735.0,20401.0,14941260.7,-0.0013586956521739468,-0.13586956521739468,NLIC
2026-09-30,734.0,745.0,725.0,727.8,14114.0,10328800.6,-0.009795918367346945,-0.9795918367346945,NLIC
2026-10-01,727.0,739.0,721.0,727.9,12131.0,8813759.9,0.00013740038472120908,0.013740038472120908,NLIC
2022-01-02,1480.0,1538.0,1451.1,1526.0,155477.0,234981678.8,,,SHIVM
2022-01-03,1556.5,1561.0,1514.0,1525.0,105632.0,162652931.5,-0.000655307994757548,-0.0655307994757548,SHIVM
2022-01-04,1530.0,1551.0,1500.0,1520.0,62734.0,95736824.6,-0.003278688524590123,-0.3278688524590123,SHIVM
2022-01-05,1535.0,1570.0,1505.0,1523.0,122280.0,187262331.9,0.0019736842105262387,0.19736842105262387,SHIVM
2022-01-06,1530.0,1538.0,1513.2,1515.0,56156.0,85363173.3,-0.005252790544977071,-0.5252790544977071,SHIVM
2022-01-09,1545.0,1587.0,1531.0,1566.0,123886.0,193989035.5,0.03366336633663369,3.3663366336633693,SHIVM
2022-01-10,1566.0,1584.0,1540.0,1545.0,79845.0,124449335.5,-0.013409961685823757,-1.3409961685823757,SHIVM
2022-01-11,1533.0,1559.9,1520.0,1522.0,64479.0,99262589.0,-0.014886731391585806,-1.4886731391585806,SHIVM
2022-01-12,1522.4,1539.0,1490.0,1490.3,62686.0,94841420.1,-0.020827858081471806,-2.0827858081471806,SHIVM
2022-01-13,1500.0,1525.0,1485.0,1507.0,33383.0,50212362.1,0.011205797490438263,1.1205797490438263,SHIVM
2022-01-16,1525.0,1609.0,1516.2,1607.0,165903.0,263378622.7,0.06635700066357009,6.635700066357009,SHIVM
2022-01-17,1639.1,1671.8,1580.0,1635.0,128877.0,211235916.2,0.01742377100186676,1.7423771001866761,SHIVM
2022-01-18,1667.7,1667.7,1573.2,1590.0,89859.0,143744898.5,-0.02752293577981646,-2.752293577981646,SHIVM
2022-01-19,1600.0,1604.0,1553.0,1558.0,61410.0,96432914.3,-0.020125786163522008,-2.012578616352201,SHIVM
2022-01-20,1560.0,1598.0,1540.0,1565.0,40462.0,63536012.1,0.00449293966623876,0.449293966623876,SHIVM
2022-01-23,1580.0,1594.0,1550.0,1557.1,44642.0,70327655.3,-0.005047923322683778,-0.5047923322683778,SHIVM
2022-01-24,1545.0,1560.0,1492.0,1499.0,58304.0,88631205.2,-0.03731295356752928,-3.7312953567529283,SHIVM
2022-01-25,1499.0,1528.0,1475.0,1487.0,37953.0,56990184.5,-0.008005336891260817,-0.8005336891260817,SHIVM
2022-01-26,1482.0,1508.0,1460.0,1490.0,38160.0,56694515.4,0.0020174848688634395,0.20174848688634395,SHIVM
2022-01-27,1495.0,1565.0,1486.0,1500.0,57166.0,86387176.6,0.006711409395973256,0.6711409395973256,SHIVM
2022-01-30,1530.0,1590.0,1510.0,1528.0,81601.0,124497760.7,0.01866666666666661,1.866666666666661,SHIVM
2022-01-31,1550.0,1550.0,1493.0,1503.0,35191.0,53135422.2,-0.0163612565445026,-1.63612565445026,SHIVM
2022-02-01,1508.0,1510.0,1490.0,1496.0,25534.0,38371671.1,-0.004657351962741196,-0.46573519627411963,SHIVM
2022-02-03,1524.0,1524.0,1470.0,1470.0,57741.0,85999213.7,-0.017379679144384985,-1.7379679144384985,SHIVM
2022-02-06,1470.0,1498.0,1459.0,1471.0,20436.0,30134939.0,0.0006802721088434716,0.06802721088434716,SHIVM
2022-02-07,1480.0,1499.0,1466.2,1472.1,18833.0,27860758.6,0.0007477906186266203,0.07477906186266203,SHIVM
2022-02-08,1501.5,1528.0,1486.0,1493.1,56032.0,84233112.5,0.014265335235378096,1.4265335235378096,SHIVM
2022-02-09,1522.0,1522.0,1490.0,1503.0,52411.0,79061155.2,0.006630500301386455,0.6630500301386455,SHIVM
2022-02-10,1501.0,1525.0,1491.2,1506.2,53977.0,81523761.8,0.002129075182967455,0.21290751829674548,SHIVM
2022-02-13,1480.0,1500.0,1396.0,1401.0,77936.0,111315457.4,-0.06984464214579744,-6.984464214579744,SHIVM
2022-02-14,1390.0,1480.0,1390.0,1407.0,37741.0,53355237.9,0.004282655246252709,0.4282655246252709,SHIVM
2022-02-15,1424.0,1427.0,1400.0,1420.0,13276.0,18725148.8,0.009239516702203243,0.9239516702203243,SHIVM
2022-02-16,1420.0,1425.0,1371.1,1384.0,47455.0,66125503.4,-0.025352112676056304,-2.5352112676056304,SHIVM
2022-02-17,1409.9,1422.0,1370.0,1400.0,23685.0,33274880.6,0.011560693641618602,1.1560693641618602,SHIVM
2022-02-20,1372.0,1398.0,1350.0,1359.0,36092.0,49622789.6,-0.02928571428571425,-2.928571428571425,SHIVM
2022-02-21,1355.0,1405.0,1340.0,1379.0,48041.0,65279023.6,0.01471670345842524,1.471670345842524,SHIVM
2022-02-22,1389.0,1390.0,1357.0,1374.0,31944.0,43941269.4,-0.0036258158085569203,-0.36258158085569203,SHIVM
2022-02-23,1393.0,1393.0,1342.0,1349.0,22109.0,29911469.0,-0.0181950509461426,-1.81950509461426,SHIVM
2022-02-24,1340.0,1358.9,1300.0,1313.0,39436.0,52007704.8,-0.026686434395848724,-2.6686434395848724,SHIVM
2022-02-27,1300.0,1330.0,1265.4,1273.0,53100.0,68307866.5,-0.030464584920030457,-3.0464584920030457,SHIVM
2022-02-28,1274.0,1298.4,1226.1,1235.0,76521.0,95059937.9,-0.02985074626865669,-2.985074626865669,SHIVM
2022-03-02,1229.0,1229.0,1157.0,1168.0,104239.0,122375832.8,-0.05425101214574901,-5.425101214574902,SHIVM
2022-03-06,1144.7,1160.0,1074.0,1085.0,136546.0,152282022.6,-0.07106164383561642,-7.106164383561642,SHIVM
2022-03-07,1085.0,1123.0,1030.0,1107.0,253914.0,276932863.5,0.02027649769585249,2.027649769585249,SHIVM
2022-03-09,1107.0,1135.0,1086.0,1097.0,52474.0,57764319.5,-0.009033423667569984,-0.9033423667569984,SHIVM
2022-03-10,1100.0,1154.9,1090.0,1150.0,48796.0,54745756.7,0.048313582497721,4.8313582497721,SHIVM
2022-03-13,1169.0,1254.0,1155.0,1251.0,289015.0,343650954.1,0.08782608695652172,8.782608695652172,SHIVM
2022-03-14,1276.0,1276.0,1228.0,1240.0,36478.0,45414197.9,-0.008792965627497984,-0.8792965627497984,SHIVM
2022-03-15,1245.0,1246.0,1180.0,1200.0,75639.0,91466644.0,-0.032258064516129004,-3.2258064516129004,SHIVM
2022-03-16,1200.0,1209.0,1180.1,1189.0,34289.0,40886860.7,-0.009166666666666656,-0.9166666666666656,SHIVM
2022-03-20,1198.0,1198.0,1160.0,1165.0,40183.0,46976560.3,-0.020185029436501245,-2.0185029436501245,SHIVM
2022-03-21,1165.0,1179.0,1145.0,1160.0,75314.0,87366017.3,-0.0042918454935622075,-0.42918454935622075,SHIVM
2022-03-22,1165.0,1195.0,1165.0,1170.0,73166.0,86237738.1,0.008620689655172376,0.8620689655172376,SHIVM
2022-03-23,1188.9,1188.9,1149.0,1152.0,45443.0,52746802.0,-0.01538461538461533,-1.538461538461533,SHIVM
2022-03-24,1153.0,1156.0,1110.2,1115.0,57858.0,65482809.3,-0.03211805555555558,-3.211805555555558,SHIVM
2022-03-27,1135.0,1137.0,1065.0,1071.0,93099.0,101192152.2,-0.039461883408071774,-3.9461883408071774,SHIVM
2022-03-28,1080.0,1090.0,1049.0,1049.0,46001.0,48845231.6,-0.020541549953314697,-2.0541549953314697,SHIVM
2022-03-29,1065.0,1083.0,1025.0,1047.0,75614.0,79199051.5,-0.0019065776930410339,-0.19065776930410339,SHIVM
2022-03-30,1066.0,1083.0,1045.0,1080.0,58023.0,61965274.3,0.03151862464183375,3.151862464183375,SHIVM
2022-03-31,1085.0,1091.0,1055.0,1057.0,36699.0,39207008.0,-0.021296296296296258,-2.1296296296296258,SHIVM
2022-04-03,1058.0,1059.9,1048.0,1050.0,15639.0,16459135.4,-0.0066225165562914245,-0.6622516556291425,SHIVM
2022-04-04,1060.0,1070.0,1042.1,1050.0,27220.0,28683356.3,0.0,0.0,SHIVM
2022-04-05,1050.0,1055.0,1028.0,1040.0,46212.0,48110830.6,-0.00952380952380949,-0.952380952380949,SHIVM
2022-04-06,1035.0,1075.0,1031.0,1054.0,50336.0,53111721.3,0.013461538461538414,1.3461538461538414,SHIVM
2022-04-07,1065.0,1076.0,1057.3,1061.0,47470.0,50655408.3,0.006641366223908873,0.6641366223908873,SHIVM
2022-04-11,1082.0,1103.0,1026.0,1027.0,56103.0,58834765.9,-0.03204524033930256,-3.204524033930256,SHIVM
2022-04-12,1028.0,1045.0,992.0,999.0,38647.0,38830561.5,-0.027263875365141188,-2.726387536514119,SHIVM
2022-04-13,1011.0,1011.0,980.0,990.0,85058.0,84334936.0,-0.009009009009009028,-0.9009009009009028,SHIVM
2022-04-17,1009.0,1009.0,957.7,961.0,34280.0,33594624.9,-0.02929292929292926,-2.929292929292926,SHIVM
2022-04-18,961.0,972.0,920.0,938.0,33886.0,31717644.7,-0.02393340270551514,-2.393340270551514,SHIVM
2022-04-19,934.0,960.2,919.0,949.0,18673.0,17648558.0,0.011727078891258014,1.1727078891258014,SHIVM
2022-04-20,941.0,954.5,910.0,911.0,26029.0,24115883.1,-0.04004214963119068,-4.004214963119068,SHIVM
2022-04-21,908.0,950.0,903.2,939.0,22686.0,20822960.8,0.03073545554335899,3.073545554335899,SHIVM
2022-04-24,957.0,977.0,940.0,962.9,122609.0,117622733.4,0.02545260915867953,2.545260915867953,SHIVM
2022-04-25,963.0,978.0,930.0,937.0,69506.0,66208164.8,-0.02689791255582097,-2.689791255582097,SHIVM
2022-04-26,949.0,955.5,929.0,934.0,21790.0,20518057.0,-0.0032017075773745907,-0.32017075773745907,SHIVM
2022-04-27,925.0,942.0,922.0,936.5,19401.0,18111865.9,0.002676659528907832,0.2676659528907832,SHIVM
2022-04-28,950.0,950.0,909.5,915.0,39571.0,36418997.0,-0.02295782167645488,-2.295782167645488,SHIVM
2022-05-02,920.0,920.0,868.0,879.0,48039.0,42523916.2,-0.03934426229508192,-3.934426229508192,SHIVM
2022-05-04,870.0,879.0,850.0,860.0,27476.0,23708324.6,-0.021615472127417545,-2.1615472127417545,SHIVM
2022-05-05,860.0,868.0,843.0,855.0,41291.0,35092173.3,-0.005813953488372103,-0.5813953488372103,SHIVM
2022-05-08,846.0,860.0,838.5,848.0,38752.0,32799804.3,-0.008187134502923965,-0.8187134502923965,SHIVM
2022-05-09,855.0,867.0,850.0,850.0,45101.0,38671992.4,0.002358490566037652,0.2358490566037652,SHIVM
2022-05-10,850.0,870.0,850.0,859.0,36614.0,31441682.9,0.010588235294117565,1.0588235294117565,SHIVM
2022-05-11,859.0,885.0,840.0,870.0,78441.0,67588437.8,0.012805587892898762,1.2805587892898762,SHIVM
2022-05-12,887.0,935.0,870.0,915.0,122046.0,111067418.5,0.051724137931034475,5.1724137931034475,SHIVM
2022-05-17,910.0,910.0,863.0,885.0,41319.0,36638341.0,-0.032786885245901676,-3.2786885245901676,SHIVM
2022-05-18,870.0,895.0,857.0,884.0,23006.0,20140316.1,-0.001129943502824804,-0.1129943502824804,SHIVM
2022-05-19,875.0,889.0,855.0,858.0,31376.0,27201488.7,-0.02941176470588236,-2.941176470588236,SHIVM
2022-05-20,858.0,869.7,851.0,855.0,15615.0,13357007.2,-0.0034965034965035446,-0.34965034965035446,SHIVM
2022-05-23,855.0,855.0,830.0,834.9,27350.0,22859445.8,-0.02350877192982459,-2.350877192982459,SHIVM
2022-05-24,836.0,876.0,834.0,863.0,16623.0,14291601.5,0.03365672535633002,3.365672535633002,SHIVM
2022-05-25,878.0,878.0,860.0,861.0,12699.0,10998132.0,-0.002317497103128674,-0.2317497103128674,SHIVM
2022-05-26,860.0,873.9,853.0,864.9,14340.0,12352034.1,0.0045296167247386165,0.45296167247386165,SHIVM
2022-05-27,875.0,875.0,845.4,860.0,15244.0,13011534.0,-0.005665394843334504,-0.5665394843334504,SHIVM
2022-05-30,860.0,880.0,830.0,830.0,28746.0,24264787.5,-0.03488372093023251,-3.488372093023251,SHIVM
2022-05-31,825.1,845.0,804.9,815.0,28675.0,23579983.2,-0.01807228915662651,-1.8072289156626509,SHIVM
2022-06-01,830.0,830.0,801.0,805.0,21956.0,17820899.6,-0.012269938650306789,-1.2269938650306789,SHIVM
2022-06-02,821.0,824.8,795.0,800.0,26633.0,21438499.2,-0.006211180124223614,-0.6211180124223614,SHIVM
2022-06-03,796.0,803.0,780.0,792.0,28909.0,22848284.3,-0.010000000000000009,-1.0000000000000009,SHIVM
2022-06-06,800.0,803.0,780.1,790.0,33114.0,26278593.2,-0.002525252525252486,-0.2525252525252486,SHIVM
2022-06-07,795.0,795.0,741.0,749.0,41936.0,32077064.7,-0.051898734177215244,-5.189873417721524,SHIVM
2022-06-08,760.0,786.5,735.0,779.0,43726.0,33566292.1,0.040053404539385884,4.005340453938588,SHIVM
2022-06-09,784.0,802.7,765.0,773.0,34601.0,27184036.3,-0.007702182284980763,-0.7702182284980763,SHIVM
2022-06-10,760.1,774.5,744.0,747.0,41421.0,31247892.5,-0.03363518758085382,-3.363518758085382,SHIVM
2022-06-13,750.0,758.0,724.0,725.6,30931.0,22691990.9,-0.028647925033467136,-2.8647925033467136,SHIVM
2022-06-14,713.2,730.0,684.0,698.0,66776.0,46718193.5,-0.03803748621830216,-3.8037486218302163,SHIVM
2022-06-15,698.0,710.0,674.1,697.0,42482.0,29275778.7,-0.0014326647564469885,-0.14326647564469885,SHIVM
2022-06-16,695.0,724.0,686.0,701.0,34469.0,24312303.3,0.0057388809182210565,0.5738880918221057,SHIVM
2022-06-17,700.0,709.8,690.0,692.0,17783.0,12417806.0,-0.012838801711840264,-1.2838801711840264,SHIVM
2022-06-19,701.0,701.0,675.0,677.9,16083.0,10954660.8,-0.020375722543352626,-2.0375722543352626,SHIVM
2022-06-20,678.0,686.0,660.0,668.0,23624.0,15793490.7,-0.014603923882578473,-1.4603923882578473,SHIVM
2022-06-21,680.0,700.0,670.0,689.0,42106.0,29047598.9,0.0314371257485031,3.1437125748503103,SHIVM
2022-06-22,690.0,693.0,676.0,682.0,18187.0,12397978.2,-0.010159651669085612,-1.0159651669085612,SHIVM
2022-06-23,668.5,679.0,654.0,672.0,50193.0,33332601.4,-0.014662756598240456,-1.4662756598240456,SHIVM
2022-06-24,660.0,698.0,658.0,689.0,23489.0,15916301.6,0.02529761904761907,2.529761904761907,SHIVM
2022-06-26,701.0,729.0,700.0,717.0,75491.0,54170663.7,0.04063860667634245,4.063860667634245,SHIVM
2022-06-27,728.0,734.0,690.0,690.0,46993.0,33433310.5,-0.03765690376569042,-3.765690376569042,SHIVM
2022-06-28,683.0,700.0,680.0,693.0,18124.0,12480800.3,0.004347826086956497,0.43478260869564966,SHIVM
2022-06-29,690.0,716.0,690.0,705.0,58570.0,41193342.0,0.017316017316017396,1.7316017316017396,SHIVM
2022-06-30,719.0,775.5,710.0,774.0,132607.0,99520630.6,0.09787234042553195,9.787234042553195,SHIVM
2022-07-01,779.0,794.5,755.0,768.0,72059.0,55747893.8,-0.007751937984496138,-0.7751937984496138,SHIVM
2022-07-03,768.0,830.0,753.2,830.0,88004.0,69785906.4,0.08072916666666674,8.072916666666675,SHIVM
2022-07-04,840.0,878.0,801.0,826.0,208727.0,175883271.4,-0.004819277108433773,-0.48192771084337727,SHIVM
2022-07-05,826.0,834.0,778.4,783.0,132174.0,106075305.9,-0.05205811138014527,-5.205811138014527,SHIVM
2022-07-06,783.0,811.0,761.0,795.0,98484.0,77428783.1,0.015325670498084198,1.5325670498084198,SHIVM
2022-07-07,810.0,820.0,785.0,785.0,77979.0,62532918.1,-0.012578616352201255,-1.2578616352201255,SHIVM
2022-07-08,800.0,800.7,750.0,750.0,73107.0,55983555.4,-0.04458598726114649,-4.458598726114649,SHIVM
2022-07-11,750.0,750.0,711.6,718.9,89268.0,65088343.0,-0.04146666666666665,-4.146666666666665,SHIVM
2022-07-12,730.0,749.0,710.0,735.6,100900.0,74017535.2,0.023229934622339687,2.3229934622339687,SHIVM
2022-07-13,749.0,774.0,742.0,768.0,118637.0,90295329.5,0.04404567699836859,4.404567699836859,SHIVM
2022-07-14,775.0,790.0,752.0,765.0,109195.0,83971516.1,-0.00390625,-0.390625,SHIVM
2022-07-15,764.0,765.0,750.0,760.0,52797.0,39972542.6,-0.006535947712418277,-0.6535947712418277,SHIVM
2022-07-17,760.0,779.0,757.1,760.0,48949.0,37504827.3,0.0,0.0,SHIVM
2022-07-18,764.0,780.0,743.9,765.0,121799.0,93481522.2,0.006578947368421018,0.6578947368421018,SHIVM
2022-07-19,779.0,800.0,778.0,784.6,202235.0,159771337.8,0.025620915032679825,2.5620915032679825,SHIVM
2022-07-20,798.0,847.0,785.7,815.0,201375.0,164259917.7,0.03874585776191686,3.8745857761916858,SHIVM
2022-07-21,827.0,829.0,799.0,807.9,220002.0,178001568.1,-0.008711656441717786,-0.8711656441717786,SHIVM
2022-07-22,810.0,810.0,775.0,777.0,267546.0,210002473.0,-0.038247307835128086,-3.8247307835128086,SHIVM
2022-07-24,792.0,794.0,769.9,789.0,508496.0,397131057.4,0.015444015444015413,1.5444015444015413,SHIVM
2022-07-25,804.7,840.0,800.0,838.0,185041.0,152925678.4,0.06210392902408102,6.210392902408102,SHIVM
2022-07-26,830.0,840.0,805.0,811.0,236195.0,193667260.0,-0.03221957040572787,-3.221957040572787,SHIVM
2022-07-27,800.1,822.0,785.0,816.0,222280.0,179411808.3,0.006165228113440113,0.6165228113440113,SHIVM
2022-07-28,817.0,832.0,790.1,807.0,193935.0,158634274.9,-0.011029411764705843,-1.1029411764705843,SHIVM
2022-07-29,811.0,812.0,795.0,798.0,160640.0,128649812.3,-0.01115241635687736,-1.115241635687736,SHIVM
2022-07-31,800.0,821.9,798.3,818.0,262754.0,213416860.1,0.02506265664160412,2.506265664160412,SHIVM
2022-08-01,834.0,864.0,825.0,848.0,454106.0,383111042.0,0.03667481662591676,3.667481662591676,SHIVM
2022-08-02,850.0,860.0,819.4,828.0,353429.0,293227156.1,-0.02358490566037741,-2.358490566037741,SHIVM
2022-08-03,828.0,839.0,807.0,809.0,308859.0,253430670.3,-0.022946859903381633,-2.2946859903381633,SHIVM
2022-08-04,808.0,829.0,798.0,805.1,312294.0,252211269.5,-0.00482076637824469,-0.48207663782446897,SHIVM
2022-08-05,807.0,810.0,787.0,791.0,196817.0,156629938.8,-0.017513352378586533,-1.7513352378586533,SHIVM
2022-08-07,796.0,805.0,783.0,785.0,175276.0,138982163.5,-0.007585335018963302,-0.7585335018963302,SHIVM
2022-08-08,800.0,800.0,758.0,764.0,267248.0,207168935.9,-0.026751592356687892,-2.675159235668789,SHIVM
2022-08-09,764.0,770.0,750.0,751.0,172912.0,130878085.6,-0.017015706806282727,-1.7015706806282727,SHIVM
2022-08-10,766.0,766.0,740.0,747.0,91800.0,68848102.9,-0.005326231691078598,-0.5326231691078598,SHIVM
2022-08-11,755.0,755.0,730.0,733.0,98296.0,72794737.0,-0.018741633199464536,-1.8741633199464536,SHIVM
2022-08-14,730.0,743.9,705.2,707.0,113907.0,82025754.6,-0.03547066848567526,-3.547066848567526,SHIVM
2022-08-15,692.9,699.9,655.0,692.0,307958.0,210252367.1,-0.021216407355021172,-2.121640735502117,SHIVM
2022-08-16,692.0,700.0,671.5,673.0,126987.0,86852692.1,-0.027456647398843903,-2.7456647398843903,SHIVM
2022-08-17,659.6,683.0,658.0,673.9,102491.0,69050229.3,0.0013372956909361022,0.13372956909361022,SHIVM
2022-08-18,672.0,688.3,670.0,682.0,88812.0,60394473.5,0.012019587475886606,1.2019587475886606,SHIVM
2022-08-21,695.0,695.0,677.0,680.0,69294.0,47189466.8,-0.0029325513196480912,-0.2932551319648091,SHIVM
2022-08-22,679.1,698.0,676.0,690.0,80690.0,55322795.3,0.014705882352941124,1.4705882352941124,SHIVM
2022-08-23,681.0,705.0,681.0,705.0,62503.0,43754384.7,0.021739130434782705,2.1739130434782705,SHIVM
2022-08-24,700.0,719.0,700.0,704.0,43897.0,30924568.7,-0.0014184397163120588,-0.14184397163120588,SHIVM
2022-08-25,705.0,706.0,685.0,685.0,52044.0,35976847.3,-0.026988636363636354,-2.6988636363636354,SHIVM
2022-08-26,680.0,688.0,673.2,674.6,49343.0,33411531.1,-0.015182481751824795,-1.5182481751824795,SHIVM
2022-08-28,670.1,677.0,660.0,665.1,107500.0,71541197.1,-0.014082419211384534,-1.4082419211384534,SHIVM
2022-08-29,677.0,689.9,661.1,677.0,53380.0,35804700.2,0.017892046308825682,1.7892046308825682,SHIVM
2022-08-30,684.0,685.0,670.0,670.1,28782.0,19380978.8,-0.010192023633677993,-1.0192023633677993,SHIVM
2022-08-31,671.0,676.0,662.1,666.0,45970.0,30668871.4,-0.006118489777645175,-0.6118489777645175,SHIVM
2022-09-01,667.0,674.0,660.0,670.0,36429.0,24252842.1,0.006006006006006093,0.6006006006006093,SHIVM
2022-09-02,676.0,680.0,664.2,664.2,33057.0,22097516.2,-0.008656716417910326,-0.8656716417910326,SHIVM
2022-09-04,677.4,677.4,665.0,666.0,14484.0,9672117.8,0.0027100271002709064,0.27100271002709064,SHIVM
2022-09-05,679.3,679.3,660.0,661.0,26045.0,17305385.5,-0.007507507507507505,-0.7507507507507505,SHIVM
2022-09-06,661.0,665.0,657.0,659.0,38381.0,25303588.8,-0.00302571860816947,-0.302571860816947,SHIVM
2022-09-07,659.0,664.0,655.1,661.8,26778.0,17672056.5,0.004248861911987811,0.4248861911987811,SHIVM
2022-09-08,662.0,672.0,655.1,664.5,27551.0,18325600.2,0.004079782411604782,0.4079782411604782,SHIVM
2022-09-11,659.0,670.0,657.0,658.0,15751.0,10401517.0,-0.009781790820165503,-0.9781790820165503,SHIVM
2022-09-12,658.0,660.0,655.1,660.0,27894.0,18313132.3,0.003039513677811634,0.3039513677811634,SHIVM
2022-09-13,669.0,672.0,658.0,669.9,23937.0,15987367.0,0.014999999999999902,1.4999999999999902,SHIVM
2022-09-14,670.0,695.0,670.0,687.9,32797.0,22470352.6,0.026869682042095944,2.6869682042095944,SHIVM
2022-09-15,701.6,701.6,655.0,657.0,65713.0,43832756.8,-0.044919319668556446,-4.4919319668556446,SHIVM
2022-09-16,643.9,652.0,620.0,639.0,41886.0,26884550.1,-0.0273972602739726,-2.73972602739726,SHIVM
2022-09-18,639.0,643.9,621.0,621.0,30597.0,19255224.7,-0.028169014084507005,-2.8169014084507005,SHIVM
2022-09-20,621.2,621.2,602.0,605.1,37914.0,23026026.0,-0.02560386473429943,-2.560386473429943,SHIVM
2022-09-21,610.0,624.0,605.0,607.0,23747.0,14509014.2,0.003139976863328231,0.3139976863328231,SHIVM
2022-09-22,607.0,617.0,603.0,612.0,17704.0,10796769.1,0.008237232289950658,0.8237232289950658,SHIVM
2022-09-25,603.6,610.0,593.0,594.0,22865.0,13747024.5,-0.02941176470588236,-2.941176470588236,SHIVM
2022-09-27,605.0,605.0,592.0,594.0,18601.0,11148078.0,0.0,0.0,SHIVM
2022-09-28,595.0,614.8,595.0,600.0,9969.0,6028343.1,0.010101010101010166,1.0101010101010166,SHIVM
2022-09-29,609.8,611.6,601.0,605.0,19307.0,11668878.7,0.008333333333333304,0.8333333333333304,SHIVM
2022-10-09,617.0,635.0,610.0,633.5,28620.0,17784254.0,0.047107438016528835,4.7107438016528835,SHIVM
2022-10-10,635.0,643.0,610.0,615.0,26316.0,16505819.9,-0.02920284135753748,-2.920284135753748,SHIVM
2022-10-11,615.0,625.0,606.6,612.0,16944.0,10355271.6,-0.004878048780487809,-0.4878048780487809,SHIVM
2022-10-12,622.0,625.0,607.0,615.2,23424.0,14435190.6,0.005228758169934622,0.5228758169934622,SHIVM
2022-10-13,620.0,639.0,620.0,638.0,46189.0,29117109.9,0.03706111833550052,3.706111833550052,SHIVM
2022-10-16,650.7,653.8,632.0,650.0,46411.0,29989102.3,0.018808777429467183,1.8808777429467183,SHIVM
2022-10-17,650.0,652.0,640.0,641.5,21795.0,14067576.1,-0.013076923076923097,-1.3076923076923097,SHIVM
2022-10-19,638.0,641.0,620.2,626.0,21038.0,13194700.0,-0.024162120031176904,-2.4162120031176904,SHIVM
2022-10-20,613.5,638.0,613.5,627.0,17490.0,10976047.3,0.0015974440894568342,0.15974440894568342,SHIVM
2022-10-23,639.4,639.4,620.0,632.0,8519.0,5364522.1,0.00797448165869219,0.797448165869219,SHIVM
2022-10-31,632.0,649.0,628.0,645.0,25355.0,16241968.4,0.020569620253164667,2.0569620253164667,SHIVM
2022-11-01,657.0,700.0,638.0,699.0,76711.0,51784293.9,0.08372093023255811,8.372093023255811,SHIVM
2022-11-02,695.0,705.0,680.0,685.0,113720.0,78560214.6,-0.02002861230329045,-2.002861230329045,SHIVM
2022-11-03,681.2,685.0,663.1,666.0,47017.0,31635460.0,-0.027737226277372296,-2.7737226277372296,SHIVM
2022-11-06,678.7,704.9,666.0,703.2,64452.0,44444723.9,0.05585585585585595,5.585585585585595,SHIVM
2022-11-07,707.9,715.0,669.0,675.0,165568.0,113950475.3,-0.04010238907849839,-4.010238907849839,SHIVM
2022-11-08,678.0,685.0,660.0,663.0,128620.0,85732122.6,-0.01777777777777778,-1.7777777777777781,SHIVM
2022-11-09,675.2,676.0,644.0,645.0,93195.0,60849319.6,-0.02714932126696834,-2.714932126696834,SHIVM
2022-11-10,654.8,654.9,618.2,621.6,162115.0,102235428.8,-0.036279069767441774,-3.6279069767441774,SHIVM
2022-11-13,621.6,621.6,608.0,609.9,169876.0,103996039.0,-0.018822393822393924,-1.8822393822393924,SHIVM
2022-11-14,622.0,625.0,608.0,616.0,179540.0,109643275.1,0.010001639613051339,1.0001639613051339,SHIVM
2022-11-15,622.0,628.3,609.0,609.9,72953.0,44843696.1,-0.009902597402597468,-0.9902597402597468,SHIVM
2022-11-16,610.0,625.0,610.0,610.0,61523.0,37858523.4,0.00016396130513207652,0.016396130513207652,SHIVM
2022-11-17,620.0,624.5,610.0,617.0,217938.0,134027288.8,0.011475409836065653,1.1475409836065653,SHIVM
2022-11-22,625.9,629.0,607.0,608.9,137266.0,84363188.0,-0.013128038897893046,-1.3128038897893046,SHIVM
2022-11-23,612.9,612.9,598.5,599.9,100614.0,60641821.8,-0.014780752176055234,-1.4780752176055234,SHIVM
2022-11-24,602.0,615.0,598.0,609.0,36372.0,22038454.6,0.015169194865811031,1.516919486581103,SHIVM
2022-11-27,619.0,619.0,607.0,613.0,133559.0,81801425.2,0.006568144499178974,0.6568144499178974,SHIVM
2022-11-28,617.9,623.0,609.0,610.0,100316.0,61662748.7,-0.004893964110929905,-0.4893964110929905,SHIVM
2022-11-29,611.0,615.0,608.0,610.0,69096.0,42204935.1,0.0,0.0,SHIVM
2022-11-30,619.0,619.0,608.0,609.0,49179.0,30009631.0,-0.0016393442622950616,-0.16393442622950616,SHIVM
2022-12-01,614.9,615.0,608.1,612.0,59005.0,36068347.7,0.0049261083743843415,0.49261083743843415,SHIVM
2022-12-04,614.1,618.0,609.0,613.8,80102.0,49070439.2,0.002941176470588225,0.2941176470588225,SHIVM
2022-12-05,609.0,610.5,580.0,584.9,340358.0,202346662.4,-0.047083740632127724,-4.708374063212773,SHIVM
2022-12-06,590.0,594.0,579.0,580.0,139503.0,81234799.8,-0.008377500427423468,-0.8377500427423468,SHIVM
2022-12-07,586.0,586.0,550.0,551.8,245607.0,138554314.9,-0.04862068965517252,-4.862068965517253,SHIVM
2022-12-11,552.0,559.0,529.0,529.3,203620.0,109367926.1,-0.04077564334903949,-4.077564334903949,SHIVM
2022-12-12,532.2,553.9,529.0,553.9,115751.0,62177415.3,0.04647647836765545,4.647647836765545,SHIVM
2022-12-13,554.0,554.0,542.0,546.0,50514.0,27714902.0,-0.014262502256724985,-1.4262502256724985,SHIVM
2022-12-14,547.0,552.0,543.0,546.0,40012.0,21915561.4,0.0,0.0,SHIVM
2022-12-15,536.0,536.0,516.0,520.0,177795.0,93149375.4,-0.04761904761904767,-4.761904761904767,SHIVM
2022-12-18,530.4,530.4,509.6,513.6,65694.0,33887715.9,-0.012307692307692242,-1.2307692307692242,SHIVM
2022-12-19,513.0,523.1,510.0,518.0,27393.0,14193226.8,0.008566978193146335,0.8566978193146335,SHIVM
2022-12-20,518.0,525.0,512.0,518.0,52735.0,27352349.3,0.0,0.0,SHIVM
2022-12-21,512.59,518.0,501.8,503.1,75950.0,38576996.0,-0.02876447876447874,-2.876447876447874,SHIVM
2022-12-22,505.0,505.0,490.0,490.6,80916.0,39995485.0,-0.02484595507851317,-2.484595507851317,SHIVM
2022-12-26,500.0,520.1,498.0,520.0,90792.0,46439245.8,0.05992662046473707,5.992662046473707,SHIVM
2022-12-27,530.0,545.0,528.0,533.0,156839.0,84080986.1,0.02499999999999991,2.499999999999991,SHIVM
2022-12-28,533.0,538.5,522.6,526.0,89609.0,47486400.9,-0.013133208255159512,-1.3133208255159512,SHIVM
2022-12-29,521.0,555.9,521.0,553.0,113778.0,61636632.5,0.05133079847908739,5.133079847908739,SHIVM
2023-01-01,564.0,572.0,544.0,550.0,158261.0,88395768.7,-0.005424954792043413,-0.5424954792043413,SHIVM
2023-01-02,550.0,560.0,542.0,557.0,62782.0,34748478.6,0.012727272727272698,1.2727272727272698,SHIVM
2023-01-03,559.9,572.0,551.1,562.0,169743.0,94912814.9,0.008976660682226134,0.8976660682226134,SHIVM
2023-01-04,562.0,576.0,554.1,569.0,144752.0,82192256.1,0.01245551601423478,1.245551601423478,SHIVM
2023-01-05,577.0,578.0,550.0,555.1,172577.0,97106916.1,-0.024428822495606295,-2.4428822495606295,SHIVM
2023-01-08,555.0,600.0,552.0,575.2,342178.0,196863959.8,0.03620969194739687,3.620969194739687,SHIVM
2023-01-09,586.7,595.0,576.0,585.0,221603.0,130140952.1,0.01703755215577174,1.703755215577174,SHIVM
2023-01-10,595.0,622.0,580.0,590.0,273589.0,163429490.2,0.008547008547008517,0.8547008547008517,SHIVM
2023-01-12,589.9,609.0,563.0,566.0,383357.0,222012131.3,-0.04067796610169494,-4.067796610169494,SHIVM
2023-01-17,561.0,576.9,555.2,571.0,136927.0,77842157.2,0.008833922261484162,0.8833922261484162,SHIVM
2023-01-18,582.4,582.4,555.2,556.0,141882.0,80272267.9,-0.02626970227670755,-2.626970227670755,SHIVM
2023-01-19,556.0,562.9,545.0,546.0,116196.0,64217093.8,-0.017985611510791366,-1.7985611510791366,SHIVM
2023-01-23,546.0,555.0,515.0,520.2,187494.0,99725385.08,-0.047252747252747196,-4.725274725274719,SHIVM
2023-01-24,530.0,530.0,511.0,521.9,139138.0,72199201.4,0.0032679738562089167,0.32679738562089167,SHIVM
2023-01-25,532.3,537.5,521.0,527.9,126636.0,67030415.8,0.011496455259628391,1.149645525962839,SHIVM
2023-01-26,530.0,540.0,527.0,527.0,64830.0,34447559.2,-0.0017048683462776992,-0.17048683462776992,SHIVM
2023-01-29,525.0,534.0,521.0,525.0,94868.0,50154909.6,-0.003795066413662229,-0.3795066413662229,SHIVM
2023-01-30,523.1,529.0,515.0,516.0,87312.0,45490468.5,-0.017142857142857126,-1.7142857142857126,SHIVM
2023-01-31,520.0,522.0,510.2,516.5,75310.0,38913796.0,0.0009689922480620172,0.09689922480620172,SHIVM
2023-02-01,517.0,519.8,513.0,515.5,57385.0,29573720.7,-0.0019361084220715918,-0.19361084220715918,SHIVM
2023-02-02,520.0,520.0,507.0,509.0,66359.0,33944721.05,-0.012609117361784716,-1.2609117361784716,SHIVM
2023-02-05,514.8,521.0,506.0,511.0,67781.0,34838848.0,0.003929273084479323,0.39292730844793233,SHIVM
2023-02-06,517.0,517.0,510.1,514.0,42478.0,21765672.6,0.005870841487279899,0.5870841487279899,SHIVM
2023-02-07,516.0,550.0,516.0,545.7,119866.0,64191477.9,0.061673151750972766,6.167315175097277,SHIVM
2023-02-08,556.0,556.0,538.1,540.0,138866.0,76143825.5,-0.010445299615173265,-1.0445299615173265,SHIVM
2023-02-09,538.0,555.0,534.0,554.0,68489.0,37361498.8,0.025925925925925908,2.592592592592591,SHIVM
2023-02-12,544.0,544.0,522.5,524.0,102690.0,54563037.2,-0.054151624548736454,-5.415162454873645,SHIVM
2023-02-14,525.0,529.0,517.1,519.0,43725.0,22790462.8,-0.009541984732824416,-0.9541984732824416,SHIVM
2023-02-15,509.0,525.0,509.0,515.0,33297.0,17247952.7,-0.0077071290944122905,-0.770712909441229,SHIVM
2023-02-16,522.9,522.9,511.1,512.4,52366.0,26912020.4,-0.005048543689320395,-0.5048543689320395,SHIVM
2023-02-20,512.0,516.0,507.0,507.5,65272.0,33283087.1,-0.0095628415300546,-0.95628415300546,SHIVM
2023-02-22,513.7,520.0,510.0,517.0,46682.0,24029558.6,0.01871921182266001,1.871921182266001,SHIVM
2023-02-23,510.0,514.0,505.0,506.8,41085.0,20872356.9,-0.019729206963249535,-1.9729206963249535,SHIVM
2023-02-26,502.0,511.9,491.0,507.7,63815.0,32079042.0,0.001775848460931373,0.1775848460931373,SHIVM
2023-02-27,512.5,515.0,497.0,500.1,72372.0,36348975.4,-0.014969470159542975,-1.4969470159542975,SHIVM
2023-02-28,500.0,509.8,489.0,489.6,131804.0,65069989.8,-0.02099580083983199,-2.099580083983199,SHIVM
2023-03-01,499.0,499.0,474.0,476.0,174280.0,84080648.5,-0.02777777777777779,-2.777777777777779,SHIVM
2023-03-02,466.5,480.0,461.0,465.0,129486.0,60305263.6,-0.02310924369747902,-2.310924369747902,SHIVM
2023-03-05,464.0,474.0,449.9,450.0,120136.0,54819565.7,-0.032258064516129004,-3.2258064516129004,SHIVM
2023-03-07,453.0,465.0,448.1,450.0,68498.0,31106739.9,0.0,0.0,SHIVM
2023-03-09,459.0,467.0,450.0,455.0,173464.0,78588317.5,0.011111111111111072,1.1111111111111072,SHIVM
2023-03-12,460.0,464.0,449.0,449.3,181234.0,82158943.5,-0.01252747252747255,-1.252747252747255,SHIVM
2023-03-13,450.0,450.0,434.0,440.0,129332.0,56894412.0,-0.02069886490095707,-2.069886490095707,SHIVM
2023-03-14,447.0,448.0,436.1,443.9,71407.0,31646021.1,0.008863636363636296,0.8863636363636296,SHIVM
2023-03-15,450.0,450.0,432.0,433.0,91823.0,40131460.3,-0.024555079972966798,-2.45550799729668,SHIVM
2023-03-16,438.9,438.9,428.0,429.7,54121.0,23374388.5,-0.007621247113164031,-0.7621247113164031,SHIVM
2023-03-19,431.2,433.0,425.0,425.0,94697.0,40509851.7,-0.010937863625785416,-1.0937863625785416,SHIVM
2023-03-20,430.0,433.0,424.0,427.0,96793.0,41377502.2,0.004705882352941115,0.47058823529411153,SHIVM
2023-03-22,435.5,435.5,421.0,421.0,83469.0,35527464.7,-0.014051522248243575,-1.4051522248243575,SHIVM
2023-03-23,421.0,421.0,411.0,411.5,89669.0,37139632.3,-0.0225653206650831,-2.25653206650831,SHIVM
2023-03-26,411.5,419.0,408.2,413.0,59434.0,24520869.3,0.0036452004860267895,0.36452004860267895,SHIVM
2023-03-27,413.0,429.8,409.0,427.9,89989.0,37780825.7,0.03607748184019366,3.607748184019366,SHIVM
2023-03-28,432.0,440.0,425.0,429.0,113870.0,49236899.7,0.0025706940874037354,0.25706940874037354,SHIVM
2023-03-29,426.0,428.0,422.0,423.1,59497.0,25259174.5,-0.013752913752913654,-1.3752913752913654,SHIVM
2023-03-30,430.0,430.0,414.6,415.0,118688.0,50058199.2,-0.019144410304892556,-1.9144410304892556,SHIVM
2023-04-02,420.0,425.0,414.0,416.0,107789.0,45139712.3,0.002409638554216942,0.24096385542169418,SHIVM
2023-04-03,424.0,424.0,411.0,414.0,49395.0,20482541.7,-0.004807692307692291,-0.48076923076922906,SHIVM
2023-04-04,415.2,419.0,410.0,410.0,81397.0,33654246.0,-0.009661835748792313,-0.9661835748792313,SHIVM
2023-04-05,413.0,415.0,408.0,409.0,156705.0,64337865.4,-0.0024390243902439046,-0.24390243902439046,SHIVM
2023-04-06,416.0,419.9,404.0,405.0,120558.0,49200679.6,-0.009779951100244544,-0.9779951100244544,SHIVM
2023-04-09,410.0,410.0,394.0,394.0,144606.0,57837853.8,-0.02716049382716046,-2.716049382716046,SHIVM
2023-04-10,395.0,402.8,389.8,392.0,173577.0,68418643.3,-0.005076142131979711,-0.5076142131979711,SHIVM
2023-04-11,397.0,401.0,390.0,400.0,180522.0,71093589.1,0.020408163265306145,2.0408163265306145,SHIVM
2023-04-12,407.0,414.0,400.0,413.0,285826.0,117135342.5,0.03249999999999997,3.2499999999999973,SHIVM
2023-04-13,420.9,429.0,404.0,405.0,204837.0,84286054.2,-0.01937046004842613,-1.937046004842613,SHIVM
2023-04-16,405.0,413.0,404.0,407.0,77843.0,31720707.9,0.004938271604938205,0.49382716049382047,SHIVM
2023-04-17,405.0,408.0,397.2,400.0,108048.0,43336500.0,-0.017199017199017175,-1.7199017199017175,SHIVM
2023-04-18,396.0,402.0,394.0,394.5,100827.0,39883245.0,-0.01375000000000004,-1.375000000000004,SHIVM
2023-04-19,399.9,402.0,394.0,399.0,80110.0,31785769.4,0.011406844106463865,1.1406844106463865,SHIVM
2023-04-20,401.1,403.7,394.0,394.0,72353.0,28683352.5,-0.01253132832080206,-1.253132832080206,SHIVM
2023-04-23,400.0,400.0,395.0,396.0,72984.0,28903072.9,0.0050761421319796,0.50761421319796,SHIVM
2023-04-24,403.0,408.5,395.1,406.0,74310.0,29960779.8,0.025252525252525304,2.5252525252525304,SHIVM
2023-04-25,408.0,425.0,405.0,422.5,168022.0,70091557.1,0.04064039408866993,4.064039408866993,SHIVM
2023-04-26,420.5,434.8,415.0,415.2,164930.0,70160457.3,-0.017278106508875735,-1.7278106508875735,SHIVM
2023-04-27,419.9,423.1,412.0,416.0,72103.0,30137463.7,0.0019267822736031004,0.19267822736031004,SHIVM
2023-04-30,410.3,419.8,404.0,405.0,104061.0,42510825.0,-0.02644230769230771,-2.644230769230771,SHIVM
2023-05-02,410.0,410.0,403.3,404.9,53128.0,21549536.6,-0.00024691358024697685,-0.024691358024697685,SHIVM
2023-05-03,410.0,410.0,398.0,399.0,76230.0,30503498.3,-0.014571499135588972,-1.4571499135588972,SHIVM
2023-05-04,405.0,406.9,397.0,404.9,55031.0,22155054.9,0.014786967418546348,1.4786967418546348,SHIVM
2023-05-07,404.9,404.9,398.0,400.0,80465.0,32237607.5,-0.01210175351938747,-1.210175351938747,SHIVM
2023-05-08,400.1,403.0,396.0,398.0,94826.0,37821282.0,-0.0050000000000000044,-0.5000000000000004,SHIVM
2023-05-09,400.0,407.0,398.0,400.0,111173.0,44665633.3,0.005025125628140614,0.5025125628140614,SHIVM
2023-05-10,408.0,408.0,398.2,402.0,81943.0,32871241.3,0.004999999999999893,0.49999999999998934,SHIVM
2023-05-11,408.0,408.0,400.0,400.1,44960.0,18037752.5,-0.004726368159203909,-0.47263681592039086,SHIVM
2023-05-14,400.0,401.5,390.9,393.1,91406.0,36071590.3,-0.017495626093476657,-1.7495626093476657,SHIVM
2023-05-15,393.1,402.0,390.4,397.9,55262.0,21928243.8,0.012210633426608997,1.2210633426608997,SHIVM
2023-05-16,391.0,405.0,391.0,400.9,72231.0,28892790.5,0.007539582809751089,0.7539582809751089,SHIVM
2023-05-17,402.9,404.3,399.9,403.5,136110.0,54658685.6,0.006485407832377277,0.6485407832377277,SHIVM
2023-05-18,395.5,416.5,395.5,413.5,173202.0,71110480.2,0.024783147459727317,2.4783147459727317,SHIVM
2023-05-21,417.9,421.8,408.7,409.0,149129.0,61765480.6,-0.010882708585247869,-1.0882708585247869,SHIVM
2023-05-22,411.0,423.0,407.6,416.3,177579.0,73498494.6,0.017848410757946187,1.7848410757946187,SHIVM
2023-05-23,423.9,437.5,416.0,436.5,233609.0,100515439.4,0.04852269997597891,4.852269997597891,SHIVM
2023-05-24,441.0,469.2,430.3,466.0,326034.0,146491074.5,0.06758304696449025,6.7583046964490245,SHIVM
2023-05-28,470.0,486.0,461.5,468.2,459239.0,217994903.3,0.0047210300429183505,0.47210300429183505,SHIVM
2023-05-30,470.0,472.0,451.1,462.0,461597.0,212481943.4,-0.013242204186245221,-1.324220418624522,SHIVM
2023-05-31,455.0,469.0,445.9,452.0,256613.0,116536193.2,-0.02164502164502169,-2.164502164502169,SHIVM
2023-06-01,452.0,466.0,445.0,458.0,245941.0,112502120.2,0.01327433628318575,1.327433628318575,SHIVM
2023-06-04,467.1,489.0,465.0,486.9,330543.0,158154238.6,0.06310043668122267,6.310043668122267,SHIVM
2023-06-05,493.0,494.7,464.0,465.0,414616.0,198956353.0,-0.044978434996919225,-4.497843499691923,SHIVM
2023-06-06,472.0,482.0,463.0,471.0,194196.0,91796278.5,0.012903225806451646,1.2903225806451646,SHIVM
2023-06-07,476.9,480.0,468.3,470.9,189742.0,89721491.3,-0.0002123142250530785,-0.02123142250530785,SHIVM
2023-06-08,468.0,472.0,456.7,458.0,187029.0,87012929.3,-0.02739435124230194,-2.739435124230194,SHIVM
2023-06-11,465.0,477.3,461.0,473.0,230870.0,108775515.0,0.03275109170305668,3.275109170305668,SHIVM
2023-06-12,480.0,480.0,467.0,468.0,144771.0,68425343.6,-0.010570824524312905,-1.0570824524312905,SHIVM
2023-06-13,458.8,513.8,458.8,506.5,557388.0,276687250.7,0.0822649572649572,8.22649572649572,SHIVM
2023-06-14,516.6,540.0,506.7,525.0,534456.0,281708842.4,0.036525172754195534,3.6525172754195534,SHIVM
2023-06-15,525.1,540.0,515.1,538.6,338457.0,179346015.5,0.025904761904761875,2.5904761904761875,SHIVM
2023-06-18,538.0,588.0,532.5,585.0,649605.0,366499158.9,0.08614927590048271,8.614927590048271,SHIVM
2023-06-19,574.1,590.0,560.6,563.5,523626.0,298213574.8,-0.03675213675213673,-3.6752136752136733,SHIVM
2023-06-20,552.3,575.0,542.0,549.1,349572.0,194427321.1,-0.025554569653948533,-2.5554569653948533,SHIVM
2023-06-21,559.8,562.0,534.0,545.5,423198.0,230641327.1,-0.006556182844654979,-0.6556182844654979,SHIVM
2023-06-22,548.0,555.1,538.4,550.9,269498.0,147542183.9,0.00989917506874427,0.989917506874427,SHIVM
2023-06-25,554.0,605.9,547.0,605.9,844474.0,499073920.1,0.09983663096750761,9.98366309675076,SHIVM
2023-06-26,618.0,642.5,615.0,622.0,667729.0,420599585.6,0.026572041591021556,2.6572041591021556,SHIVM
2023-06-27,625.0,634.0,619.0,626.0,361884.0,226345218.3,0.006430868167202508,0.6430868167202508,SHIVM
2023-06-28,627.0,627.0,608.0,610.0,458309.0,282267559.7,-0.025559105431309903,-2.5559105431309903,SHIVM
2023-07-02,610.0,640.0,595.0,607.0,448603.0,275596427.8,-0.004918032786885296,-0.4918032786885296,SHIVM
2023-07-03,594.9,620.0,594.9,602.0,299010.0,181802018.8,-0.008237232289950547,-0.8237232289950547,SHIVM
2023-07-04,614.0,614.0,600.1,608.0,184133.0,111692130.8,0.009966777408637828,0.9966777408637828,SHIVM
2023-07-05,618.0,618.0,585.0,587.0,276320.0,164912596.5,-0.03453947368421051,-3.453947368421051,SHIVM
2023-07-06,588.0,609.0,578.0,597.0,313343.0,185642121.4,0.017035775127768327,1.7035775127768327,SHIVM
2023-07-09,608.9,618.9,605.0,618.0,266634.0,163651143.3,0.035175879396984966,3.5175879396984966,SHIVM
2023-07-10,620.0,633.0,615.3,619.0,248575.0,155153618.1,0.0016181229773462036,0.16181229773462036,SHIVM
2023-07-11,620.0,634.0,616.0,625.5,200603.0,125439409.6,0.01050080775444262,1.050080775444262,SHIVM
2023-07-12,630.0,662.0,618.0,660.0,518604.0,339351101.8,0.05515587529976029,5.515587529976029,SHIVM
2023-07-13,673.2,680.0,649.8,652.2,357310.0,237593348.6,-0.011818181818181728,-1.1818181818181728,SHIVM
2023-07-16,655.0,668.0,647.1,651.5,292584.0,191311372.9,-0.0010732904017173306,-0.10732904017173306,SHIVM
2023-07-17,652.0,665.9,644.0,662.0,226815.0,148619455.1,0.016116653875671627,1.6116653875671627,SHIVM
2023-07-18,675.0,675.0,650.1,651.1,273401.0,179861304.9,-0.01646525679758304,-1.6465256797583039,SHIVM
2023-07-19,651.1,659.9,640.0,642.0,214013.0,138876305.8,-0.013976347719244386,-1.3976347719244386,SHIVM
2023-07-20,642.0,649.9,630.1,635.0,223414.0,142317087.5,-0.010903426791277204,-1.0903426791277204,SHIVM
2023-07-23,640.0,658.9,633.1,645.1,229523.0,148159037.8,0.01590551181102362,1.590551181102362,SHIVM
2023-07-24,645.0,650.0,632.0,634.0,209800.0,133920283.0,-0.01720663463028993,-1.720663463028993,SHIVM
2023-07-25,621.4,640.0,621.0,621.0,165810.0,103957786.3,-0.02050473186119872,-2.050473186119872,SHIVM
2023-07-26,625.0,636.9,621.0,624.6,151293.0,94924393.5,0.005797101449275477,0.5797101449275477,SHIVM
2023-07-27,632.9,632.9,614.2,615.0,170385.0,105759966.0,-0.015369836695485195,-1.5369836695485195,SHIVM
2023-07-30,615.0,619.0,595.0,602.0,244941.0,147874349.4,-0.021138211382113803,-2.1138211382113803,SHIVM
2023-07-31,605.0,618.0,600.0,604.0,132738.0,80886605.2,0.0033222591362125353,0.33222591362125353,SHIVM
2023-08-01,614.0,614.9,587.1,588.0,118536.0,70921727.5,-0.026490066225165587,-2.6490066225165587,SHIVM
2023-08-02,585.1,596.7,575.0,596.0,191837.0,111903519.5,0.013605442176870763,1.3605442176870763,SHIVM
2023-08-03,607.9,612.8,595.0,604.7,152707.0,92368545.0,0.014597315436241765,1.4597315436241765,SHIVM
2023-08-06,605.2,605.2,583.2,586.0,167474.0,98807683.5,-0.030924425334876826,-3.0924425334876826,SHIVM
2023-08-07,588.0,599.7,576.0,586.2,107704.0,63369993.9,0.0003412969283276279,0.03412969283276279,SHIVM
2023-08-08,586.2,592.9,570.0,570.1,117615.0,67832864.0,-0.0274650290003412,-2.74650290003412,SHIVM
2023-08-09,569.1,593.0,561.5,590.0,148021.0,84794957.1,0.03490615681459386,3.490615681459386,SHIVM
2023-08-10,590.1,610.0,587.0,596.1,165866.0,99362309.5,0.010338983050847572,1.0338983050847572,SHIVM
2023-08-13,597.0,603.8,588.0,590.0,107632.0,64078334.8,-0.010233182351954362,-1.0233182351954362,SHIVM
2023-08-14,590.0,598.0,577.0,577.0,101197.0,59239272.7,-0.02203389830508473,-2.203389830508473,SHIVM
2023-08-15,565.5,568.9,547.0,547.3,325235.0,180589627.4,-0.051473136915078044,-5.147313691507804,SHIVM
2023-08-16,536.4,547.8,530.0,532.0,133233.0,71470499.3,-0.027955417504111013,-2.7955417504111013,SHIVM
2023-08-17,521.4,545.0,521.4,536.0,82116.0,44216875.8,0.007518796992481258,0.7518796992481258,SHIVM
2023-08-20,542.0,542.0,521.5,523.0,67506.0,35650432.9,-0.02425373134328357,-2.425373134328357,SHIVM
2023-08-21,517.0,524.0,504.7,508.1,156171.0,80247234.8,-0.028489483747609845,-2.8489483747609845,SHIVM
2023-08-22,507.0,524.0,505.1,521.0,89902.0,46285480.4,0.025388703011218317,2.5388703011218317,SHIVM
2023-08-23,529.0,537.0,522.0,534.0,76289.0,40428784.6,0.0249520153550864,2.49520153550864,SHIVM
2023-08-24,534.0,539.4,517.0,518.0,97887.0,51620315.1,-0.029962546816479363,-2.9962546816479363,SHIVM
2023-08-27,516.0,517.0,507.0,507.1,67666.0,34486196.6,-0.021042471042471034,-2.1042471042471034,SHIVM
2023-08-28,505.0,516.9,505.0,509.0,47786.0,24443173.5,0.0037467955038452683,0.3746795503845268,SHIVM
2023-08-29,512.0,517.9,508.2,510.0,46666.0,23881298.1,0.0019646365422396617,0.19646365422396617,SHIVM
2023-08-30,510.0,518.0,506.5,508.0,51987.0,26492571.9,-0.0039215686274509665,-0.39215686274509665,SHIVM
2023-09-03,508.0,512.9,497.0,498.0,57536.0,28923034.1,-0.019685039370078705,-1.9685039370078705,SHIVM
2023-09-04,503.0,509.9,490.0,503.0,84031.0,41959034.2,0.010040160642570184,1.0040160642570184,SHIVM
2023-09-05,507.0,507.0,496.0,497.0,36282.0,18133269.5,-0.011928429423459286,-1.1928429423459286,SHIVM
2023-09-07,493.7,503.0,483.4,485.0,77324.0,37781720.1,-0.024144869215291798,-2.4144869215291798,SHIVM
2023-09-10,490.0,496.0,487.6,488.8,82340.0,40490408.0,0.007835051546391858,0.7835051546391858,SHIVM
2023-09-11,481.0,514.0,481.0,512.0,98232.0,49714893.2,0.04746317512274967,4.746317512274967,SHIVM
2023-09-12,517.9,521.9,496.0,500.0,124956.0,63510455.0,-0.0234375,-2.34375,SHIVM
2023-09-13,509.0,524.8,504.1,523.9,110357.0,57226771.2,0.047800000000000065,4.7800000000000065,SHIVM
2023-09-17,530.0,530.0,505.1,509.0,126571.0,64946688.6,-0.028440542088184695,-2.8440542088184695,SHIVM
2023-09-18,511.0,514.9,501.4,509.0,42716.0,21708741.5,0.0,0.0,SHIVM
2023-09-19,510.2,518.9,506.1,516.0,49080.0,25167736.8,0.013752455795677854,1.3752455795677854,SHIVM
2023-09-21,526.0,559.0,517.0,548.0,194065.0,105279601.2,0.0620155038759691,6.20155038759691,SHIVM
2023-09-24,540.2,562.0,540.0,544.0,165991.0,91296434.9,-0.007299270072992692,-0.7299270072992692,SHIVM
2023-09-25,544.0,552.9,538.2,539.0,64268.0,34962363.8,-0.009191176470588203,-0.9191176470588203,SHIVM
2023-09-26,546.0,561.0,546.0,556.0,125867.0,69814900.1,0.03153988868274582,3.153988868274582,SHIVM
2023-09-27,565.0,565.0,542.0,547.0,105421.0,57968861.8,-0.01618705035971224,-1.618705035971224,SHIVM
2023-10-01,540.0,549.0,535.0,535.2,84451.0,45653046.2,-0.02157221206581339,-2.157221206581339,SHIVM
2023-10-02,537.0,549.0,531.0,538.4,69281.0,37366278.9,0.005979073243647104,0.5979073243647104,SHIVM
2023-10-03,548.0,548.0,530.1,531.0,68738.0,36821615.8,-0.01374442793462105,-1.374442793462105,SHIVM
2023-10-04,540.0,546.0,537.1,539.0,63296.0,34186255.3,0.015065913370998052,1.5065913370998052,SHIVM
2023-10-05,541.0,546.0,531.0,535.1,42389.0,22704140.8,-0.007235621521335722,-0.7235621521335722,SHIVM
2023-10-08,533.0,540.0,517.0,519.9,128691.0,67381569.5,-0.028405905438235957,-2.8405905438235957,SHIVM
2023-10-09,520.0,527.8,516.0,517.0,53919.0,28132755.0,-0.005577995768416999,-0.5577995768416999,SHIVM
2023-10-10,525.0,525.0,510.0,512.5,51376.0,26388820.1,-0.008704061895551285,-0.8704061895551285,SHIVM
2023-10-11,515.0,520.0,510.0,513.0,49156.0,25307789.5,0.0009756097560975618,0.09756097560975618,SHIVM
2023-10-12,522.0,524.0,506.3,508.0,72925.0,37306369.3,-0.00974658869395717,-0.974658869395717,SHIVM
2023-10-16,511.0,511.0,495.0,499.1,53722.0,26827570.6,-0.01751968503937007,-1.751968503937007,SHIVM
2023-10-17,509.0,519.0,503.0,503.0,41320.0,20995276.5,0.007814065317571561,0.7814065317571561,SHIVM
2023-10-18,513.0,518.0,507.0,515.2,44175.0,22736703.6,0.024254473161033907,2.4254473161033907,SHIVM
2023-10-19,515.0,516.9,505.0,507.0,41339.0,21080874.2,-0.01591614906832306,-1.591614906832306,SHIVM
2023-10-29,508.0,515.0,491.0,502.9,33678.0,16758549.4,-0.00808678500986193,-0.808678500986193,SHIVM
2023-10-30,508.5,508.6,495.0,506.0,15389.0,7730476.9,0.006164247365281428,0.6164247365281428,SHIVM
2023-10-31,506.0,509.7,499.0,499.5,26017.0,13028089.9,-0.012845849802371578,-1.2845849802371578,SHIVM
2023-11-01,500.1,505.0,497.4,499.0,17560.0,8769095.5,-0.0010010010010009784,-0.10010010010009784,SHIVM
2023-11-02,499.0,507.0,495.0,496.0,23025.0,11453505.1,-0.006012024048096198,-0.6012024048096198,SHIVM
2023-11-05,495.1,495.5,485.6,492.0,32687.0,16020589.7,-0.008064516129032251,-0.8064516129032251,SHIVM
2023-11-06,500.6,508.9,494.0,497.0,45066.0,22563468.7,0.010162601626016343,1.0162601626016343,SHIVM
2023-11-07,506.0,506.0,496.0,499.0,32304.0,16154315.7,0.004024144869215318,0.4024144869215318,SHIVM
2023-11-08,503.0,509.0,495.9,504.0,46720.0,23579294.3,0.01002004008016022,1.002004008016022,SHIVM
2023-11-09,512.0,512.0,496.0,496.0,32513.0,16214705.6,-0.015873015873015928,-1.5873015873015928,SHIVM
2023-11-20,491.0,506.0,477.0,477.0,64869.0,31597494.9,-0.03830645161290325,-3.8306451612903247,SHIVM
2023-11-21,486.0,486.0,457.1,460.0,79926.0,37058255.2,-0.03563941299790352,-3.563941299790352,SHIVM
2023-11-22,460.0,474.0,456.0,471.0,37691.0,17642923.3,0.023913043478260843,2.3913043478260843,SHIVM
2023-11-23,479.9,486.0,463.0,480.0,43230.0,20686939.1,0.019108280254777066,1.9108280254777066,SHIVM
2023-11-26,470.4,495.0,470.4,492.0,70511.0,34595360.5,0.02499999999999991,2.499999999999991,SHIVM
2023-11-27,492.0,507.8,483.2,488.0,104107.0,51661269.9,-0.008130081300813052,-0.8130081300813052,SHIVM
2023-11-28,497.0,501.5,488.0,493.6,62393.0,30818284.3,0.011475409836065653,1.1475409836065653,SHIVM
2023-11-29,493.0,503.0,485.0,485.0,30299.0,14905223.8,-0.017423014586709917,-1.7423014586709917,SHIVM
2023-11-30,483.0,488.8,478.0,480.0,48107.0,23200038.3,-0.010309278350515427,-1.0309278350515427,SHIVM
2023-12-03,488.0,488.0,472.0,472.0,44135.0,21063905.1,-0.01666666666666672,-1.6666666666666718,SHIVM
2023-12-04,481.4,491.0,464.1,467.8,93162.0,43989706.0,-0.008898305084745761,-0.8898305084745761,SHIVM
2023-12-05,469.0,478.0,456.0,456.0,90717.0,41907168.6,-0.025224454895254378,-2.522445489525438,SHIVM
2023-12-06,446.9,464.8,446.9,454.0,43878.0,20017020.1,-0.004385964912280715,-0.43859649122807154,SHIVM
2023-12-07,463.0,470.9,454.0,462.0,99029.0,45811117.4,0.017621145374449254,1.7621145374449254,SHIVM
2023-12-10,471.2,499.9,471.2,494.0,28542.0,14041798.5,0.06926406926406936,6.926406926406936,SHIVM
2023-12-11,500.0,503.8,484.1,486.0,279089.0,137317261.7,-0.01619433198380571,-1.619433198380571,SHIVM
2023-12-12,487.5,529.8,487.2,529.0,352204.0,180711488.5,0.08847736625514413,8.847736625514413,SHIVM
2023-12-13,530.0,542.9,520.0,522.0,239241.0,126638739.3,-0.013232514177693777,-1.3232514177693777,SHIVM
2023-12-14,522.0,530.0,514.0,526.0,174340.0,91219758.2,0.00766283524904221,0.766283524904221,SHIVM
2023-12-17,526.0,536.0,505.5,528.0,266653.0,140527915.5,0.0038022813688212143,0.3802281368821214,SHIVM
2023-12-18,535.0,550.8,531.0,540.0,310664.0,168396597.3,0.022727272727272707,2.2727272727272707,SHIVM
2023-12-19,549.8,594.0,549.0,594.0,648095.0,374348202.5,0.10000000000000009,10.000000000000009,SHIVM
2023-12-20,605.8,638.0,605.8,613.0,599890.0,373497268.7,0.03198653198653201,3.1986531986532007,SHIVM
2023-12-21,613.0,622.0,589.0,590.0,508650.0,306860802.8,-0.037520391517128826,-3.7520391517128826,SHIVM
2023-12-24,590.0,612.0,569.0,570.0,519276.0,304328066.2,-0.03389830508474578,-3.3898305084745783,SHIVM
2023-12-27,581.4,590.5,555.0,563.0,330446.0,186602229.9,-0.012280701754386003,-1.2280701754386003,SHIVM
2023-12-28,572.9,579.0,562.0,572.0,237782.0,135637872.2,0.015985790408525657,1.5985790408525657,SHIVM
2024-01-01,583.4,592.0,575.0,579.0,345218.0,201373662.5,0.012237762237762295,1.2237762237762295,SHIVM
2024-01-02,579.0,585.0,569.6,575.0,279648.0,161107956.3,-0.006908462867012077,-0.6908462867012077,SHIVM
2024-01-03,580.0,592.0,571.0,591.0,400681.0,233554112.2,0.027826086956521667,2.7826086956521667,SHIVM
2024-01-04,527.6,543.0,527.6,533.1,362153.0,194826688.2,-0.09796954314720807,-9.796954314720807,SHIVM
2024-01-07,543.7,543.7,514.0,514.1,218900.0,114268856.1,-0.03564059275933218,-3.564059275933218,SHIVM
2024-01-08,516.1,528.0,512.1,524.0,156894.0,81931918.3,0.019256953900019358,1.9256953900019358,SHIVM
2024-01-09,530.0,530.0,514.1,516.0,133967.0,69605636.4,-0.01526717557251911,-1.526717557251911,SHIVM
2024-01-10,525.0,532.0,520.0,522.0,221122.0,116227597.3,0.011627906976744207,1.1627906976744207,SHIVM
2024-01-11,524.0,528.5,518.0,518.1,111543.0,58059740.8,-0.007471264367816088,-0.7471264367816088,SHIVM
2024-01-14,522.0,531.9,515.4,525.0,107204.0,55921767.6,0.013317892298783995,1.3317892298783995,SHIVM
2024-01-16,525.0,556.0,523.0,545.0,275548.0,149715230.1,0.03809523809523818,3.809523809523818,SHIVM
2024-01-17,550.0,552.0,528.1,528.8,192339.0,103933197.6,-0.029724770642201914,-2.9724770642201914,SHIVM
2024-01-18,521.0,535.0,520.3,521.0,131790.0,69184119.5,-0.014750378214825943,-1.4750378214825943,SHIVM
2024-01-21,522.0,528.0,512.0,512.0,164810.0,85429532.0,-0.017274472168905985,-1.7274472168905985,SHIVM
2024-01-22,520.0,520.0,501.0,502.0,124761.0,63566429.3,-0.01953125,-1.953125,SHIVM
2024-01-23,503.0,513.0,498.0,503.0,130568.0,65903779.9,0.0019920318725099584,0.19920318725099584,SHIVM
2024-01-24,505.0,515.0,498.9,501.5,84746.0,42745658.9,-0.0029821073558647937,-0.29821073558647937,SHIVM
2024-01-25,502.1,510.0,498.0,502.0,98558.0,49485374.1,0.0009970089730808596,0.09970089730808596,SHIVM
2024-01-28,511.8,511.8,500.0,500.0,108258.0,54364991.9,-0.003984063745019917,-0.3984063745019917,SHIVM
2024-01-29,505.0,511.9,502.0,505.7,139950.0,70826768.5,0.011400000000000077,1.1400000000000077,SHIVM
2024-01-30,515.7,521.7,507.2,517.0,136869.0,70638440.1,0.02234526399050818,2.234526399050818,SHIVM
2024-01-31,520.0,522.0,507.0,508.5,150850.0,77411437.9,-0.01644100580270791,-1.6441005802707909,SHIVM
2024-02-01,513.9,515.0,501.0,507.0,122995.0,62191388.0,-0.002949852507374673,-0.2949852507374673,SHIVM
2024-02-04,508.0,515.0,499.0,504.0,117394.0,59318037.4,-0.00591715976331364,-0.591715976331364,SHIVM
2024-02-05,505.0,511.0,500.0,503.0,92767.0,46772320.7,-0.001984126984126977,-0.1984126984126977,SHIVM
2024-02-06,493.0,510.0,493.0,506.0,78417.0,39513590.5,0.005964214711729587,0.5964214711729587,SHIVM
2024-02-07,506.0,509.5,500.0,504.0,83273.0,41891936.1,-0.0039525691699604515,-0.39525691699604515,SHIVM
2024-02-08,505.0,506.7,500.0,503.1,90970.0,45703090.8,-0.0017857142857142794,-0.17857142857142794,SHIVM
2024-02-11,504.0,510.0,497.0,498.0,117120.0,58718510.1,-0.010137149672033385,-1.0137149672033385,SHIVM
2024-02-12,500.0,507.0,495.0,502.0,87777.0,44009658.8,0.008032128514056325,0.8032128514056325,SHIVM
2024-02-13,503.0,503.0,484.2,485.9,154713.0,75827802.9,-0.03207171314741042,-3.207171314741042,SHIVM
2024-02-14,490.0,496.2,482.0,486.2,85653.0,41853795.9,0.0006174109899157454,0.06174109899157454,SHIVM
2024-02-15,494.0,494.0,478.0,480.0,85335.0,41227766.3,-0.012751953928424542,-1.2751953928424542,SHIVM
2024-02-18,480.0,483.0,467.6,468.0,72060.0,34084717.5,-0.025000000000000022,-2.500000000000002,SHIVM
2024-02-20,471.0,476.9,465.1,465.1,66027.0,31092116.4,-0.006196581196581175,-0.6196581196581175,SHIVM
2024-02-21,470.0,474.3,466.0,468.0,35750.0,16789250.7,0.006235218232638173,0.6235218232638173,SHIVM
2024-02-22,468.0,474.8,465.0,467.1,76949.0,36095414.7,-0.0019230769230769162,-0.19230769230769162,SHIVM
2024-02-25,467.1,471.0,460.0,463.9,64995.0,30297171.4,-0.00685078141725548,-0.685078141725548,SHIVM
2024-02-26,462.0,477.0,459.0,474.8,142967.0,66767528.4,0.023496443198965267,2.3496443198965267,SHIVM
2024-02-27,470.0,492.0,465.4,485.1,172479.0,82982668.3,0.021693344566133144,2.1693344566133144,SHIVM
2024-02-28,488.0,493.0,479.0,483.1,137468.0,66786947.1,-0.004122861265718369,-0.41228612657183694,SHIVM
2024-02-29,483.0,487.6,468.0,468.0,109459.0,52112870.9,-0.031256468640033175,-3.1256468640033175,SHIVM
2024-03-03,462.0,483.0,462.0,472.0,190401.0,90387359.8,0.008547008547008517,0.8547008547008517,SHIVM
2024-03-04,481.4,515.0,481.4,510.0,54630.0,27605324.2,0.0805084745762712,8.05084745762712,SHIVM
2024-03-05,510.0,519.0,490.0,502.0,487882.0,246504961.4,-0.015686274509803977,-1.5686274509803977,SHIVM
2024-03-06,505.0,524.1,492.0,513.2,542413.0,278485185.2,0.02231075697211171,2.231075697211171,SHIVM
2024-03-07,517.4,524.0,515.1,522.0,315968.0,164122862.5,0.017147310989867437,1.7147310989867437,SHIVM
2024-03-10,523.0,539.9,522.0,537.0,430113.0,229325643.1,0.028735632183908066,2.8735632183908066,SHIVM
2024-03-12,541.0,557.0,541.0,554.0,673706.0,371933786.0,0.03165735567970196,3.165735567970196,SHIVM
2024-03-13,565.0,565.0,544.0,548.1,461266.0,255383662.0,-0.010649819494584767,-1.0649819494584767,SHIVM
2024-03-14,543.0,559.4,542.0,554.1,435705.0,240450529.2,0.010946907498631697,1.0946907498631697,SHIVM
2024-03-17,560.0,580.0,556.0,576.0,729197.0,416417680.1,0.039523551705468174,3.9523551705468174,SHIVM
2024-03-18,587.0,587.0,563.1,564.4,356930.0,203020778.3,-0.02013888888888893,-2.013888888888893,SHIVM
2024-03-19,575.0,576.0,549.0,549.0,462166.0,259722367.2,-0.027285613040396894,-2.7285613040396894,SHIVM
2024-03-20,559.9,559.9,538.1,539.0,323025.0,176057732.5,-0.01821493624772308,-1.821493624772308,SHIVM
2024-03-21,549.7,554.0,537.0,544.0,267675.0,145888743.7,0.00927643784786647,0.927643784786647,SHIVM
2024-03-25,554.0,554.0,524.0,527.0,258607.0,137876162.9,-0.03125,-3.125,SHIVM
2024-03-26,537.5,537.5,527.0,530.0,175192.0,93139070.1,0.005692599620493288,0.5692599620493288,SHIVM
2024-03-27,519.9,540.8,519.9,525.0,183813.0,97222320.6,-0.009433962264150941,-0.9433962264150941,SHIVM
2024-03-28,535.5,549.0,523.3,539.0,287257.0,153933649.8,0.026666666666666616,2.6666666666666616,SHIVM
2024-03-31,539.0,549.0,530.1,532.0,214573.0,115517839.9,-0.012987012987012991,-1.2987012987012991,SHIVM
2024-04-01,536.0,540.0,528.0,531.6,205975.0,110023840.5,-0.0007518796992480592,-0.07518796992480592,SHIVM
2024-04-02,540.0,540.1,527.0,527.0,104253.0,55315471.1,-0.00865312264860807,-0.8653122648608069,SHIVM
2024-04-03,526.0,535.0,516.0,517.0,173106.0,90385689.7,-0.018975332068311146,-1.8975332068311146,SHIVM
2024-04-04,520.0,520.0,502.0,506.3,362663.0,183867400.6,-0.020696324951644085,-2.0696324951644085,SHIVM
2024-04-07,516.0,523.7,506.0,520.0,129874.0,67034730.8,0.027059055895714,2.7059055895714,SHIVM
2024-04-09,530.0,530.0,520.0,520.0,158605.0,82939401.4,0.0,0.0,SHIVM
2024-04-10,526.8,526.8,509.4,512.0,110042.0,56664833.9,-0.01538461538461533,-1.538461538461533,SHIVM
2024-04-14,518.0,518.0,508.2,509.3,100278.0,51226538.3,-0.005273437499999978,-0.5273437499999978,SHIVM
2024-04-15,512.0,518.0,511.0,512.2,74439.0,38182705.0,0.005694089927351431,0.5694089927351431,SHIVM
2024-04-16,514.0,514.8,506.2,508.2,87453.0,44743707.1,-0.007809449433815008,-0.7809449433815008,SHIVM
2024-04-18,511.0,511.0,497.0,499.0,108738.0,54524233.0,-0.018103109012199914,-1.8103109012199914,SHIVM
2024-04-21,508.0,516.9,497.1,512.0,111291.0,56473463.6,0.02605210420841675,2.605210420841675,SHIVM
2024-04-22,518.0,519.0,506.5,507.0,71423.0,36559272.2,-0.009765625,-0.9765625,SHIVM
2024-04-24,509.1,516.0,504.1,505.0,58151.0,29575044.7,-0.0039447731755424265,-0.39447731755424265,SHIVM
2024-04-25,507.0,514.5,499.0,499.5,121765.0,61103455.5,-0.0108910891089109,-1.08910891089109,SHIVM
2024-04-28,509.0,519.0,500.0,503.0,80439.0,40518796.9,0.00700700700700696,0.700700700700696,SHIVM
2024-04-29,509.0,509.0,499.7,500.1,112549.0,56339394.0,-0.00576540755467192,-0.576540755467192,SHIVM
2024-04-30,510.1,515.0,500.0,509.3,109913.0,55788578.6,0.018396320735852845,1.8396320735852845,SHIVM
2024-05-02,519.4,519.4,505.0,507.0,110840.0,56431123.0,-0.004516002356175219,-0.45160023561752194,SHIVM
2024-05-05,515.0,515.0,497.0,499.0,85538.0,42922734.8,-0.015779092702169595,-1.5779092702169595,SHIVM
2024-05-06,508.9,508.9,499.0,500.0,86646.0,43388173.8,0.002004008016031955,0.2004008016031955,SHIVM
2024-05-07,508.0,508.0,497.9,500.0,64215.0,32167449.3,0.0,0.0,SHIVM
2024-05-08,490.0,509.7,490.0,496.0,76973.0,38217682.4,-0.008000000000000007,-0.8000000000000007,SHIVM
2024-05-09,504.0,504.0,494.0,496.0,82110.0,40757603.9,0.0,0.0,SHIVM
2024-05-12,494.0,502.1,481.0,499.4,156056.0,77190912.5,0.006854838709677402,0.6854838709677402,SHIVM
2024-05-13,505.0,505.0,492.0,493.8,98505.0,48695622.1,-0.011213456147376788,-1.1213456147376788,SHIVM
2024-05-14,497.0,499.0,492.2,498.0,68713.0,34155135.2,0.008505467800729027,0.8505467800729027,SHIVM
2024-05-15,504.9,515.0,498.0,502.5,141198.0,71617302.6,0.009036144578313143,0.9036144578313143,SHIVM
2024-05-16,507.0,508.8,497.5,497.5,83696.0,41991373.1,-0.00995024875621886,-0.995024875621886,SHIVM
2024-05-19,507.4,518.0,497.0,509.0,151138.0,77106828.3,0.02311557788944718,2.311557788944718,SHIVM
2024-05-20,512.0,517.8,500.0,504.0,169777.0,86172137.4,-0.00982318271119842,-0.9823182711198419,SHIVM
2024-05-21,508.0,509.9,503.3,506.0,128803.0,65211727.9,0.003968253968253954,0.3968253968253954,SHIVM
2024-05-22,495.9,518.9,495.9,510.1,189399.0,96818185.3,0.008102766798419037,0.8102766798419037,SHIVM
2024-05-26,517.0,519.6,506.7,508.2,121265.0,62133130.4,-0.003724759851009618,-0.3724759851009618,SHIVM
2024-05-27,516.0,516.5,506.2,513.8,129562.0,66369421.3,0.011019283746556363,1.1019283746556363,SHIVM
2024-05-29,524.0,524.0,500.0,502.0,163917.0,83065384.2,-0.02296613468275588,-2.296613468275588,SHIVM
2024-05-30,507.0,507.0,498.0,499.0,151077.0,75804304.5,-0.005976095617529875,-0.5976095617529875,SHIVM
2024-06-02,504.9,504.9,496.0,499.5,111698.0,55862065.0,0.0010020040080160886,0.10020040080160886,SHIVM
2024-06-03,500.0,501.0,493.0,494.0,102384.0,50715664.7,-0.011011011011010985,-1.1011011011010985,SHIVM
2024-06-04,501.0,502.0,493.0,494.0,119339.0,59132921.9,0.0,0.0,SHIVM
2024-06-05,495.0,495.0,488.0,491.0,135613.0,66636772.2,-0.006072874493927127,-0.6072874493927127,SHIVM
2024-06-06,499.9,499.9,485.0,491.0,141400.0,69376274.6,0.0,0.0,SHIVM
2024-06-09,500.8,500.8,491.1,493.9,134463.0,66519865.0,0.0059063136456212195,0.590631364562122,SHIVM
2024-06-10,503.7,503.7,486.0,494.0,134289.0,66610200.6,0.0002024701356551084,0.02024701356551084,SHIVM
2024-06-11,503.8,503.8,494.0,497.0,120038.0,59685054.6,0.006072874493927127,0.6072874493927127,SHIVM
2024-06-12,500.0,511.8,500.0,503.3,182195.0,92251755.4,0.012676056338028152,1.2676056338028152,SHIVM
2024-06-13,501.0,507.0,496.0,497.1,106218.0,53080496.4,-0.012318696602424017,-1.2318696602424017,SHIVM
2024-06-16,495.5,502.8,489.0,492.0,119255.0,58847582.5,-0.0102595051297526,-1.02595051297526,SHIVM
2024-06-18,500.0,500.0,489.0,490.0,108169.0,53133924.8,-0.004065040650406471,-0.40650406504064707,SHIVM
2024-06-19,491.5,493.0,488.1,488.3,67903.0,33259745.8,-0.0034693877551019714,-0.34693877551019714,SHIVM
2024-06-20,495.0,495.0,487.0,487.1,69309.0,33856213.6,-0.0024575056317837074,-0.24575056317837074,SHIVM
2024-06-23,495.0,495.0,483.2,486.0,73210.0,35541557.0,-0.0022582631903100836,-0.22582631903100836,SHIVM
2024-06-24,485.0,488.0,480.2,481.0,62495.0,30209675.4,-0.010288065843621408,-1.0288065843621408,SHIVM
2024-06-25,485.0,487.0,476.0,477.0,127754.0,61367992.4,-0.008316008316008316,-0.8316008316008316,SHIVM
2024-06-26,483.0,483.0,473.9,474.5,59173.0,28146232.4,-0.00524109014675056,-0.524109014675056,SHIVM
2024-06-27,478.5,479.0,472.0,473.0,55736.0,26426223.0,-0.0031612223393044925,-0.31612223393044925,SHIVM
2024-06-30,475.0,480.0,470.5,472.6,63636.0,30098516.2,-0.0008456659619450191,-0.08456659619450191,SHIVM
2024-07-01,472.1,476.7,470.8,474.0,47888.0,22663727.3,0.0029623360135420107,0.29623360135420107,SHIVM
2024-07-02,483.4,514.0,480.0,486.0,104083.0,50851102.3,0.025316455696202445,2.5316455696202445,SHIVM
2024-07-03,490.0,491.0,478.0,486.0,65494.0,31670886.1,0.0,0.0,SHIVM
2024-07-04,489.0,497.0,485.0,495.0,92822.0,45471921.4,0.0185185185185186,1.85185185185186,SHIVM
2024-07-07,495.0,505.0,491.0,496.5,93124.0,46468221.9,0.003030303030302939,0.3030303030302939,SHIVM
2024-07-08,493.0,504.0,490.0,491.0,69815.0,34607377.2,-0.011077542799597162,-1.1077542799597162,SHIVM
2024-07-09,498.4,498.4,488.1,491.0,48913.0,24045036.8,0.0,0.0,SHIVM
2024-07-10,492.0,497.9,490.0,491.9,117781.0,57998450.7,0.0018329938900203402,0.18329938900203402,SHIVM
2024-07-11,501.7,501.7,494.1,495.0,141780.0,70423567.9,0.006302093921528806,0.6302093921528806,SHIVM
2024-07-14,504.0,515.0,500.0,508.0,169182.0,85892996.0,0.02626262626262621,2.626262626262621,SHIVM
2024-07-15,518.1,518.1,500.5,502.3,114880.0,58397631.8,-0.011220472440944818,-1.1220472440944818,SHIVM
2024-07-16,505.0,525.2,500.0,523.0,176342.0,90933063.0,0.04121043201274133,4.121043201274133,SHIVM
2024-07-17,528.0,540.0,522.4,535.9,259534.0,138149678.2,0.024665391969407313,2.4665391969407313,SHIVM
2024-07-18,540.0,545.0,526.0,531.0,305292.0,163763800.6,-0.009143496921067307,-0.9143496921067307,SHIVM
2024-07-21,539.0,560.0,525.0,549.0,452961.0,246842181.5,0.03389830508474567,3.3898305084745672,SHIVM
2024-07-22,559.0,574.9,552.0,570.9,614445.0,347897680.5,0.03989071038251368,3.9890710382513683,SHIVM
2024-07-23,577.0,591.5,568.0,588.0,423490.0,246923792.7,0.029952706253284278,2.995270625328428,SHIVM
2024-07-24,599.7,599.7,569.7,574.0,589000.0,342217481.8,-0.023809523809523836,-2.3809523809523836,SHIVM
2024-07-25,574.0,580.0,565.0,567.0,414927.0,237235467.2,-0.012195121951219523,-1.2195121951219523,SHIVM
2024-07-28,578.3,612.0,574.0,590.0,550276.0,322200149.3,0.040564373897707284,4.056437389770728,SHIVM
2024-07-29,600.0,638.0,580.0,616.0,988686.0,611286683.8,0.04406779661016946,4.406779661016946,SHIVM
2024-07-30,628.2,635.0,610.1,630.4,601763.0,376704903.8,0.023376623376623273,2.3376623376623273,SHIVM
2024-07-31,640.0,689.0,640.0,662.0,603659.0,402638670.6,0.05012690355329963,5.012690355329963,SHIVM
2024-08-01,675.2,675.2,640.1,644.0,669805.0,438143737.4,-0.027190332326283984,-2.7190332326283984,SHIVM
2024-08-05,644.0,666.0,629.0,657.0,654233.0,420773402.8,0.020186335403726607,2.0186335403726607,SHIVM
2024-08-06,662.0,668.0,613.0,616.5,649496.0,410367577.8,-0.06164383561643838,-6.164383561643838,SHIVM
2024-08-07,620.0,645.0,600.0,638.0,738959.0,462156212.0,0.0348742903487429,3.48742903487429,SHIVM
2024-08-08,650.7,701.8,632.0,701.8,1795316.0,1209009796.5,0.09999999999999987,9.999999999999986,SHIVM
2024-08-11,701.0,766.9,690.0,733.0,1596710.0,1166495198.7,0.04445711028783128,4.445711028783128,SHIVM
2024-08-12,735.0,742.0,704.0,722.0,1279931.0,922886351.2,-0.01500682128240105,-1.500682128240105,SHIVM
2024-08-13,729.0,735.0,700.1,714.1,622181.0,444288616.1,-0.010941828254847574,-1.0941828254847574,SHIVM
2024-08-14,715.0,763.0,696.3,745.1,1163774.0,842972347.2,0.043411286934603055,4.3411286934603055,SHIVM
2024-08-15,760.0,779.9,725.1,729.0,672564.0,505746286.4,-0.021607837874110913,-2.1607837874110913,SHIVM
2024-08-18,729.0,738.0,705.1,707.0,710147.0,509451997.8,-0.03017832647462282,-3.017832647462282,SHIVM
2024-08-21,707.0,725.0,703.1,705.0,419906.0,299073566.7,-0.0028288543140028155,-0.28288543140028155,SHIVM
2024-08-22,719.0,723.0,701.0,704.0,450232.0,319857852.4,-0.0014184397163120588,-0.14184397163120588,SHIVM
2024-08-25,707.0,711.5,677.1,679.0,466369.0,321807564.9,-0.035511363636363646,-3.5511363636363646,SHIVM
2024-08-27,679.0,689.9,647.0,650.0,496907.0,331113203.3,-0.04270986745213545,-4.270986745213545,SHIVM
2024-08-28,663.0,673.0,635.0,638.0,357475.0,233198918.7,-0.018461538461538418,-1.8461538461538418,SHIVM
2024-08-29,640.0,645.0,619.0,631.0,360294.0,227897445.0,-0.010971786833855801,-1.0971786833855801,SHIVM
2024-09-01,631.0,645.4,620.0,621.0,203609.0,127620320.8,-0.015847860538827252,-1.5847860538827252,SHIVM
2024-09-02,621.0,651.0,615.0,650.0,321226.0,205540987.6,0.04669887278582929,4.669887278582929,SHIVM
2024-09-03,660.0,667.0,643.0,645.0,256803.0,167696652.6,-0.007692307692307665,-0.7692307692307665,SHIVM
2024-09-04,657.9,657.9,616.0,619.9,270687.0,169990560.6,-0.03891472868217061,-3.8914728682170607,SHIVM
2024-09-05,620.0,624.0,608.1,612.5,240272.0,147654629.0,-0.011937409259557996,-1.1937409259557996,SHIVM
2024-09-08,624.7,626.0,607.0,608.0,146171.0,90067942.8,-0.007346938775510181,-0.7346938775510181,SHIVM
2024-09-09,610.1,610.1,593.0,594.0,257322.0,154357127.1,-0.023026315789473673,-2.3026315789473673,SHIVM
2024-09-10,604.0,612.0,586.6,588.0,190396.0,113741407.2,-0.010101010101010055,-1.0101010101010055,SHIVM
2024-09-11,589.0,600.0,578.3,582.2,165215.0,97135158.2,-0.009863945578231226,-0.9863945578231226,SHIVM
2024-09-12,592.0,596.7,575.0,595.0,222689.0,130949559.0,0.02198557196839568,2.198557196839568,SHIVM
2024-09-15,602.0,614.9,580.1,583.0,224869.0,134851895.3,-0.020168067226890796,-2.0168067226890796,SHIVM
2024-09-16,593.9,593.9,565.0,570.0,155017.0,88756880.8,-0.022298456260720356,-2.2298456260720356,SHIVM
2024-09-18,571.0,580.0,560.1,562.0,146157.0,82712847.5,-0.01403508771929829,-1.403508771929829,SHIVM
2024-09-22,573.2,594.9,559.0,562.0,98918.0,56169082.5,0.0,0.0,SHIVM
2024-09-23,573.2,573.2,540.6,541.0,134855.0,74339989.7,-0.03736654804270467,-3.7366548042704673,SHIVM
2024-09-24,538.0,549.0,530.2,530.3,131491.0,70665235.8,-0.019778188539741337,-1.9778188539741337,SHIVM
2024-09-25,530.0,549.7,526.1,543.0,101725.0,54867030.7,0.023948708278333175,2.3948708278333175,SHIVM
2024-09-26,534.0,554.0,534.0,536.5,95896.0,52215774.8,-0.011970534069981609,-1.1970534069981609,SHIVM
2024-09-29,536.6,567.9,530.0,555.1,155483.0,85860689.5,0.034669151910531326,3.4669151910531326,SHIVM
2024-09-30,566.2,599.0,559.0,599.0,263590.0,153374832.9,0.07908484957665274,7.908484957665274,SHIVM
2024-10-01,610.9,617.0,599.0,612.1,252875.0,153806386.7,0.021869782971619456,2.1869782971619456,SHIVM
2024-10-02,615.0,615.0,586.1,588.0,230078.0,137558793.4,-0.039372651527528224,-3.9372651527528224,SHIVM
2024-10-06,589.0,610.0,588.1,609.5,184507.0,111195777.9,0.03656462585034004,3.656462585034004,SHIVM
2024-10-07,618.0,622.3,599.0,603.0,190272.0,115761251.2,-0.010664479081214151,-1.066447908121415,SHIVM
2024-10-08,614.9,614.9,590.1,593.5,74546.0,44504350.7,-0.015754560530679917,-1.5754560530679917,SHIVM
2024-10-09,605.3,605.3,587.0,599.0,79601.0,47376444.8,0.009267059814658696,0.9267059814658696,SHIVM
2024-10-15,605.0,605.0,597.5,603.1,37172.0,22408702.8,0.006844741235392249,0.6844741235392249,SHIVM
2024-10-16,607.0,631.0,603.0,626.0,157190.0,97678277.9,0.03797048582324658,3.797048582324658,SHIVM
2024-10-17,626.0,660.0,624.0,631.0,248478.0,159314081.7,0.007987220447284393,0.7987220447284393,SHIVM
2024-10-20,620.0,630.0,606.2,610.0,213164.0,131484994.0,-0.033280507131537296,-3.3280507131537296,SHIVM
2024-10-21,610.0,613.0,590.0,592.0,180549.0,107949964.0,-0.02950819672131144,-2.950819672131144,SHIVM
2024-10-22,592.1,609.0,592.1,607.0,111939.0,67311691.8,0.02533783783783794,2.533783783783794,SHIVM
2024-10-23,619.1,619.1,598.0,599.0,122342.0,74148362.7,-0.01317957166392092,-1.317957166392092,SHIVM
2024-10-24,595.0,605.0,594.0,594.0,87081.0,52061244.8,-0.008347245409014992,-0.8347245409014992,SHIVM
2024-10-27,593.0,603.0,587.0,589.0,62135.0,36693674.2,-0.008417508417508435,-0.8417508417508435,SHIVM
2024-10-28,589.0,602.0,589.0,597.0,58229.0,34733716.7,0.013582342954159499,1.3582342954159499,SHIVM
2024-10-29,601.0,609.0,601.0,606.0,72239.0,43771847.4,0.015075376884422065,1.5075376884422065,SHIVM
2024-10-30,606.0,615.0,601.1,604.9,62229.0,37722630.6,-0.0018151815181518538,-0.18151815181518538,SHIVM
2024-11-05,609.0,612.0,600.0,600.1,30118.0,18196082.3,-0.007935195900148684,-0.7935195900148684,SHIVM
2024-11-06,605.0,606.0,595.0,597.7,44572.0,26635814.2,-0.003999333444425934,-0.39993334444259343,SHIVM
2024-11-10,608.9,615.0,599.1,613.6,111015.0,67627876.4,0.026601974234565784,2.6601974234565784,SHIVM
2024-11-11,622.0,628.0,613.6,619.0,167714.0,104338027.7,0.008800521512385862,0.8800521512385862,SHIVM
2024-11-12,623.0,635.4,615.0,621.0,140154.0,87889975.1,0.003231017770597644,0.3231017770597644,SHIVM
2024-11-13,621.0,627.8,618.0,622.1,115637.0,71909393.0,0.0017713365539453463,0.17713365539453463,SHIVM
2024-11-14,634.5,634.5,610.2,611.7,112682.0,69592748.5,-0.01671756952258474,-1.671756952258474,SHIVM
2024-11-17,619.0,619.0,600.5,603.0,126086.0,76723440.8,-0.014222658165767621,-1.422265816576762,SHIVM
2024-11-19,615.0,615.0,590.0,591.0,113313.0,67466108.7,-0.01990049751243783,-1.9900497512437831,SHIVM
2024-11-20,592.0,595.0,582.5,593.0,78333.0,46295237.0,0.0033840947546530664,0.33840947546530664,SHIVM
2024-11-21,593.0,601.0,585.0,585.2,109860.0,64693398.4,-0.013153456998313606,-1.3153456998313606,SHIVM
2024-11-24,588.0,592.0,577.5,580.0,83869.0,49026689.9,-0.008885850991114275,-0.8885850991114275,SHIVM
2024-11-25,588.0,588.0,577.2,578.0,77252.0,44801696.2,-0.0034482758620689724,-0.34482758620689724,SHIVM
2024-11-26,580.0,598.0,577.0,588.0,101230.0,58967847.4,0.01730103806228378,1.730103806228378,SHIVM
2024-11-27,590.0,599.0,589.0,596.2,86379.0,51353312.46,0.0139455782312925,1.39455782312925,SHIVM
2024-11-28,599.9,599.9,585.0,585.4,96122.0,56650233.9,-0.01811472660181157,-1.811472660181157,SHIVM
2024-12-01,586.0,586.0,575.0,581.5,101088.0,58659175.4,-0.006662111376836366,-0.6662111376836366,SHIVM
2024-12-02,591.0,591.0,574.0,580.0,179458.0,103968987.3,-0.002579535683576939,-0.2579535683576939,SHIVM
2024-12-03,591.0,591.0,577.0,578.4,78925.0,45797868.3,-0.0027586206896552667,-0.2758620689655267,SHIVM
2024-12-04,589.0,589.0,573.0,573.0,113601.0,65549293.9,-0.009336099585062207,-0.9336099585062207,SHIVM
2024-12-05,573.2,580.0,565.0,569.0,92347.0,52600324.2,-0.006980802792321161,-0.6980802792321161,SHIVM
2024-12-08,566.0,573.0,555.0,558.0,108816.0,61129146.6,-0.019332161687170446,-1.9332161687170446,SHIVM
2024-12-09,558.0,568.0,558.0,561.0,62578.0,35159370.1,0.005376344086021501,0.5376344086021501,SHIVM
2024-12-10,563.0,565.0,557.3,562.0,69586.0,39019121.2,0.0017825311942958333,0.17825311942958333,SHIVM
2024-12-11,552.0,570.0,552.0,569.9,68288.0,38385158.8,0.01405693950177933,1.405693950177933,SHIVM
2024-12-12,574.9,591.0,570.0,573.0,179136.0,104044019.0,0.005439550798385762,0.5439550798385762,SHIVM
2024-12-16,574.0,584.0,568.0,569.0,86026.0,49156981.3,-0.006980802792321161,-0.6980802792321161,SHIVM
2024-12-17,570.0,573.0,560.0,561.0,68266.0,38558557.7,-0.01405975395430581,-1.405975395430581,SHIVM
2024-12-18,569.9,570.0,555.1,556.0,51533.0,28866711.2,-0.0089126559714795,-0.89126559714795,SHIVM
2024-12-19,554.0,563.5,552.0,554.0,76445.0,42594983.0,-0.003597122302158251,-0.3597122302158251,SHIVM
2024-12-22,543.0,569.0,543.0,566.0,69518.0,38987003.4,0.02166064981949467,2.166064981949467,SHIVM
2024-12-23,566.0,574.0,561.0,573.0,46967.0,26781245.8,0.012367491166077826,1.2367491166077826,SHIVM
2024-12-24,577.0,581.0,571.0,573.0,62772.0,36082083.6,0.0,0.0,SHIVM
2024-12-26,580.0,580.0,565.7,567.0,59931.0,34129307.7,-0.010471204188481686,-1.0471204188481686,SHIVM
2024-12-29,570.0,570.0,554.0,555.0,79418.0,44562406.9,-0.021164021164021163,-2.1164021164021163,SHIVM
2024-12-31,560.0,564.0,550.0,556.0,121784.0,67577775.7,0.0018018018018017834,0.18018018018017834,SHIVM
2025-01-01,515.1,519.9,508.0,510.0,53280.0,27273810.2,-0.08273381294964033,-8.273381294964032,SHIVM
2025-01-02,520.0,520.0,505.0,506.5,36519.0,18595359.2,-0.006862745098039191,-0.6862745098039191,SHIVM
2025-01-05,514.0,514.0,506.2,511.1,47423.0,24199989.1,0.00908193484698927,0.908193484698927,SHIVM
2025-01-06,519.8,540.0,511.0,532.1,77845.0,40932077.7,0.04108784973586377,4.108784973586377,SHIVM
2025-01-07,539.0,543.0,530.0,535.0,71856.0,38639664.4,0.005450103364029291,0.5450103364029291,SHIVM
2025-01-08,545.7,545.7,533.0,536.0,41113.0,22088354.3,0.0018691588785046953,0.18691588785046953,SHIVM
2025-01-09,543.0,543.0,528.0,529.0,39768.0,21146966.0,-0.013059701492537323,-1.3059701492537323,SHIVM
2025-01-12,531.1,533.0,525.0,526.0,53556.0,28246872.7,-0.005671077504725952,-0.5671077504725952,SHIVM
2025-01-13,526.0,530.0,518.0,523.0,62880.0,32795000.4,-0.005703422053231932,-0.5703422053231932,SHIVM
2025-01-15,520.1,529.0,518.0,520.0,50897.0,26488858.1,-0.005736137667303964,-0.5736137667303964,SHIVM
2025-01-16,527.0,527.0,515.0,517.0,44143.0,22884379.4,-0.005769230769230749,-0.5769230769230749,SHIVM
2025-01-19,515.0,528.3,515.0,528.3,44929.0,23455298.1,0.021856866537717456,2.1856866537717456,SHIVM
2025-01-20,526.0,547.0,525.1,542.2,124834.0,67199344.9,0.026310808252886897,2.6310808252886897,SHIVM
2025-01-21,544.0,567.0,544.0,556.4,162518.0,90987533.4,0.02618959793434139,2.618959793434139,SHIVM
2025-01-22,567.5,567.5,555.0,555.3,107951.0,60410313.0,-0.001976994967649248,-0.19769949676492482,SHIVM
2025-01-23,556.1,560.0,550.0,550.1,106368.0,58900789.5,-0.009364307581487319,-0.9364307581487319,SHIVM
2025-01-26,555.0,557.0,547.0,550.1,113127.0,62430186.5,0.0,0.0,SHIVM
2025-01-27,546.0,560.0,546.0,548.8,77608.0,42951000.5,-0.0023632066896929205,-0.23632066896929205,SHIVM
2025-01-28,555.0,566.1,546.0,546.5,78270.0,43241974.8,-0.004190962099125284,-0.4190962099125284,SHIVM
2025-02-02,548.0,568.0,548.0,567.0,137799.0,77518231.7,0.03751143641354071,3.751143641354071,SHIVM
2025-02-03,575.0,578.0,562.1,562.2,97959.0,55682405.9,-0.008465608465608399,-0.8465608465608399,SHIVM
2025-02-04,563.0,566.0,553.0,556.0,81370.0,45506237.7,-0.011028103877623652,-1.1028103877623652,SHIVM
2025-02-05,550.0,562.0,548.0,550.0,75612.0,41989886.7,-0.010791366906474864,-1.0791366906474864,SHIVM
2025-02-06,555.0,555.0,547.0,548.2,84449.0,46420634.9,-0.003272727272727205,-0.3272727272727205,SHIVM
2025-02-09,559.0,569.0,541.3,541.6,42455.0,23162607.0,-0.012039401678219708,-1.2039401678219708,SHIVM
2025-02-10,540.0,540.0,523.8,529.0,153458.0,81252805.4,-0.023264401772525867,-2.3264401772525867,SHIVM
2025-02-11,539.4,539.4,525.3,526.0,61699.0,32615245.6,-0.005671077504725952,-0.5671077504725952,SHIVM
2025-02-12,527.0,530.0,522.0,525.0,53220.0,27951165.4,-0.0019011406844106071,-0.1901140684410607,SHIVM
2025-02-13,524.0,530.0,520.0,521.0,72119.0,37668854.4,-0.007619047619047636,-0.7619047619047636,SHIVM
2025-02-16,528.0,529.0,522.0,525.0,106044.0,55686580.7,0.007677543186180413,0.7677543186180413,SHIVM
2025-02-17,530.0,534.1,528.0,534.1,84922.0,45151142.3,0.017333333333333423,1.7333333333333423,SHIVM
2025-02-18,544.7,544.7,535.0,535.3,88804.0,47676972.0,0.002246770267740006,0.2246770267740006,SHIVM
2025-02-20,536.9,537.0,527.0,527.8,63008.0,33395333.6,-0.014010835045768721,-1.4010835045768721,SHIVM
2025-02-23,520.0,548.0,515.1,541.1,165317.0,88534364.2,0.02519893899204262,2.519893899204262,SHIVM
2025-02-24,543.0,548.4,532.0,536.0,95107.0,51373616.2,-0.009425244871557936,-0.9425244871557936,SHIVM
2025-02-25,540.0,553.0,532.0,540.2,156911.0,85648316.3,0.007835820895522483,0.7835820895522483,SHIVM
2025-02-27,550.0,553.0,540.0,553.0,134050.0,73026160.8,0.023694927804516652,2.3694927804516652,SHIVM
2025-03-02,564.0,600.0,558.0,597.0,368529.0,214651860.4,0.07956600361663657,7.956600361663657,SHIVM
2025-03-03,608.9,608.9,581.0,581.0,246088.0,145837304.8,-0.02680067001675046,-2.680067001675046,SHIVM
2025-03-04,592.0,592.0,565.1,565.1,196781.0,113426380.2,-0.02736660929432011,-2.736660929432011,SHIVM
2025-03-05,566.0,572.0,557.0,561.0,163798.0,92097817.78,-0.007255353034861134,-0.7255353034861134,SHIVM
2025-03-06,565.0,569.5,558.3,561.0,104254.0,58731615.2,0.0,0.0,SHIVM
2025-03-09,562.0,565.0,547.0,550.0,120026.0,66490088.9,-0.019607843137254943,-1.9607843137254943,SHIVM
2025-03-10,550.0,558.9,540.2,543.9,92986.0,50898718.2,-0.011090909090909151,-1.1090909090909151,SHIVM
2025-03-11,553.8,553.8,534.0,536.0,78658.0,42468474.5,-0.014524728810443088,-1.4524728810443088,SHIVM
2025-03-12,536.0,546.0,536.0,543.0,61448.0,33320524.5,0.013059701492537323,1.3059701492537323,SHIVM
2025-03-16,532.2,549.0,532.2,537.0,60616.0,32714941.1,-0.011049723756906049,-1.104972375690605,SHIVM
2025-03-17,538.0,545.9,537.5,538.4,49903.0,26984234.9,0.0026070763500931626,0.26070763500931626,SHIVM
2025-03-18,549.1,549.1,500.0,539.0,47189.0,25339436.2,0.0011144130757800852,0.11144130757800852,SHIVM
2025-03-19,547.0,547.0,536.2,536.2,59120.0,31847427.1,-0.0051948051948050855,-0.5194805194805086,SHIVM
2025-03-20,536.2,538.9,533.1,533.56,61744.0,33050329.3,-0.00492353599403228,-0.492353599403228,SHIVM
2025-03-23,531.2,535.0,521.1,522.55,68903.0,36345834.4,-0.020634980133443226,-2.0634980133443226,SHIVM
2025-03-24,529.0,532.0,513.0,529.71,61979.0,32600115.7,0.013702038082480383,1.3702038082480383,SHIVM
2025-03-25,529.5,532.0,518.0,518.49,94251.0,49216809.2,-0.021181401144022227,-2.1181401144022227,SHIVM
2025-03-26,518.5,528.9,513.0,526.2,58431.0,30542054.1,0.014870103569982085,1.4870103569982085,SHIVM
2025-03-27,536.7,540.0,521.6,537.38,90732.0,48301563.5,0.02124667426833904,2.124667426833904,SHIVM
2025-03-30,538.0,549.0,535.0,540.81,99371.0,54070120.9,0.006382820350589791,0.6382820350589791,SHIVM
2025-04-01,535.0,543.0,530.0,533.79,56240.0,30025894.3,-0.012980529206190639,-1.2980529206190639,SHIVM
2025-04-02,530.0,538.0,528.4,536.03,43545.0,23262868.3,0.004196406826654675,0.4196406826654675,SHIVM
2025-04-03,546.7,546.7,536.0,538.22,75288.0,40718620.3,0.004085592224315926,0.4085592224315926,SHIVM
2025-04-07,536.0,536.2,525.0,526.25,60378.0,31982029.9,-0.022239976217903523,-2.2239976217903523,SHIVM
2025-04-08,528.0,529.0,520.1,523.28,67283.0,35215003.3,-0.005643705463182935,-0.5643705463182935,SHIVM
2025-04-09,533.0,535.8,530.0,532.74,81952.0,43615463.8,0.01807827549304397,1.8078275493043972,SHIVM
2025-04-10,541.0,541.0,530.0,532.24,62696.0,33444731.4,-0.0009385441303449982,-0.09385441303449982,SHIVM
2025-04-13,528.6,537.9,520.0,521.21,187062.0,97750328.1,-0.020723733653990606,-2.0723733653990606,SHIVM
2025-04-15,527.0,536.0,523.0,532.95,81129.0,42989645.3,0.022524510274169796,2.2524510274169796,SHIVM
2025-04-16,537.0,537.0,529.8,530.66,73254.0,38977975.3,-0.0042968383525660014,-0.42968383525660014,SHIVM
2025-04-17,532.0,545.1,532.0,537.1,100719.0,54315849.9,0.012135830852146423,1.2135830852146423,SHIVM
2025-04-20,537.0,540.0,530.1,531.7,68219.0,36401496.4,-0.010053993669707606,-1.0053993669707606,SHIVM
2025-04-21,532.5,545.0,526.0,540.64,106708.0,57487115.3,0.01681399285311258,1.681399285311258,SHIVM
2025-04-22,549.8,563.0,540.3,550.82,223028.0,123707326.5,0.01882953536549281,1.882953536549281,SHIVM
2025-04-23,540.0,558.5,540.0,548.1,160794.0,88296794.9,-0.004938092298754637,-0.4938092298754637,SHIVM
2025-04-24,548.1,556.0,540.0,541.56,104596.0,57189406.5,-0.01193212917350861,-1.193212917350861,SHIVM
2025-04-27,542.0,552.0,535.1,536.08,111872.0,60519635.6,-0.010118915724942612,-1.0118915724942612,SHIVM
2025-04-28,539.9,545.0,536.0,537.63,84572.0,45637107.4,0.0028913594985822133,0.28913594985822133,SHIVM
2025-04-29,538.0,544.9,531.1,531.85,99945.0,53428504.3,-0.010750888157282867,-1.0750888157282867,SHIVM
2025-04-30,540.5,540.5,527.0,527.38,131826.0,69825822.0,-0.008404625364294538,-0.8404625364294538,SHIVM
2025-05-04,537.0,537.0,525.0,525.51,89541.0,47233216.3,-0.0035458303310705874,-0.35458303310705874,SHIVM
2025-05-05,526.0,527.0,520.0,522.15,75049.0,39248039.3,-0.006393788890791785,-0.6393788890791785,SHIVM
2025-05-06,530.0,530.0,522.2,524.34,86466.0,45425713.1,0.004194197069807615,0.4194197069807615,SHIVM
2025-05-07,534.8,536.0,521.3,532.35,143462.0,75791160.1,0.015276347408170299,1.5276347408170299,SHIVM
2025-05-08,534.0,548.0,528.1,541.46,167315.0,90352744.2,0.0171128017281863,1.71128017281863,SHIVM
2025-05-11,538.0,546.0,528.5,530.12,165976.0,88935523.2,-0.020943375318583146,-2.0943375318583146,SHIVM
2025-05-13,540.7,549.0,531.1,532.94,262702.0,141710983.1,0.005319550290500352,0.5319550290500352,SHIVM
2025-05-14,543.5,543.5,525.2,526.65,91220.0,48409573.0,-0.011802454310053778,-1.1802454310053778,SHIVM
2025-05-15,533.0,533.0,524.0,524.75,120169.0,63227129.0,-0.003607709104718415,-0.3607709104718415,SHIVM
2025-05-18,535.0,535.0,520.1,521.05,234155.0,122385964.6,-0.007050976655550323,-0.7050976655550323,SHIVM
2025-05-19,523.2,528.0,518.0,519.7,220479.0,114965577.4,-0.002590922176374466,-0.2590922176374466,SHIVM
2025-05-20,527.0,541.0,519.2,538.66,174976.0,93373123.4,0.03648258610736943,3.648258610736943,SHIVM
2025-05-21,549.4,560.3,530.1,530.93,160230.0,86392802.1,-0.014350425129023958,-1.4350425129023958,SHIVM
2025-05-22,540.4,540.4,528.1,529.65,104051.0,55368936.6,-0.0024108639557003375,-0.24108639557003375,SHIVM
2025-05-25,536.0,536.0,523.5,525.33,160538.0,84731686.8,-0.00815632965165658,-0.815632965165658,SHIVM
2025-05-26,535.8,545.0,520.0,524.3,215547.0,113193110.0,-0.001960672339291647,-0.1960672339291647,SHIVM
2025-05-27,524.0,525.0,519.0,522.14,133910.0,69861964.7,-0.004119778752622483,-0.41197787526224827,SHIVM
2025-05-28,525.0,530.0,520.0,522.92,108308.0,56548051.8,0.0014938522235414808,0.14938522235414808,SHIVM
2025-06-02,533.3,533.3,520.1,522.26,142260.0,74618787.8,-0.0012621433488869682,-0.12621433488869682,SHIVM
2025-06-03,532.0,532.0,518.0,520.44,145758.0,75893822.3,-0.0034848542871365185,-0.34848542871365185,SHIVM
2025-06-04,524.9,524.9,517.1,518.1,105554.0,54865546.0,-0.004496195526861979,-0.4496195526861979,SHIVM
2025-06-05,518.0,523.5,515.0,518.43,76153.0,39455088.3,0.0006369426751591245,0.06369426751591245,SHIVM
2025-06-08,520.0,520.0,514.0,515.37,144101.0,74397128.8,-0.005902436201608574,-0.5902436201608574,SHIVM
2025-06-09,515.0,523.8,513.4,517.21,106266.0,54909536.0,0.0035702504996411033,0.35702504996411033,SHIVM
2025-06-10,527.5,527.5,517.6,518.81,116535.0,60518107.2,0.003093521006940936,0.3093521006940936,SHIVM
2025-06-11,516.2,526.0,515.0,515.78,153113.0,79229226.6,-0.005840288352190526,-0.5840288352190526,SHIVM
2025-06-12,516.1,519.0,511.0,515.07,185975.0,95775398.6,-0.0013765558959244473,-0.13765558959244473,SHIVM
2025-06-15,520.0,530.0,512.4,523.59,426857.0,222226124.1,0.016541440969188637,1.6541440969188637,SHIVM
2025-06-16,513.4,534.9,513.4,518.07,281710.0,148241278.6,-0.010542600126052792,-1.0542600126052792,SHIVM
2025-06-17,523.8,525.0,514.0,515.15,188522.0,97362526.1,-0.005636303974366541,-0.5636303974366541,SHIVM
2025-06-18,519.0,520.0,510.0,515.28,272255.0,140236769.2,0.00025235368339315833,0.025235368339315833,SHIVM
2025-06-19,506.0,523.2,506.0,512.74,200176.0,102895064.5,-0.004929358795218053,-0.4929358795218053,SHIVM
2025-06-22,522.9,522.9,505.1,506.27,120405.0,61370066.3,-0.012618481101532963,-1.2618481101532963,SHIVM
2025-06-23,511.4,511.4,502.7,505.01,150450.0,75986915.0,-0.002488790566298582,-0.2488790566298582,SHIVM
2025-06-24,514.0,514.0,503.5,504.01,124093.0,62736008.4,-0.0019801588087364763,-0.19801588087364763,SHIVM
2025-06-25,505.0,508.0,503.0,503.67,84699.0,42725767.6,-0.000674589789885105,-0.0674589789885105,SHIVM
2025-06-26,510.8,510.8,500.1,501.05,141177.0,70897689.6,-0.00520181865110092,-0.520181865110092,SHIVM
2025-06-29,495.0,504.9,495.0,501.38,102693.0,51491592.2,0.0006586169045004198,0.06586169045004198,SHIVM
2025-06-30,500.0,509.4,500.0,503.74,79340.0,40083889.1,0.0047070086561091795,0.47070086561091795,SHIVM
2025-07-01,508.0,509.9,502.6,508.05,59461.0,30116231.2,0.00855600111168453,0.855600111168453,SHIVM
2025-07-02,510.0,515.0,508.0,512.91,116120.0,59377419.7,0.009565987599645664,0.9565987599645664,SHIVM
2025-07-03,514.0,520.3,511.0,518.72,178295.0,92091796.4,0.011327523347176127,1.1327523347176127,SHIVM
2025-07-06,523.0,523.9,514.0,514.97,117576.0,60765015.7,-0.007229333744602107,-0.7229333744602107,SHIVM
2025-07-07,525.2,525.2,510.0,510.55,131407.0,67468845.1,-0.008583024253840055,-0.8583024253840055,SHIVM
2025-07-08,510.0,514.5,507.2,508.9,86109.0,43845156.8,-0.0032318088336108497,-0.32318088336108497,SHIVM
2025-07-09,509.6,517.0,509.5,515.79,106045.0,54420289.1,0.013539005698565587,1.3539005698565587,SHIVM
2025-07-10,513.1,527.0,513.1,523.76,225580.0,117405562.2,0.015452025048954043,1.5452025048954043,SHIVM
2025-07-13,534.2,534.2,522.1,523.83,184820.0,97206622.8,0.0001336489995418244,0.013364899954182441,SHIVM
2025-07-14,524.0,527.1,518.5,519.27,113296.0,59284229.6,-0.008705114254624724,-0.8705114254624724,SHIVM
2025-07-15,529.6,529.6,516.0,523.76,100605.0,52596647.3,0.008646754097097809,0.8646754097097809,SHIVM
2025-07-16,525.0,545.0,525.0,535.04,245961.0,131890387.5,0.02153658164044603,2.153658164044603,SHIVM
2025-07-17,542.0,570.0,542.0,567.29,568742.0,318816724.9,0.06027586722488043,6.027586722488043,SHIVM
2025-07-20,575.0,579.8,555.0,558.86,472374.0,268744286.6,-0.014860124451338774,-1.4860124451338774,SHIVM
2025-07-21,570.0,576.3,553.0,569.14,433014.0,243864088.9,0.018394588984718796,1.8394588984718796,SHIVM
2025-07-22,575.0,626.0,570.1,626.0,1128704.0,688318902.3,0.09990512000562246,9.990512000562246,SHIVM
2025-07-23,638.5,660.0,631.1,645.65,1167236.0,752959391.3,0.03138977635782747,3.138977635782747,SHIVM
2025-07-24,652.0,658.0,634.0,641.48,603568.0,386499220.4,-0.006458607604739375,-0.6458607604739375,SHIVM
2025-07-27,628.7,690.0,628.7,668.01,1528991.0,1020335924.0,0.04135748581405485,4.135748581405485,SHIVM
2025-07-28,670.0,690.0,657.0,688.64,1375211.0,925782760.1,0.030882771215999805,3.0882771215999805,SHIVM
2025-07-29,674.9,709.0,674.9,686.4,716074.0,495120501.0,-0.0032527881040892437,-0.32527881040892437,SHIVM
2025-07-30,690.0,695.0,660.0,663.48,850492.0,573374434.4,-0.033391608391608374,-3.3391608391608374,SHIVM
2025-07-31,676.7,676.7,656.0,661.26,1008251.0,671123215.3,-0.003345993850605966,-0.3345993850605966,SHIVM
2025-08-03,661.0,665.0,640.0,643.05,848115.0,550200736.2,-0.027538335904182976,-2.7538335904182976,SHIVM
2025-08-04,655.9,655.9,620.0,639.91,686268.0,436488058.5,-0.004882979550579258,-0.48829795505792584,SHIVM
2025-08-05,635.0,652.59,621.0,623.98,527278.0,332886329.0,-0.02489412573643157,-2.489412573643157,SHIVM
2025-08-06,636.4,636.4,618.0,629.3,385091.0,241991866.3,0.00852591429212457,0.852591429212457,SHIVM
2025-08-07,618.0,655.0,618.0,643.52,572355.0,369383617.1,0.02259653583346588,2.259653583346588,SHIVM
2025-08-11,631.0,663.0,631.0,641.34,830323.0,538860957.7,-0.0033876181004474093,-0.33876181004474093,SHIVM
2025-08-12,640.0,648.7,629.0,632.79,316321.0,200643873.4,-0.013331462250912307,-1.3331462250912307,SHIVM
2025-08-13,645.4,646.0,630.1,632.27,376940.0,240045319.6,-0.0008217576131102078,-0.08217576131102078,SHIVM
2025-08-14,630.0,642.0,630.0,632.66,338220.0,214978391.0,0.0006168250905467243,0.06168250905467243,SHIVM
2025-08-17,638.0,642.0,617.3,619.93,353705.0,221444772.7,-0.02012139221698861,-2.012139221698861,SHIVM
2025-08-18,632.3,632.3,615.0,624.52,227686.0,141460905.8,0.007404061748907287,0.7404061748907287,SHIVM
2025-08-19,626.0,634.8,622.1,626.13,190144.0,119391078.6,0.0025779798885543492,0.2577979888554349,SHIVM
2025-08-20,630.9,630.9,620.1,621.28,147607.0,91942530.6,-0.007745995240605041,-0.7745995240605041,SHIVM
2025-08-21,626.9,626.9,619.0,623.01,189626.0,117936317.7,0.002784573783157329,0.2784573783157329,SHIVM
2025-08-24,626.0,629.0,615.0,616.57,194309.0,120616558.2,-0.010336912730132597,-1.0336912730132597,SHIVM
2025-08-25,618.0,619.0,607.0,614.35,164589.0,100969327.7,-0.003600564412799878,-0.3600564412799878,SHIVM
2025-08-26,610.0,625.0,608.1,609.03,78006.0,47739446.5,-0.008659558883372775,-0.8659558883372775,SHIVM
2025-08-27,621.2,636.9,605.1,634.8,255924.0,160346988.6,0.0423131865425348,4.23131865425348,SHIVM
2025-08-28,635.0,645.0,625.0,625.14,356079.0,224232198.4,-0.015217391304347738,-1.5217391304347738,SHIVM
2025-08-31,637.6,637.6,610.1,611.41,192135.0,118455599.2,-0.021963080270019586,-2.1963080270019586,SHIVM
2025-09-01,623.6,623.6,605.0,614.06,237133.0,145064449.6,0.0043342437971245484,0.43342437971245484,SHIVM
2025-09-02,626.3,626.3,605.1,606.49,139519.0,84969020.4,-0.012327785558414406,-1.2327785558414406,SHIVM
2025-09-03,605.0,613.0,594.0,598.68,210267.0,126670588.9,-0.012877376378835681,-1.287737637883568,SHIVM
2025-09-04,603.0,603.0,585.2,592.48,156908.0,92743623.6,-0.010356116790271819,-1.0356116790271819,SHIVM
2025-09-07,604.3,604.8,590.0,593.44,132999.0,79514383.9,0.0016203078584930974,0.16203078584930974,SHIVM
2025-09-08,599.0,599.0,576.0,579.08,205207.0,119554855.8,-0.02419789700727959,-2.419789700727959,SHIVM
2025-09-18,567.5,567.5,524.0,532.0,70798.0,37451718.2,-0.08130137459418396,-8.130137459418396,SHIVM
2025-09-21,532.0,585.2,532.0,585.2,474462.0,270114091.8,0.10000000000000009,10.000000000000009,SHIVM
2025-09-23,596.9,612.0,591.0,606.9,275332.0,166429895.7,0.037081339712918604,3.7081339712918604,SHIVM
2025-09-24,606.9,606.9,591.0,596.8,184238.0,110313552.5,-0.016641950898006352,-1.6641950898006352,SHIVM
2025-09-25,594.0,599.4,589.0,594.0,106855.0,63422168.2,-0.004691689008042843,-0.4691689008042843,SHIVM
2025-09-28,605.0,605.0,590.0,598.5,137590.0,81867871.2,0.007575757575757569,0.7575757575757569,SHIVM
2025-10-07,591.0,600.0,573.4,588.0,209804.0,122320690.5,-0.01754385964912286,-1.7543859649122862,SHIVM
2025-10-08,585.0,594.0,569.0,583.9,226496.0,130610207.0,-0.00697278911564625,-0.697278911564625,SHIVM
2025-10-09,595.5,615.0,588.0,589.0,455712.0,273462332.4,0.008734372324028072,0.8734372324028072,SHIVM
2025-10-12,595.0,595.0,567.0,570.0,277150.0,159133220.3,-0.032258064516129004,-3.2258064516129004,SHIVM
2025-10-13,581.4,589.5,560.1,589.4,197675.0,114111528.9,0.03403508771929831,3.4035087719298307,SHIVM
2025-10-14,589.9,593.0,576.1,576.6,150427.0,87852649.7,-0.021717000339328107,-2.1717000339328107,SHIVM
2025-10-15,565.2,582.0,565.2,570.9,101236.0,58009548.2,-0.009885535900104103,-0.9885535900104103,SHIVM
2025-10-16,575.0,576.0,558.2,559.9,200217.0,112877623.4,-0.019267822736030782,-1.9267822736030782,SHIVM
2025-10-19,559.0,570.0,555.0,569.0,123504.0,70047877.6,0.016252902303982797,1.6252902303982797,SHIVM
2025-10-26,557.7,571.0,546.6,569.9,161128.0,90636701.4,0.0015817223198593133,0.15817223198593133,SHIVM
2025-10-28,561.0,586.3,561.0,577.4,179780.0,103907860.1,0.013160203544481552,1.3160203544481552,SHIVM
2025-10-29,582.0,589.0,566.0,568.0,195211.0,112645596.6,-0.016279875303082725,-1.6279875303082725,SHIVM
2025-10-30,567.0,579.0,560.6,570.0,158500.0,90498239.7,0.0035211267605634866,0.35211267605634866,SHIVM
2025-11-02,575.0,589.0,575.0,589.0,274916.0,160353405.7,0.03333333333333344,3.3333333333333437,SHIVM
2025-11-03,591.0,617.0,590.0,613.1,619114.0,376824494.8,0.04091680814940579,4.091680814940579,SHIVM
2025-11-04,621.0,623.2,607.0,611.0,297315.0,182806732.2,-0.0034252161148263793,-0.34252161148263793,SHIVM
2025-11-05,611.0,611.9,599.0,608.0,255371.0,154346475.3,-0.004909983633387904,-0.49099836333879043,SHIVM
2025-11-06,608.0,624.0,604.0,611.0,501674.0,309135043.8,0.004934210526315708,0.49342105263157077,SHIVM
2025-11-09,610.0,617.9,599.0,600.0,347259.0,210489799.1,-0.018003273322422242,-1.8003273322422242,SHIVM
2025-11-10,600.0,605.0,591.1,602.0,260522.0,155824294.5,0.0033333333333334103,0.33333333333334103,SHIVM
2025-11-11,610.0,614.0,603.4,607.0,263736.0,160519488.6,0.008305647840531671,0.8305647840531671,SHIVM
2025-11-12,607.0,612.0,600.0,600.3,130606.0,78834170.3,-0.011037891268533828,-1.1037891268533828,SHIVM
2025-11-13,588.4,605.0,588.4,598.0,158988.0,95189063.6,-0.003831417624520994,-0.3831417624520994,SHIVM
2025-11-16,609.9,609.9,592.0,594.9,161918.0,96786321.1,-0.005183946488294344,-0.5183946488294344,SHIVM
2025-11-17,594.0,594.9,583.0,585.0,277749.0,163056470.8,-0.016641452344931862,-1.6641452344931862,SHIVM
2025-11-18,588.0,596.0,586.1,587.5,155626.0,92060264.6,0.004273504273504258,0.42735042735042583,SHIVM
2025-11-19,593.0,593.0,586.5,590.0,180476.0,106411311.9,0.004255319148936065,0.42553191489360653,SHIVM
2025-11-20,590.0,593.1,580.3,580.4,153172.0,89815201.8,-0.016271186440678043,-1.6271186440678043,SHIVM
2025-11-23,579.0,602.0,579.0,601.0,259311.0,154835782.6,0.03549276361130249,3.549276361130249,SHIVM
2025-11-24,605.0,614.0,605.0,613.0,321824.0,196303156.6,0.019966722129783676,1.9966722129783676,SHIVM
2025-11-25,617.0,620.0,611.0,614.5,280638.0,172812778.0,0.002446982055464897,0.2446982055464897,SHIVM
2025-11-26,626.7,626.7,611.2,615.4,433199.0,267580249.6,0.0014646053702196404,0.14646053702196404,SHIVM
2025-11-27,602.0,603.2,592.0,593.0,169674.0,101332483.6,-0.036399090022749436,-3.6399090022749436,SHIVM
2025-11-30,593.0,601.0,590.0,591.0,187001.0,111357091.1,-0.003372681281618939,-0.3372681281618939,SHIVM
2025-12-01,595.0,596.9,587.1,589.9,75009.0,44328799.7,-0.0018612521150592753,-0.18612521150592753,SHIVM
2025-12-02,595.0,595.0,583.2,587.4,123425.0,72658916.6,-0.004238006441769748,-0.42380064417697483,SHIVM
2025-12-03,588.0,590.0,580.0,581.5,155381.0,90761210.4,-0.010044262853251551,-1.004426285325155,SHIVM
2025-12-07,580.0,586.0,570.3,572.0,163860.0,94375964.2,-0.016337059329320724,-1.6337059329320724,SHIVM
2025-12-08,572.2,579.0,570.0,572.8,79174.0,45423603.8,0.0013986013986013734,0.13986013986013734,SHIVM
2025-12-09,575.0,578.7,570.5,576.2,140016.0,80211418.0,0.005935754189944298,0.5935754189944298,SHIVM
2025-12-10,576.2,577.9,570.2,574.9,103091.0,59302963.2,-0.002256161055189332,-0.22561610551893319,SHIVM
2025-12-11,573.5,584.0,570.2,582.1,135523.0,78406489.5,0.012523917202991841,1.252391720299184,SHIVM
2025-12-14,586.0,587.9,578.0,580.0,135736.0,78930547.7,-0.0036076275554028925,-0.36076275554028925,SHIVM
2025-12-15,580.0,584.0,576.1,580.0,71431.0,41496489.5,0.0,0.0,SHIVM
2025-12-16,581.0,585.9,576.0,583.9,88046.0,51305073.3,0.006724137931034546,0.6724137931034546,SHIVM
2025-12-17,589.0,589.0,582.3,587.0,69420.0,40661253.3,0.005309128275389652,0.5309128275389652,SHIVM
2025-12-18,587.0,587.0,578.1,581.0,105078.0,61155922.2,-0.010221465076660996,-1.0221465076660996,SHIVM
2025-12-21,569.4,582.7,569.4,582.7,84147.0,48669001.8,0.002925989672977636,0.2925989672977636,SHIVM
2025-12-22,579.0,582.0,575.0,577.0,83492.0,48222793.3,-0.009782049081860422,-0.9782049081860422,SHIVM
2025-12-23,577.0,580.0,570.0,577.0,89937.0,51765626.3,0.0,0.0,SHIVM
2025-12-24,575.0,583.0,572.0,575.0,77009.0,44355557.2,-0.0034662045060658286,-0.34662045060658286,SHIVM
2025-12-28,580.0,601.0,575.1,599.9,288886.0,171325761.4,0.04330434782608683,4.330434782608683,SHIVM
2025-12-29,603.0,604.0,593.9,599.9,227658.0,136367219.7,0.0,0.0,SHIVM
2025-12-31,599.9,610.2,590.0,608.0,204930.0,124389899.5,0.013502250375062586,1.3502250375062586,SHIVM
2026-01-01,614.0,614.0,598.0,607.5,229077.0,138063631.1,-0.000822368421052655,-0.0822368421052655,SHIVM
2026-01-04,596.3,605.0,596.3,605.0,165296.0,99497686.5,-0.004115226337448541,-0.4115226337448541,SHIVM
2026-01-05,605.0,630.0,600.0,628.8,622840.0,386950347.3,0.03933884297520662,3.9338842975206623,SHIVM
2026-01-06,630.0,639.9,621.1,623.0,373304.0,234705802.6,-0.00922391857506355,-0.922391857506355,SHIVM
2026-01-07,620.0,626.0,613.6,617.5,260554.0,161022176.9,-0.008828250401284099,-0.8828250401284099,SHIVM
2026-01-08,618.0,625.0,610.7,625.0,241681.0,148926997.6,0.012145748987854255,1.2145748987854255,SHIVM
2026-01-12,621.2,639.0,619.0,620.8,391092.0,245884371.5,-0.006720000000000059,-0.6720000000000059,SHIVM
2026-01-13,620.8,626.3,618.0,619.0,273911.0,170167064.5,-0.002899484536082353,-0.2899484536082353,SHIVM
2026-01-14,624.7,624.9,615.0,615.0,165940.0,102789091.2,-0.00646203554119551,-0.646203554119551,SHIVM
2026-01-18,622.9,632.0,616.0,624.0,221954.0,138745356.8,0.014634146341463428,1.4634146341463428,SHIVM
2026-01-20,636.4,637.7,625.0,629.6,338399.0,213825170.1,0.008974358974358942,0.8974358974358942,SHIVM
2026-01-21,630.0,636.0,620.0,620.6,200183.0,125277857.1,-0.014294790343075015,-1.4294790343075015,SHIVM
2026-01-22,621.5,627.0,615.0,625.0,248358.0,154130578.3,0.007089912987431557,0.7089912987431557,SHIVM
2026-01-25,627.0,648.0,626.0,643.0,500453.0,320060025.1,0.028799999999999937,2.8799999999999937,SHIVM
2026-01-26,650.0,650.0,630.1,632.1,370914.0,236141506.3,-0.016951788491446296,-1.6951788491446296,SHIVM
2026-01-27,632.2,640.0,620.0,621.1,360901.0,226747249.9,-0.017402309761113788,-1.7402309761113788,SHIVM
2026-01-28,629.0,629.0,615.0,622.5,291115.0,180356565.6,0.002254065367895741,0.22540653678957412,SHIVM
2026-01-29,624.0,628.3,616.1,618.9,204191.0,126906769.5,-0.005783132530120527,-0.5783132530120527,SHIVM
2026-02-01,623.0,623.0,610.0,612.0,212694.0,130594396.1,-0.011148812409112918,-1.1148812409112918,SHIVM
2026-02-02,599.8,618.2,599.8,612.4,151189.0,92634891.3,0.0006535947712418277,0.06535947712418277,SHIVM
2026-02-03,616.0,619.0,607.0,609.0,156312.0,95482185.3,-0.005551926845199229,-0.5551926845199229,SHIVM
2026-02-04,597.0,620.0,597.0,609.0,120041.0,73145252.0,0.0,0.0,SHIVM
2026-02-05,610.0,619.0,606.1,615.1,131470.0,80807142.7,0.010016420361248057,1.0016420361248057,SHIVM
2026-02-08,624.7,628.0,615.3,622.0,307474.0,191390207.8,0.011217688180783503,1.1217688180783503,SHIVM
2026-02-09,617.0,625.0,612.0,614.5,148696.0,91768427.2,-0.01205787781350487,-1.205787781350487,SHIVM
2026-02-10,610.0,618.5,607.0,610.0,138719.0,84907616.6,-0.007323026851098424,-0.7323026851098424,SHIVM
2026-02-11,614.0,625.0,607.3,609.0,149526.0,91559054.3,-0.0016393442622950616,-0.16393442622950616,SHIVM
2026-02-12,610.1,615.9,610.0,612.0,133822.0,81926276.8,0.0049261083743843415,0.49261083743843415,SHIVM
2026-02-16,616.1,620.0,610.2,611.0,131649.0,80956046.2,-0.0016339869281045694,-0.16339869281045694,SHIVM
2026-02-17,612.0,614.5,604.0,604.0,124501.0,75625560.5,-0.011456628477905073,-1.1456628477905073,SHIVM
2026-02-22,604.0,607.0,598.0,601.9,150106.0,90186263.9,-0.003476821192053059,-0.3476821192053059,SHIVM
2026-02-23,598.1,607.9,598.0,605.0,94814.0,57096518.6,0.005150357202193145,0.5150357202193145,SHIVM
2026-02-24,609.0,612.0,598.0,611.8,77311.0,47000060.9,0.011239669421487575,1.1239669421487575,SHIVM
2026-02-25,611.8,618.0,608.3,617.0,144147.0,88147248.5,0.008499509643674408,0.8499509643674408,SHIVM
2026-02-26,620.0,620.0,611.0,617.0,56479.0,34763448.9,0.0,0.0,SHIVM
2026-03-01,606.0,624.0,606.0,622.5,260828.0,160753365.3,0.008914100486223653,0.8914100486223653,SHIVM
2026-03-03,620.0,634.2,611.1,632.0,220239.0,138649069.9,0.015261044176706928,1.5261044176706928,SHIVM
2026-03-09,644.6,695.2,644.6,675.0,42874.0,28903245.6,0.06803797468354422,6.803797468354422,SHIVM
2026-03-10,680.0,680.0,647.1,670.0,726890.0,480060568.6,-0.007407407407407418,-0.7407407407407418,SHIVM
2026-03-11,676.0,676.0,655.0,655.0,299285.0,197887939.4,-0.02238805970149249,-2.238805970149249,SHIVM
2026-03-12,655.0,665.0,646.5,659.0,260351.0,171082093.3,0.006106870229007688,0.6106870229007688,SHIVM
2026-03-15,661.0,669.0,655.0,661.9,331799.0,219846967.2,0.004400606980273114,0.4400606980273114,SHIVM
2026-03-16,655.0,666.0,652.0,652.0,222072.0,145741469.9,-0.014956942136274298,-1.4956942136274298,SHIVM
2026-03-17,650.0,655.0,645.0,651.0,192652.0,125247334.6,-0.0015337423312883347,-0.15337423312883347,SHIVM
2026-03-19,654.8,672.0,654.8,671.9,560219.0,372434447.6,0.032104454685099704,3.2104454685099704,SHIVM
2026-03-22,675.0,709.0,675.0,698.0,1082551.0,752670821.8,0.03884506623009387,3.884506623009387,SHIVM
2026-03-23,700.0,724.8,687.0,720.0,853309.0,606486764.7,0.03151862464183375,3.151862464183375,SHIVM
2026-03-24,720.0,730.0,708.0,710.0,547372.0,391010219.9,-0.01388888888888884,-1.388888888888884,SHIVM
2026-03-25,710.0,713.0,695.9,698.0,681616.0,478050201.8,-0.016901408450704203,-1.6901408450704203,SHIVM
2026-03-26,698.0,708.9,691.0,706.0,404924.0,283791058.4,0.011461318051575908,1.1461318051575908,SHIVM
2026-03-29,710.0,714.0,688.0,689.0,686100.0,478901630.9,-0.024079320113314484,-2.4079320113314484,SHIVM
2026-03-30,689.0,697.5,675.1,676.0,639774.0,438034372.7,-0.018867924528301883,-1.8867924528301883,SHIVM
2026-03-31,680.0,693.0,670.2,685.0,515667.0,351158194.0,0.013313609467455523,1.3313609467455523,SHIVM
2026-04-01,685.0,690.9,660.0,669.0,637105.0,428378464.1,-0.023357664233576658,-2.335766423357666,SHIVM
2026-04-02,661.0,682.0,660.0,675.0,355138.0,238790952.3,0.008968609865470878,0.8968609865470878,SHIVM
2026-04-05,661.5,665.0,643.0,646.0,694509.0,452596476.6,-0.04296296296296298,-4.296296296296298,SHIVM
2026-04-06,644.0,674.9,642.0,666.0,372890.0,246337960.4,0.030959752321981338,3.0959752321981338,SHIVM
2026-04-07,675.0,679.0,661.0,665.3,323631.0,216493978.0,-0.0010510510510510773,-0.10510510510510773,SHIVM
2026-04-08,678.6,696.0,666.0,693.0,545654.0,372047983.9,0.041635352472568776,4.163535247256878,SHIVM
2026-04-09,700.0,700.0,688.1,695.0,447466.0,310390172.5,0.0028860028860029363,0.28860028860029363,SHIVM
2026-04-10,695.0,700.0,682.1,685.0,367225.0,252741592.2,-0.014388489208633115,-1.4388489208633115,SHIVM
2026-04-13,687.5,692.9,683.2,688.0,275103.0,189239091.7,0.004379562043795637,0.43795620437956373,SHIVM
2026-04-15,688.0,718.0,688.0,708.0,817913.0,580963438.2,0.029069767441860517,2.9069767441860517,SHIVM
2026-04-16,708.0,711.0,690.2,690.2,384656.0,268483995.3,-0.025141242937853026,-2.5141242937853026,SHIVM
2026-04-17,678.0,701.0,678.0,695.0,345817.0,239512185.1,0.00695450594030711,0.695450594030711,SHIVM
2026-04-20,700.0,700.0,680.1,682.0,235104.0,160880908.1,-0.018705035971222972,-1.8705035971222972,SHIVM
2026-04-21,697.9,697.9,678.0,680.0,246868.0,168782034.6,-0.0029325513196480912,-0.2932551319648091,SHIVM
2026-04-22,680.0,690.0,666.4,680.0,377686.0,254580505.6,0.0,0.0,SHIVM
2026-04-23,700.0,700.0,670.0,673.0,135387.0,91151321.0,-0.010294117647058787,-1.0294117647058787,SHIVM
2026-04-24,665.0,680.0,656.1,669.7,197127.0,131755834.6,-0.004903417533432375,-0.4903417533432375,SHIVM
2026-04-27,669.7,679.9,661.3,672.0,164981.0,111296799.5,0.0034343736001194447,0.34343736001194447,SHIVM
2026-04-28,672.0,679.0,665.1,666.0,172219.0,115273974.8,-0.008928571428571397,-0.8928571428571397,SHIVM
2026-04-29,666.0,672.0,656.0,658.0,187670.0,123992544.7,-0.012012012012011963,-1.2012012012011963,SHIVM
2026-04-30,658.0,668.0,650.1,664.2,258669.0,170314257.2,0.009422492401215843,0.9422492401215843,SHIVM
2026-05-04,670.0,670.0,655.0,656.0,121198.0,80060676.9,-0.012345679012345734,-1.2345679012345734,SHIVM
2026-05-05,660.0,665.0,651.3,660.0,77677.0,51202308.1,0.0060975609756097615,0.6097560975609762,SHIVM
2026-05-06,670.0,670.0,658.5,662.0,88362.0,58449425.7,0.003030303030302939,0.3030303030302939,SHIVM
2026-05-07,662.0,669.8,662.0,666.9,60189.0,40042628.8,0.007401812688821785,0.7401812688821785,SHIVM
2026-05-08,666.9,676.9,660.0,676.8,85257.0,57310805.9,0.014844804318488558,1.4844804318488558,SHIVM
2026-05-11,680.0,695.0,678.0,692.0,195631.0,134302281.7,0.022458628841607542,2.245862884160754,SHIVM
2026-05-12,697.0,697.0,675.3,677.0,232638.0,158906117.9,-0.021676300578034713,-2.1676300578034713,SHIVM
2026-05-13,667.0,680.0,667.0,677.0,110525.0,74532567.7,0.0,0.0,SHIVM
2026-05-14,685.0,685.0,672.0,675.0,77654.0,52421566.4,-0.002954209748892156,-0.2954209748892156,SHIVM
2026-05-15,684.0,684.0,673.1,674.0,90902.0,61458095.7,-0.001481481481481528,-0.1481481481481528,SHIVM
2026-05-18,684.9,684.9,673.8,676.8,85713.0,57973655.3,0.004154302670623,0.4154302670623,SHIVM
2026-05-19,679.5,680.0,673.0,676.0,82052.0,55390421.1,-0.0011820330969266601,-0.11820330969266601,SHIVM
2026-05-20,677.0,688.0,676.0,688.0,120687.0,82244663.8,0.01775147928994092,1.775147928994092,SHIVM
2026-05-21,708.0,708.0,680.4,680.4,100079.0,68545562.7,-0.01104651162790704,-1.104651162790704,SHIVM
2026-05-22,680.4,688.0,677.6,686.9,108932.0,74393542.5,0.009553203997648474,0.9553203997648474,SHIVM
2026-05-25,684.0,695.0,684.0,693.0,159487.0,110300690.9,0.008880477507642981,0.8880477507642981,SHIVM
2026-05-26,692.0,693.0,686.1,689.0,136734.0,94103651.1,-0.005772005772005762,-0.5772005772005762,SHIVM
2026-05-27,695.0,695.0,684.5,685.0,105545.0,72654028.0,-0.005805515239477477,-0.5805515239477477,SHIVM
2026-06-01,686.0,686.0,668.0,671.1,184121.0,124211819.1,-0.020291970802919668,-2.0291970802919668,SHIVM
2026-06-02,674.8,710.0,663.5,670.0,178812.0,120267792.2,-0.0016390999850991461,-0.1639099985099146,SHIVM
2026-06-03,636.5,685.0,636.5,675.1,89107.0,60393875.3,0.007611940298507536,0.7611940298507536,SHIVM
2026-06-04,675.1,679.0,670.0,677.6,65064.0,43741593.8,0.003703155088135013,0.3703155088135013,SHIVM
2026-06-05,680.0,715.0,667.5,673.0,92974.0,63255626.5,-0.006788665879575051,-0.6788665879575051,SHIVM
2026-06-08,680.0,680.0,664.0,669.0,68490.0,45702124.7,-0.005943536404160454,-0.5943536404160454,SHIVM
2026-06-09,670.0,670.0,658.0,669.5,173528.0,114877449.1,0.0007473841554559435,0.07473841554559435,SHIVM
2026-06-10,673.0,673.0,662.4,665.0,83231.0,55390723.1,-0.006721433905899965,-0.6721433905899965,SHIVM
2026-06-11,665.0,669.0,655.2,665.0,96593.0,63752994.7,0.0,0.0,SHIVM
2026-06-12,660.0,669.5,656.0,658.9,92448.0,60866901.3,-0.009172932330827055,-0.9172932330827055,SHIVM
2026-06-15,670.0,670.0,650.2,656.0,103286.0,67919771.5,-0.004401274852026016,-0.4401274852026016,SHIVM
2026-06-16,623.2,675.0,623.2,651.0,111072.0,72518583.5,-0.007621951219512146,-0.7621951219512146,SHIVM
2026-06-17,664.8,664.8,645.4,645.7,168999.0,109848782.8,-0.00814132104454679,-0.814132104454679,SHIVM
2026-06-18,646.0,651.0,640.0,647.1,120221.0,77751401.5,0.0021681895617158276,0.21681895617158276,SHIVM
2026-06-19,651.0,653.0,643.5,644.2,98640.0,63781792.9,-0.004481532993354964,-0.4481532993354964,SHIVM
2026-06-22,645.1,650.0,643.4,645.9,61465.0,39733489.4,0.002638932008692807,0.2638932008692807,SHIVM
2026-06-23,645.0,648.7,635.0,635.0,172817.0,110849737.8,-0.016875677349434848,-1.6875677349434848,SHIVM
2026-06-24,666.0,666.0,624.0,630.0,166650.0,104834090.6,-0.007874015748031482,-0.7874015748031482,SHIVM
2026-06-25,630.0,635.0,627.1,628.0,84094.0,52983768.5,-0.0031746031746031633,-0.31746031746031633,SHIVM
2026-06-26,638.0,638.0,626.0,628.6,130169.0,81829932.8,0.0009554140127387978,0.09554140127387978,SHIVM
2026-06-29,634.0,634.0,621.0,624.1,75442.0,47097398.1,-0.007158765510658638,-0.7158765510658638,SHIVM
2026-06-30,633.0,633.0,621.0,624.0,68220.0,42521851.0,-0.00016023073225446272,-0.01602307322544627,SHIVM
2026-07-01,624.0,638.0,624.0,632.0,96022.0,60617234.6,0.012820512820512775,1.2820512820512775,SHIVM
2026-07-02,639.9,640.0,625.2,632.0,52384.0,32966692.0,0.0,0.0,SHIVM
2026-07-03,640.0,640.0,626.3,627.1,109957.0,69298015.2,-0.007753164556961956,-0.7753164556961956,SHIVM
2026-07-06,633.0,633.0,625.0,625.1,102859.0,64594331.2,-0.0031892840057407,-0.31892840057407,SHIVM
2026-07-07,626.2,632.0,626.2,629.0,92320.0,58134994.5,0.006239001759718477,0.6239001759718477,SHIVM
2026-07-08,628.0,645.0,622.0,623.0,66713.0,41741087.3,-0.009538950715421324,-0.9538950715421324,SHIVM
2026-07-09,640.0,640.0,619.5,622.9,85479.0,53171341.4,-0.0001605136436597654,-0.01605136436597654,SHIVM
2026-07-10,620.0,628.0,620.0,621.5,66153.0,41257816.1,-0.002247551773960521,-0.2247551773960521,SHIVM
2026-07-13,629.0,629.0,615.0,619.9,67449.0,41715900.7,-0.0025744167337088397,-0.25744167337088397,SHIVM
2026-07-14,625.0,657.0,612.0,619.0,134658.0,84747012.8,-0.0014518470721083254,-0.14518470721083254,SHIVM
2026-07-15,630.0,630.0,618.2,620.8,87046.0,54063975.8,0.0029079159935379018,0.2907915993537902,SHIVM
2026-07-16,627.5,627.5,620.0,621.0,58274.0,36285190.6,0.0003221649484537181,0.03221649484537181,SHIVM
2026-07-17,600.0,652.0,600.0,652.0,108959.0,69789604.8,0.0499194847020934,4.99194847020934,SHIVM
2026-07-20,653.5,663.7,640.0,663.0,150670.0,98990198.1,0.016871165644171793,1.6871165644171793,SHIVM
2026-07-21,666.0,668.0,653.1,663.1,152420.0,100482010.1,0.00015082956259426794,0.015082956259426794,SHIVM
2026-07-22,657.1,664.9,652.0,656.0,112792.0,74083985.1,-0.010707283969235482,-1.0707283969235482,SHIVM
2026-07-23,650.0,660.0,648.1,660.0,58438.0,38256887.7,0.0060975609756097615,0.6097560975609762,SHIVM
2026-07-24,638.0,665.0,638.0,655.0,64040.0,42193015.3,-0.007575757575757569,-0.7575757575757569,SHIVM
2026-07-27,655.0,658.0,643.0,643.5,88207.0,57383666.3,-0.017557251908396965,-1.7557251908396965,SHIVM
2026-07-28,642.0,646.0,636.6,641.0,77097.0,49388710.9,-0.0038850038850039015,-0.38850038850039015,SHIVM
2026-07-29,641.5,644.0,637.0,639.2,40521.0,25938615.0,-0.0028081123244929618,-0.2808112324492962,SHIVM
2026-07-30,626.4,674.0,626.4,636.0,71068.0,46039942.4,-0.005006257822277926,-0.5006257822277926,SHIVM
2026-07-31,635.0,644.0,633.0,642.0,69233.0,44235457.6,0.009433962264151052,0.9433962264151052,SHIVM
2026-08-03,642.0,650.0,642.0,646.5,71310.0,46089393.4,0.007009345794392496,0.7009345794392496,SHIVM
2026-08-04,678.5,678.5,646.5,648.0,116651.0,77082634.4,0.002320185614849146,0.23201856148491462,SHIVM
2026-08-05,680.3,680.3,645.09,649.0,69463.0,45044913.1,0.0015432098765431057,0.15432098765431057,SHIVM
2026-08-06,646.0,651.0,645.0,645.0,46373.0,30005399.8,-0.006163328197226536,-0.6163328197226536,SHIVM
2026-08-07,646.0,646.0,637.0,637.7,44267.0,28347551.5,-0.011317829457364259,-1.131782945736426,SHIVM
2026-08-10,638.7,643.9,633.3,633.3,63736.0,40526244.5,-0.006899796142386894,-0.6899796142386894,SHIVM
2026-08-11,603.5,638.0,603.5,636.0,46483.0,29543735.4,0.00426338228327805,0.426338228327805,SHIVM
2026-08-12,640.0,640.0,630.0,632.1,61657.0,39036071.3,-0.006132075471698029,-0.6132075471698029,SHIVM
2026-08-13,642.0,642.0,628.0,632.5,37300.0,23583123.2,0.000632811264040356,0.0632811264040356,SHIVM
2026-08-14,627.7,660.0,627.7,631.0,82324.0,52841108.2,-0.002371541501976271,-0.2371541501976271,SHIVM
2026-08-17,599.5,645.0,599.5,629.7,72346.0,45774557.2,-0.0020602218700475072,-0.20602218700475072,SHIVM
2026-08-18,630.0,633.8,622.0,624.5,81985.0,51454287.0,-0.008257900587581468,-0.8257900587581468,SHIVM
2026-08-19,623.5,630.0,620.2,627.4,71344.0,44749217.5,0.004643714971977575,0.4643714971977575,SHIVM
2026-08-20,632.0,633.0,625.0,631.0,28823.0,18148107.0,0.00573796620975453,0.573796620975453,SHIVM
2026-08-21,632.0,639.0,630.0,633.0,50478.0,32013202.7,0.0031695721077653616,0.31695721077653616,SHIVM
2026-08-24,630.1,630.1,626.2,626.7,44336.0,27827973.4,-0.009952606635071026,-0.9952606635071026,SHIVM
2026-08-25,624.0,629.7,620.5,621.4,81006.0,50583296.7,-0.008456996968246533,-0.8456996968246533,SHIVM
2026-08-26,621.5,626.0,618.1,624.0,107624.0,66863149.8,0.004184100418409997,0.4184100418409997,SHIVM
2026-08-27,624.0,661.2,620.0,650.0,335852.0,217591632.2,0.04166666666666674,4.166666666666674,SHIVM
2026-08-31,665.0,670.0,650.0,664.0,397552.0,263878882.5,0.021538461538461506,2.1538461538461506,SHIVM
2026-09-01,661.0,672.0,648.0,654.0,207849.0,136398370.8,-0.015060240963855387,-1.5060240963855387,SHIVM
2026-09-02,657.0,668.0,648.0,658.0,165180.0,108967119.8,0.006116207951070374,0.6116207951070374,SHIVM
2026-09-03,660.0,665.7,656.2,661.0,174067.0,115080649.8,0.004559270516717229,0.45592705167172287,SHIVM
2026-09-07,694.0,694.0,660.0,664.2,128175.0,85396612.6,0.004841149773071152,0.48411497730711517,SHIVM
2026-09-09,664.2,678.8,660.0,662.6,200599.0,134606507.5,-0.002408912978018707,-0.24089129780187069,SHIVM
2026-09-10,663.0,665.0,652.1,653.6,99214.0,65476402.3,-0.013582855418050155,-1.3582855418050155,SHIVM
2026-09-11,659.0,667.0,654.0,663.0,104620.0,69234644.8,0.014381884944920431,1.4381884944920431,SHIVM
2026-09-14,663.0,675.0,663.0,670.0,158053.0,105980691.1,0.010558069381598756,1.0558069381598756,SHIVM
2026-09-15,685.0,690.0,673.0,681.0,462655.0,315697044.3,0.016417910447761086,1.6417910447761086,SHIVM
2026-09-16,682.0,687.9,675.0,676.3,243901.0,165709479.5,-0.006901615271659445,-0.6901615271659445,SHIVM
2026-09-17,685.0,695.0,680.1,685.5,396612.0,272676030.8,0.01360343043028256,1.360343043028256,SHIVM
2026-09-18,686.0,695.0,680.5,688.0,259309.0,178600802.6,0.003646973012399801,0.3646973012399801,SHIVM
2026-09-22,688.0,693.0,682.0,684.1,185722.0,127717266.7,-0.005668604651162812,-0.5668604651162812,SHIVM
2026-09-23,686.0,697.0,685.0,687.0,555271.0,383446856.3,0.0042391463236368665,0.42391463236368665,SHIVM
2026-09-24,689.0,705.0,686.1,702.0,513243.0,358109181.4,0.02183406113537112,2.183406113537112,SHIVM
2026-09-28,737.1,737.1,691.0,695.1,424166.0,297884188.1,-0.009829059829059794,-0.9829059829059794,SHIVM
2026-09-29,693.0,697.0,685.0,690.1,250568.0,172579578.7,-0.007193209610128037,-0.7193209610128037,SHIVM
2026-09-30,691.0,691.0,683.0,684.5,222436.0,152829204.5,-0.008114765975945515,-0.8114765975945515,SHIVM
2026-10-01,685.0,689.5,680.1,685.0,134118.0,91965928.3,0.0007304601899196239,0.07304601899196239,SHIVM
2022-01-02,210.5,210.5,205.8,208.0,18999.0,3932807.0,,,SHL
2022-01-03,209.0,213.0,208.0,211.0,17758.0,3749380.5,0.014423076923076872,1.4423076923076872,SHL
2022-01-04,210.0,215.3,208.0,214.0,36481.0,7770474.5,0.014218009478673022,1.4218009478673022,SHL
2022-01-05,214.0,217.0,208.8,210.3,17351.0,3707132.8,-0.01728971962616821,-1.728971962616821,SHL
2022-01-06,211.0,220.0,208.0,217.0,29617.0,6320346.1,0.03185924869234413,3.1859248692344133,SHL
2022-01-09,215.0,224.0,215.0,219.0,50239.0,11061683.4,0.009216589861751112,0.9216589861751112,SHL
2022-01-10,223.0,225.9,218.0,219.0,73474.0,16223000.7,0.0,0.0,SHL
2022-01-11,217.1,237.8,217.0,235.3,113978.0,26514544.8,0.07442922374429228,7.442922374429228,SHL
2022-01-12,233.0,240.0,225.7,229.5,50757.0,11806382.4,-0.02464938376540593,-2.464938376540593,SHL
2022-01-13,230.0,232.0,224.5,230.0,31963.0,7322314.5,0.002178649237472685,0.2178649237472685,SHL
2022-01-16,234.0,239.0,231.0,232.0,57772.0,13505357.0,0.008695652173912993,0.8695652173912993,SHL
2022-01-17,231.1,235.0,229.1,232.0,28213.0,6542093.4,0.0,0.0,SHL
2022-01-18,230.1,245.0,229.0,239.9,141732.0,34011257.4,0.034051724137931005,3.4051724137931005,SHL
2022-01-19,240.0,240.0,230.8,231.2,30408.0,7125956.6,-0.03626511046269287,-3.6265110462692873,SHL
2022-01-20,230.0,235.0,230.0,232.0,30832.0,7134157.5,0.0034602076124568004,0.34602076124568004,SHL
2022-01-23,235.0,235.0,224.0,226.0,31568.0,7210656.7,-0.025862068965517238,-2.5862068965517238,SHL
2022-01-24,223.1,227.0,217.6,218.9,55895.0,12351928.5,-0.03141592920353975,-3.141592920353975,SHL
2022-01-25,217.0,227.0,215.2,222.0,31022.0,6874019.4,0.01416171767930563,1.416171767930563,SHL
2022-01-26,226.2,226.2,215.0,217.1,26547.0,5780485.5,-0.02207207207207207,-2.207207207207207,SHL
2022-01-27,216.9,220.0,216.0,217.0,15214.0,3306905.3,-0.0004606172270842368,-0.04606172270842368,SHL
2022-01-30,220.0,228.8,220.0,228.0,29973.0,6785252.4,0.05069124423963123,5.069124423963123,SHL
2022-01-31,230.0,230.0,221.0,225.0,13772.0,3100473.6,-0.013157894736842146,-1.3157894736842146,SHL
2022-02-01,225.0,231.0,221.5,226.1,22376.0,5076784.2,0.004888888888888943,0.48888888888889426,SHL
2022-02-03,226.1,228.0,223.2,224.0,22385.0,5060777.6,-0.009287925696594423,-0.9287925696594423,SHL
2022-02-06,222.0,224.0,220.0,223.0,24312.0,5377794.0,-0.004464285714285698,-0.44642857142856984,SHL
2022-02-07,219.3,226.9,219.0,223.9,61428.0,13590617.0,0.004035874439461962,0.40358744394619617,SHL
2022-02-08,228.0,237.4,223.0,223.0,19982.0,4508780.3,-0.004019651630192023,-0.40196516301920227,SHL
2022-02-09,220.0,223.0,218.7,223.0,21852.0,4829446.0,0.0,0.0,SHL
2022-02-10,224.0,224.0,218.2,218.2,17162.0,3770513.0,-0.02152466367713013,-2.152466367713013,SHL
2022-02-13,214.0,215.0,209.8,210.0,40020.0,8464044.5,-0.03758020164986242,-3.758020164986242,SHL
2022-02-14,212.9,214.0,208.1,210.5,18574.0,3928105.2,0.0023809523809523725,0.23809523809523725,SHL
2022-02-15,213.0,214.7,210.0,214.7,11726.0,2487220.0,0.019952494061757697,1.9952494061757697,SHL
2022-02-16,213.9,216.9,210.5,211.0,23896.0,5072000.6,-0.017233348858872843,-1.7233348858872843,SHL
2022-02-17,212.0,213.6,210.1,212.0,10796.0,2288021.7,0.004739336492890933,0.4739336492890933,SHL
2022-02-20,207.8,210.0,205.0,208.0,21795.0,4540417.0,-0.018867924528301883,-1.8867924528301883,SHL
2022-02-21,208.6,212.0,208.6,211.9,9968.0,2098746.9,0.018750000000000044,1.8750000000000044,SHL
2022-02-22,213.0,214.8,209.1,211.3,13467.0,2866809.1,-0.002831524303916866,-0.2831524303916866,SHL
2022-02-23,213.0,213.7,209.0,209.0,10883.0,2286079.4,-0.010884997633696214,-1.0884997633696214,SHL
2022-02-24,207.0,209.0,206.0,206.7,22186.0,4601127.8,-0.01100478468899524,-1.100478468899524,SHL
2022-02-27,210.0,210.0,204.5,207.0,27384.0,5634570.4,0.0014513788098693414,0.14513788098693414,SHL
2022-02-28,210.0,212.9,205.0,205.0,22520.0,4679400.0,-0.009661835748792313,-0.9661835748792313,SHL
2022-03-02,209.0,209.0,202.0,203.0,14188.0,2889918.6,-0.009756097560975618,-0.9756097560975618,SHL
2022-03-06,202.1,207.0,202.0,203.0,17537.0,3584982.8,0.0,0.0,SHL
2022-03-07,206.9,208.9,204.0,204.0,16553.0,3415599.5,0.0049261083743843415,0.49261083743843415,SHL
2022-03-09,206.0,206.0,200.0,202.0,13545.0,2726729.0,-0.009803921568627416,-0.9803921568627416,SHL
2022-03-10,202.0,207.0,200.7,207.0,13640.0,2788025.0,0.024752475247524774,2.4752475247524774,SHL
2022-03-13,207.3,225.0,207.0,220.5,110103.0,24132360.3,0.0652173913043479,6.521739130434789,SHL
2022-03-14,224.0,224.0,213.7,218.0,11919.0,2617827.4,-0.0113378684807256,-1.13378684807256,SHL
2022-03-15,222.0,239.7,217.0,232.2,144347.0,32699588.5,0.06513761467889911,6.513761467889911,SHL
2022-03-16,227.6,250.0,225.0,242.0,273035.0,65769430.9,0.042204995693367886,4.220499569336789,SHL
2022-03-20,242.0,243.0,230.0,236.0,127801.0,30366907.3,-0.024793388429752095,-2.4793388429752095,SHL
2022-03-21,233.8,237.9,228.0,232.4,57454.0,13383455.8,-0.015254237288135575,-1.5254237288135575,SHL
2022-03-22,235.0,238.3,229.4,236.0,42127.0,9924876.3,0.015490533562822595,1.5490533562822595,SHL
2022-03-23,238.0,240.0,233.0,235.1,48415.0,11434231.2,-0.003813559322033977,-0.3813559322033977,SHL
2022-03-24,234.0,236.0,226.1,231.9,35293.0,8144818.5,-0.013611229264142821,-1.3611229264142821,SHL
2022-03-27,227.4,230.0,223.1,224.0,50463.0,11411793.1,-0.03406640793445448,-3.406640793445448,SHL
2022-03-28,223.0,227.0,220.0,223.5,35381.0,7907759.5,-0.0022321428571429047,-0.22321428571429047,SHL
2022-03-29,227.0,233.0,225.0,226.5,28293.0,6422982.2,0.01342281879194629,1.342281879194629,SHL
2022-03-30,230.9,234.8,226.3,234.5,28653.0,6616903.4,0.03532008830022071,3.532008830022071,SHL
2022-03-31,236.9,237.0,227.2,228.0,26758.0,6172727.8,-0.02771855010660984,-2.771855010660984,SHL
2022-04-03,225.0,229.0,224.0,225.0,18817.0,4241799.5,-0.013157894736842146,-1.3157894736842146,SHL
2022-04-04,227.0,229.0,223.0,224.6,20419.0,4606692.0,-0.001777777777777767,-0.1777777777777767,SHL
2022-04-05,222.0,230.0,221.1,227.9,44152.0,9887500.3,0.014692787177204014,1.4692787177204014,SHL
2022-04-06,229.9,241.0,225.4,237.0,138035.0,32323176.6,0.03992979376919692,3.992979376919692,SHL
2022-04-07,241.7,241.7,234.9,235.5,45871.0,10853666.5,-0.006329113924050667,-0.6329113924050667,SHL
2022-04-11,238.0,239.0,227.6,228.0,53171.0,12412141.6,-0.031847133757961776,-3.1847133757961776,SHL
2022-04-12,230.0,233.0,225.0,228.0,77700.0,17682579.2,0.0,0.0,SHL
2022-04-13,229.0,235.0,224.0,230.0,52948.0,12191427.8,0.00877192982456143,0.8771929824561431,SHL
2022-04-17,228.0,232.7,224.0,225.0,39499.0,8982541.0,-0.021739130434782594,-2.1739130434782594,SHL
2022-04-18,225.0,226.8,221.5,222.0,32816.0,7320159.5,-0.013333333333333308,-1.3333333333333308,SHL
2022-04-19,221.0,230.0,221.0,225.0,25230.0,5681508.6,0.013513513513513598,1.3513513513513598,SHL
2022-04-20,226.0,226.0,218.0,219.0,44988.0,9946504.9,-0.026666666666666616,-2.6666666666666616,SHL
2022-04-21,219.0,224.4,215.0,220.0,37385.0,8171890.9,0.004566210045662045,0.45662100456620447,SHL
2022-04-24,217.1,232.0,217.1,227.0,38956.0,8841944.8,0.031818181818181746,3.1818181818181746,SHL
2022-04-25,227.0,231.0,225.1,228.8,36526.0,8341582.0,0.007929515418502175,0.7929515418502175,SHL
2022-04-26,228.0,230.0,225.5,228.0,23146.0,5250390.3,-0.0034965034965035446,-0.34965034965035446,SHL
2022-04-27,226.1,230.9,225.0,230.8,30045.0,6864485.0,0.012280701754386003,1.2280701754386003,SHL
2022-04-28,229.9,229.9,225.2,227.0,20035.0,4540165.2,-0.016464471403812908,-1.6464471403812908,SHL
2022-05-02,223.0,224.0,218.1,218.7,31021.0,6847768.6,-0.03656387665198246,-3.6563876651982463,SHL
2022-05-04,216.2,220.0,211.7,212.3,39752.0,8562648.0,-0.029263831732967427,-2.9263831732967427,SHL
2022-05-05,210.0,215.0,209.0,212.0,36948.0,7805275.9,-0.0014130946773434072,-0.14130946773434072,SHL
2022-05-08,212.0,220.0,211.7,220.0,21117.0,4520591.5,0.037735849056603765,3.7735849056603765,SHL
2022-05-09,220.0,221.0,215.6,217.0,13076.0,2849581.6,-0.013636363636363669,-1.3636363636363669,SHL
2022-05-10,219.9,220.5,214.0,219.2,16240.0,3557782.2,0.010138248847926246,1.0138248847926246,SHL
2022-05-11,221.0,225.0,218.1,224.0,40793.0,9040222.8,0.021897810218978186,2.1897810218978186,SHL
2022-05-12,225.0,227.3,220.1,222.0,41004.0,9176044.8,-0.008928571428571397,-0.8928571428571397,SHL
2022-05-17,220.0,222.0,216.0,218.5,26510.0,5803633.8,-0.015765765765765716,-1.5765765765765716,SHL
2022-05-18,218.5,221.0,216.0,220.0,18975.0,4157728.6,0.006864988558352492,0.6864988558352492,SHL
2022-05-19,218.0,220.0,215.8,217.0,17123.0,3705537.3,-0.013636363636363669,-1.3636363636363669,SHL
2022-05-20,219.9,221.0,216.3,217.0,13950.0,3049312.0,0.0,0.0,SHL
2022-05-23,215.0,215.0,211.1,211.2,23394.0,4979462.6,-0.026728110599078425,-2.6728110599078425,SHL
2022-05-24,211.0,215.9,210.0,213.8,10785.0,2297565.0,0.012310606060606188,1.2310606060606188,SHL
2022-05-25,215.0,215.4,208.0,213.4,32921.0,6927347.2,-0.00187090739008422,-0.187090739008422,SHL
2022-05-26,215.0,215.1,212.0,212.0,30756.0,6568517.5,-0.006560449859418949,-0.6560449859418949,SHL
2022-05-27,215.0,215.0,207.8,212.0,37400.0,7861513.0,0.0,0.0,SHL
2022-05-30,210.0,210.1,206.1,208.8,24038.0,4982010.4,-0.015094339622641506,-1.5094339622641506,SHL
2022-05-31,205.0,208.9,204.8,207.0,18322.0,3777255.6,-0.008620689655172487,-0.8620689655172487,SHL
2022-06-01,211.0,211.0,206.0,210.0,8700.0,1808570.0,0.01449275362318847,1.449275362318847,SHL
2022-06-02,211.0,211.0,206.1,206.4,8142.0,1686335.4,-0.017142857142857126,-1.7142857142857126,SHL
2022-06-03,205.1,207.8,204.0,205.0,26076.0,5359045.5,-0.006782945736434121,-0.6782945736434121,SHL
2022-06-06,208.0,210.0,205.1,206.5,11483.0,2382208.5,0.007317073170731714,0.7317073170731714,SHL
2022-06-07,207.0,207.0,205.0,205.0,9834.0,2021365.3,-0.007263922518159771,-0.7263922518159771,SHL
2022-06-08,207.0,215.0,204.0,210.1,13767.0,2873901.8,0.024878048780487827,2.4878048780487827,SHL
2022-06-09,207.1,212.0,205.0,206.5,23200.0,4805084.6,-0.01713469776296994,-1.7134697762969942,SHL
2022-06-10,204.0,205.9,202.4,205.0,4967.0,1012428.4,-0.007263922518159771,-0.7263922518159771,SHL
2022-06-13,201.1,206.0,201.1,203.8,5776.0,1175517.6,-0.00585365853658526,-0.585365853658526,SHL
2022-06-14,202.0,205.4,200.7,202.0,23549.0,4753554.4,-0.008832188420019649,-0.8832188420019649,SHL
2022-06-15,203.0,203.0,198.0,200.0,18912.0,3782124.8,-0.00990099009900991,-0.990099009900991,SHL
2022-06-16,204.0,204.0,199.3,202.0,15869.0,3190871.0,0.010000000000000009,1.0000000000000009,SHL
2022-06-17,202.3,202.3,199.9,199.9,4373.0,880674.2,-0.010396039603960405,-1.0396039603960405,SHL
2022-06-19,198.0,201.8,196.1,196.2,18921.0,3749911.4,-0.018509254627313787,-1.8509254627313787,SHL
2022-06-20,193.0,196.8,192.0,193.1,20188.0,3902542.9,-0.015800203873598373,-1.5800203873598373,SHL
2022-06-21,196.0,204.0,191.1,196.5,11300.0,2225765.0,0.017607457276022753,1.7607457276022753,SHL
2022-06-22,195.0,196.0,193.4,194.0,3960.0,769594.0,-0.012722646310432517,-1.2722646310432517,SHL
2022-06-23,191.0,194.0,186.7,189.1,29246.0,5548637.0,-0.025257731958762908,-2.525773195876291,SHL
2022-06-24,189.0,196.8,188.0,191.0,4150.0,791760.0,0.01004759386567966,1.004759386567966,SHL
2022-06-26,194.0,207.0,194.0,203.0,15277.0,3068976.5,0.06282722513089012,6.282722513089012,SHL
2022-06-27,199.0,205.0,197.0,197.0,38792.0,7724814.5,-0.029556650246305383,-2.9556650246305383,SHL
2022-06-28,195.1,197.0,194.0,194.8,6690.0,1305620.0,-0.011167512690355319,-1.116751269035532,SHL
2022-06-29,197.0,203.0,197.0,203.0,13421.0,2690411.0,0.0420944558521561,4.20944558521561,SHL
2022-06-30,203.0,213.0,200.0,213.0,48465.0,10111870.8,0.049261083743842304,4.92610837438423,SHL
2022-07-01,215.0,215.0,209.4,212.0,8548.0,1798162.4,-0.0046948356807511304,-0.46948356807511304,SHL
2022-07-03,212.0,217.0,208.4,215.0,31617.0,6759869.3,0.014150943396226356,1.4150943396226356,SHL
2022-07-04,215.0,220.0,209.0,213.0,73106.0,15775669.0,-0.009302325581395321,-0.9302325581395321,SHL
2022-07-05,209.0,214.0,206.0,208.0,21120.0,4408898.0,-0.023474178403755874,-2.3474178403755874,SHL
2022-07-06,204.1,209.6,200.3,207.0,21307.0,4347553.0,-0.004807692307692291,-0.48076923076922906,SHL
2022-07-07,204.0,211.9,203.5,204.8,9805.0,2015902.1,-0.010628019323671412,-1.0628019323671412,SHL
2022-07-08,207.5,207.5,196.0,196.0,17535.0,3492290.0,-0.04296875,-4.296875,SHL
2022-07-11,195.0,200.4,193.1,197.0,20513.0,4030093.5,0.005102040816326481,0.5102040816326481,SHL
2022-07-12,198.0,202.0,194.1,200.0,22097.0,4410923.3,0.015228426395939021,1.522842639593902,SHL
2022-07-13,203.0,204.0,199.0,202.1,19132.0,3843745.9,0.010499999999999954,1.0499999999999954,SHL
2022-07-14,205.0,205.0,201.2,204.0,11145.0,2260650.0,0.009401286491835803,0.9401286491835803,SHL
2022-07-15,202.0,203.5,200.1,202.5,8555.0,1720685.0,-0.007352941176470562,-0.7352941176470562,SHL
2022-07-17,203.0,206.0,200.9,200.9,18328.0,3719628.4,-0.00790123456790126,-0.7901234567901261,SHL
2022-07-18,199.3,215.2,199.3,210.2,60667.0,12771530.8,0.04629168740666989,4.629168740666989,SHL
2022-07-19,213.0,216.9,208.5,211.6,24379.0,5179572.6,0.006660323501427312,0.6660323501427312,SHL
2022-07-20,215.8,215.8,207.7,210.0,12456.0,2618634.0,-0.007561436672967825,-0.7561436672967825,SHL
2022-07-21,210.1,210.8,207.8,209.0,11175.0,2329260.0,-0.004761904761904745,-0.4761904761904745,SHL
2022-07-22,207.0,207.0,204.0,206.9,13496.0,2768462.0,-0.010047846889952083,-1.0047846889952083,SHL
2022-07-24,210.0,211.0,203.1,211.0,37948.0,7904324.2,0.019816336394393508,1.9816336394393508,SHL
2022-07-25,213.9,218.0,212.0,218.0,44366.0,9510536.3,0.033175355450236976,3.3175355450236976,SHL
2022-07-26,215.0,215.0,209.0,212.0,20546.0,4345814.0,-0.02752293577981646,-2.752293577981646,SHL
2022-07-27,208.0,212.0,206.0,212.0,21660.0,4522356.8,0.0,0.0,SHL
2022-07-28,208.5,223.0,208.5,219.0,163476.0,35785263.0,0.03301886792452824,3.301886792452824,SHL
2022-07-29,221.0,235.0,220.0,231.4,150453.0,34620243.7,0.05662100456621011,5.662100456621011,SHL
2022-07-31,233.0,240.7,226.5,239.0,184324.0,43399780.6,0.032843560933448535,3.2843560933448535,SHL
2022-08-01,239.0,252.6,233.7,234.4,102497.0,24643408.6,-0.019246861924686165,-1.9246861924686165,SHL
2022-08-02,237.9,237.9,226.0,227.5,77279.0,17639302.2,-0.029436860068259407,-2.9436860068259407,SHL
2022-08-03,228.0,235.0,220.5,229.0,48969.0,11229672.3,0.00659340659340657,0.659340659340657,SHL
2022-08-04,231.9,232.0,219.6,220.1,50063.0,11181879.2,-0.038864628820960756,-3.8864628820960756,SHL
2022-08-05,221.0,225.0,218.0,220.0,29125.0,6421825.5,-0.00045433893684687643,-0.04543389368468764,SHL
2022-08-07,223.0,227.0,220.0,224.0,28027.0,6259902.4,0.018181818181818077,1.8181818181818077,SHL
2022-08-08,226.9,227.0,217.5,218.2,44868.0,10016216.0,-0.025892857142857162,-2.589285714285716,SHL
2022-08-09,216.0,220.0,216.0,219.0,25658.0,5580130.7,0.0036663611365719273,0.36663611365719273,SHL
2022-08-10,216.0,219.1,215.1,219.0,21247.0,4603848.2,0.0,0.0,SHL
2022-08-11,215.1,219.8,212.2,213.0,60194.0,12938952.0,-0.0273972602739726,-2.73972602739726,SHL
2022-08-14,211.0,215.0,207.0,210.9,49462.0,10446028.0,-0.009859154929577452,-0.9859154929577452,SHL
2022-08-15,212.0,220.0,212.0,218.0,27472.0,5969181.9,0.03366524419155992,3.3665244191559918,SHL
2022-08-16,219.0,220.1,214.0,215.0,17659.0,3841161.5,-0.013761467889908285,-1.3761467889908285,SHL
2022-08-17,213.0,218.0,213.0,218.0,6745.0,1452933.0,0.013953488372093092,1.3953488372093092,SHL
2022-08-18,214.0,221.0,214.0,217.8,17705.0,3862620.0,-0.0009174311926605228,-0.09174311926605228,SHL
2022-08-21,222.0,235.0,222.0,225.0,126011.0,28706192.4,0.03305785123966931,3.305785123966931,SHL
2022-08-22,229.0,229.0,222.0,224.0,14551.0,3266147.0,-0.004444444444444473,-0.4444444444444473,SHL
2022-08-23,224.0,224.0,218.6,219.0,9621.0,2126719.0,-0.022321428571428603,-2.2321428571428603,SHL
2022-08-24,222.0,223.0,217.1,218.1,23931.0,5255615.0,-0.004109589041095929,-0.4109589041095929,SHL
2022-08-25,222.0,222.0,215.0,215.0,14301.0,3103415.5,-0.01421366345712971,-1.421366345712971,SHL
2022-08-26,215.0,216.0,212.3,214.0,13185.0,2818764.0,-0.0046511627906976605,-0.46511627906976605,SHL
2022-08-28,213.0,213.8,208.1,208.1,27461.0,5788016.6,-0.027570093457943923,-2.7570093457943923,SHL
2022-08-29,205.7,213.0,205.7,212.0,16902.0,3564189.0,0.01874098990869766,1.8740989908697658,SHL
2022-08-30,209.1,215.5,209.1,211.0,10434.0,2216692.0,-0.004716981132075526,-0.4716981132075526,SHL
2022-08-31,208.4,213.5,207.6,207.9,28374.0,5921195.4,-0.01469194312796207,-1.469194312796207,SHL
2022-09-01,206.2,210.0,206.0,208.0,12210.0,2530657.0,0.0004810004810005264,0.04810004810005264,SHL
2022-09-02,211.0,212.1,196.5,209.0,100859.0,20523992.4,0.004807692307692291,0.48076923076922906,SHL
2022-09-04,205.1,213.0,205.0,205.0,26850.0,5547234.0,-0.019138755980861233,-1.9138755980861233,SHL
2022-09-05,207.5,209.0,206.0,206.1,15815.0,3281752.0,0.00536585365853659,0.536585365853659,SHL
2022-09-06,210.2,210.2,204.0,205.7,12203.0,2501151.0,-0.0019408054342552328,-0.19408054342552328,SHL
2022-09-07,205.0,206.0,203.0,205.0,5072.0,1035730.9,-0.003403014098201207,-0.3403014098201207,SHL
2022-09-08,201.2,207.0,201.2,206.0,18471.0,3784203.6,0.004878048780487809,0.4878048780487809,SHL
2022-09-11,209.0,210.0,202.0,202.0,15393.0,3135339.5,-0.01941747572815533,-1.9417475728155331,SHL
2022-09-12,204.0,204.7,201.1,204.0,23809.0,4806925.8,0.00990099009900991,0.990099009900991,SHL
2022-09-13,205.9,206.8,202.8,206.4,18972.0,3895267.4,0.0117647058823529,1.17647058823529,SHL
2022-09-14,210.5,211.9,203.1,210.0,25799.0,5395939.1,0.01744186046511631,1.744186046511631,SHL
2022-09-15,212.9,212.9,203.2,203.7,34839.0,7195855.4,-0.030000000000000027,-3.0000000000000027,SHL
2022-09-16,200.1,202.9,198.0,202.0,20136.0,4041656.5,-0.008345606283750584,-0.8345606283750584,SHL
2022-09-18,199.1,204.0,197.0,198.0,23672.0,4709227.5,-0.01980198019801982,-1.980198019801982,SHL
2022-09-20,196.0,199.9,193.3,196.0,26080.0,5086360.0,-0.010101010101010055,-1.0101010101010055,SHL
2022-09-21,199.8,199.8,195.2,198.0,8920.0,1762916.0,0.010204081632652962,1.0204081632652962,SHL
2022-09-22,196.1,198.0,195.0,196.9,10853.0,2134107.9,-0.005555555555555536,-0.5555555555555536,SHL
2022-09-25,194.0,195.0,192.9,194.7,39883.0,7730476.4,-0.011173184357541999,-1.1173184357541999,SHL
2022-09-27,194.7,199.0,192.0,196.0,28123.0,5476557.0,0.00667693888032872,0.667693888032872,SHL
2022-09-28,192.5,197.9,192.1,195.6,22750.0,4453290.0,-0.0020408163265306367,-0.20408163265306367,SHL
2022-09-29,191.8,203.3,191.8,197.9,9229.0,1815637.6,0.011758691206543936,1.1758691206543936,SHL
2022-10-09,200.5,203.0,197.0,203.0,8150.0,1630170.0,0.02577059120768066,2.577059120768066,SHL
2022-10-10,206.0,206.0,195.1,198.0,15451.0,3082262.3,-0.024630541871921152,-2.463054187192115,SHL
2022-10-11,194.3,202.0,194.3,199.8,7615.0,1507558.0,0.009090909090909038,0.9090909090909038,SHL
2022-10-12,197.2,203.0,197.2,199.1,7227.0,1448316.9,-0.003503503503503591,-0.3503503503503591,SHL
2022-10-13,199.0,207.0,199.0,200.0,4225.0,849182.9,0.0045203415369161615,0.45203415369161615,SHL
2022-10-16,200.0,203.0,199.4,200.9,15177.0,3046849.0,0.0044999999999999485,0.44999999999999485,SHL
2022-10-17,198.3,203.0,198.3,203.0,4705.0,941796.0,0.010452961672473782,1.0452961672473782,SHL
2022-10-19,207.0,217.0,207.0,213.0,175173.0,37212935.7,0.049261083743842304,4.92610837438423,SHL
2022-10-20,216.0,217.0,206.0,209.5,33954.0,7150187.0,-0.016431924882629123,-1.6431924882629123,SHL
2022-10-23,208.0,210.0,205.1,205.3,31614.0,6516060.0,-0.020047732696897302,-2.0047732696897302,SHL
2022-10-31,208.9,209.5,205.0,208.6,16700.0,3474791.3,0.016074037993180523,1.6074037993180523,SHL
2022-11-01,210.0,214.0,209.0,209.1,32440.0,6865920.0,0.0023969319271333056,0.23969319271333056,SHL
2022-11-02,212.0,215.0,210.0,212.0,21142.0,4503368.6,0.013868962219033998,1.3868962219033998,SHL
2022-11-03,212.0,213.9,210.5,210.5,14595.0,3093559.0,-0.007075471698113178,-0.7075471698113178,SHL
2022-11-06,211.5,213.5,210.1,213.0,30100.0,6393691.0,0.01187648456057011,1.187648456057011,SHL
2022-11-07,216.9,216.9,212.0,212.0,34237.0,7297416.1,-0.0046948356807511304,-0.46948356807511304,SHL
2022-11-08,212.0,213.8,207.8,212.0,15156.0,3227380.0,0.0,0.0,SHL
2022-11-09,214.0,214.0,205.6,209.0,33272.0,6920406.2,-0.014150943396226467,-1.4150943396226467,SHL
2022-11-10,211.0,211.0,205.0,206.0,31869.0,6570752.4,-0.014354066985645897,-1.4354066985645897,SHL
2022-11-13,210.0,210.0,206.4,208.0,5345.0,1108049.0,0.009708737864077666,0.9708737864077666,SHL
2022-11-14,205.0,209.0,205.0,209.0,13795.0,2865296.5,0.004807692307692291,0.48076923076922906,SHL
2022-11-15,209.0,213.0,208.0,211.9,29930.0,6300456.7,0.013875598086124485,1.3875598086124485,SHL
2022-11-16,210.0,212.5,210.0,210.0,19000.0,4009835.0,-0.008966493629070316,-0.8966493629070316,SHL
2022-11-17,212.0,214.0,211.0,212.0,29515.0,6274253.0,0.00952380952380949,0.952380952380949,SHL
2022-11-22,214.0,214.9,211.0,212.9,17017.0,3613503.3,0.004245283018867951,0.42452830188679513,SHL
2022-11-23,213.9,213.9,211.0,212.0,6444.0,1365737.2,-0.004227336777830049,-0.42273367778300486,SHL
2022-11-24,209.5,213.0,209.5,213.0,10773.0,2283227.5,0.004716981132075526,0.4716981132075526,SHL
2022-11-27,213.0,215.0,212.1,215.0,18525.0,3948347.1,0.009389671361502261,0.9389671361502261,SHL
2022-11-28,215.0,217.0,213.4,214.9,18731.0,4032278.0,-0.00046511627906975495,-0.046511627906975495,SHL
2022-11-29,216.0,216.0,212.1,214.8,17274.0,3693159.5,-0.0004653327128897322,-0.04653327128897322,SHL
2022-11-30,214.0,215.5,213.1,214.5,8974.0,1922729.0,-0.0013966480446927498,-0.13966480446927498,SHL
2022-12-01,213.5,217.0,213.5,215.5,11833.0,2555659.3,0.004662004662004726,0.4662004662004726,SHL
2022-12-04,215.1,221.9,215.1,218.0,41093.0,8987736.9,0.011600928074245953,1.1600928074245953,SHL
2022-12-05,218.0,222.3,216.0,217.9,46778.0,10227450.6,-0.0004587155963302614,-0.04587155963302614,SHL
2022-12-06,218.0,218.8,215.0,216.7,13312.0,2887261.0,-0.0055071133547499596,-0.550711335474996,SHL
2022-12-07,218.0,219.0,216.0,216.0,13400.0,2903718.0,-0.0032302722658051897,-0.32302722658051897,SHL
2022-12-11,215.0,216.8,213.0,215.0,25656.0,5508500.3,-0.00462962962962965,-0.462962962962965,SHL
2022-12-12,217.0,217.0,214.0,216.9,18262.0,3931652.2,0.008837209302325677,0.8837209302325677,SHL
2022-12-13,216.0,218.0,215.0,218.0,13589.0,2951444.5,0.005071461502996755,0.5071461502996755,SHL
2022-12-14,218.1,222.2,218.0,221.0,31896.0,7019634.3,0.013761467889908285,1.3761467889908285,SHL
2022-12-15,219.0,221.0,218.0,220.1,19521.0,4285817.6,-0.004072398190045234,-0.40723981900452344,SHL
2022-12-18,220.0,221.0,217.0,218.0,37964.0,8292802.6,-0.009541117673784627,-0.9541117673784627,SHL
2022-12-19,219.0,220.1,218.0,219.0,27947.0,6137479.3,0.004587155963302836,0.4587155963302836,SHL
2022-12-20,219.1,228.0,219.1,225.8,68695.0,15441494.4,0.031050228310502304,3.1050228310502304,SHL
2022-12-21,227.0,230.5,225.2,226.0,145753.0,33042721.2,0.0008857395925596645,0.08857395925596645,SHL
2022-12-22,211.0,211.0,200.1,205.0,45923.0,9415875.8,-0.09292035398230092,-9.292035398230091,SHL
2022-12-26,208.0,212.1,203.9,207.5,67409.0,13895935.7,0.012195121951219523,1.2195121951219523,SHL
2022-12-27,209.0,219.0,207.0,213.5,46844.0,9924430.4,0.028915662650602414,2.8915662650602414,SHL
2022-12-28,212.0,215.0,210.7,210.7,27621.0,5874120.0,-0.013114754098360715,-1.3114754098360715,SHL
2022-12-29,208.0,220.0,208.0,216.5,35944.0,7809131.3,0.027527289985761705,2.7527289985761705,SHL
2023-01-01,217.0,218.9,213.0,214.0,39627.0,8532327.8,-0.011547344110854452,-1.1547344110854452,SHL
2023-01-02,214.0,216.8,212.2,214.7,16700.0,3586554.8,0.0032710280373831058,0.3271028037383106,SHL
2023-01-03,218.8,227.0,215.2,220.3,84182.0,18760003.4,0.026082906380996862,2.608290638099686,SHL
2023-01-04,221.0,223.9,215.3,223.0,27977.0,6169118.1,0.01225601452564673,1.225601452564673,SHL
2023-01-05,225.0,234.9,221.0,233.0,98676.0,22374873.2,0.04484304932735417,4.484304932735417,SHL
2023-01-08,230.0,239.5,228.0,237.7,85874.0,20129139.9,0.020171673819742386,2.0171673819742386,SHL
2023-01-09,239.5,239.5,231.5,235.0,50277.0,11813700.5,-0.011358855700462689,-1.1358855700462689,SHL
2023-01-10,239.7,239.7,227.1,227.1,115889.0,27135407.2,-0.033617021276595715,-3.3617021276595715,SHL
2023-01-12,231.6,231.6,219.0,222.0,61729.0,13791570.4,-0.022457067371202122,-2.245706737120212,SHL
2023-01-17,217.6,230.8,217.6,229.9,45224.0,10255732.2,0.035585585585585555,3.5585585585585555,SHL
2023-01-18,234.0,235.5,225.4,228.5,62701.0,14510580.0,-0.006089604175728569,-0.6089604175728569,SHL
2023-01-19,230.0,231.9,226.1,227.0,22499.0,5137491.8,-0.006564551422319487,-0.6564551422319487,SHL
2023-01-23,231.0,231.0,224.0,224.2,32811.0,7472876.0,-0.012334801762114544,-1.2334801762114544,SHL
2023-01-24,220.1,229.5,220.1,229.5,21270.0,4791072.2,0.023639607493309622,2.3639607493309622,SHL
2023-01-25,226.0,234.5,226.0,231.5,46413.0,10784093.1,0.008714596949890963,0.8714596949890963,SHL
2023-01-26,235.5,235.5,230.3,233.0,36977.0,8623769.8,0.00647948164146861,0.647948164146861,SHL
2023-01-29,230.0,235.0,225.4,233.9,29133.0,6760837.9,0.0038626609442060644,0.38626609442060644,SHL
2023-01-30,235.0,235.9,226.0,226.0,38767.0,8920341.9,-0.03377511757161178,-3.377511757161178,SHL
2023-01-31,225.3,227.0,221.7,223.0,48001.0,10721665.5,-0.013274336283185861,-1.3274336283185861,SHL
2023-02-01,223.0,230.8,221.5,229.9,29472.0,6758815.7,0.030941704035874373,3.0941704035874373,SHL
2023-02-02,225.6,229.6,223.0,224.0,14396.0,3244007.7,-0.02566333188342762,-2.566333188342762,SHL
2023-02-05,224.0,231.8,224.0,227.0,26776.0,6056845.0,0.013392857142857206,1.3392857142857206,SHL
2023-02-06,224.2,229.0,224.0,228.9,18773.0,4253328.0,0.008370044052863568,0.8370044052863568,SHL
2023-02-07,228.0,234.6,228.0,234.0,58890.0,13670734.3,0.022280471821756187,2.2280471821756187,SHL
2023-02-08,236.0,237.9,231.0,232.0,85760.0,20164402.4,-0.008547008547008517,-0.8547008547008517,SHL
2023-02-09,232.0,234.0,229.0,232.4,30918.0,7122801.4,0.0017241379310344307,0.17241379310344307,SHL
2023-02-12,229.0,233.9,224.3,229.0,46338.0,10605620.0,-0.014629948364888179,-1.462994836488818,SHL
2023-02-14,226.3,230.0,226.3,227.0,14868.0,3389131.0,-0.008733624454148492,-0.8733624454148492,SHL
2023-02-15,229.0,229.0,221.5,223.0,21361.0,4798096.4,-0.017621145374449365,-1.7621145374449365,SHL
2023-02-16,224.0,225.0,219.5,221.0,28217.0,6254385.0,-0.008968609865470878,-0.8968609865470878,SHL
2023-02-20,220.0,222.0,218.0,218.0,23698.0,5214579.2,-0.013574660633484115,-1.3574660633484115,SHL
2023-02-22,222.2,226.5,220.0,226.4,14712.0,3296345.5,0.038532110091743066,3.8532110091743066,SHL
2023-02-23,223.0,226.0,216.6,218.1,42279.0,9217726.4,-0.03666077738515905,-3.666077738515905,SHL
2023-02-26,215.6,225.0,215.6,225.0,25495.0,5599194.3,0.031636863823933936,3.1636863823933936,SHL
2023-02-27,228.0,228.0,216.6,226.0,20830.0,4627376.7,0.004444444444444473,0.4444444444444473,SHL
2023-02-28,222.4,227.0,222.4,224.6,17920.0,4024510.0,-0.006194690265486802,-0.6194690265486802,SHL
2023-03-01,222.0,224.4,220.2,222.5,12383.0,2751055.8,-0.009349955476402494,-0.9349955476402494,SHL
2023-03-02,222.0,223.9,216.4,220.9,18219.0,4022564.0,-0.007191011235955003,-0.7191011235955003,SHL
2023-03-05,220.9,222.3,215.8,217.1,12135.0,2657823.2,-0.01720235400633774,-1.720235400633774,SHL
2023-03-07,218.5,221.0,217.0,218.9,15122.0,3300331.2,0.008291110087517373,0.8291110087517373,SHL
2023-03-09,219.0,225.0,219.0,224.0,15282.0,3396248.8,0.023298309730470423,2.3298309730470423,SHL
2023-03-12,225.0,225.0,221.0,225.0,11909.0,2648605.5,0.0044642857142858094,0.44642857142858094,SHL
2023-03-13,220.6,224.8,220.5,223.5,10945.0,2435379.0,-0.00666666666666671,-0.666666666666671,SHL
2023-03-14,221.6,225.0,220.4,224.0,12931.0,2887980.4,0.0022371364653244186,0.22371364653244186,SHL
2023-03-15,222.0,225.0,218.0,223.9,15741.0,3490411.1,-0.00044642857142851433,-0.04464285714285143,SHL
2023-03-16,223.0,225.9,221.0,221.1,14057.0,3137147.6,-0.01250558284948644,-1.250558284948644,SHL
2023-03-19,223.0,225.0,221.0,221.6,15447.0,3445601.6,0.002261420171868034,0.22614201718680338,SHL
2023-03-20,222.5,226.0,222.1,226.0,21899.0,4927606.5,0.019855595667870096,1.9855595667870096,SHL
2023-03-22,229.0,231.0,225.2,226.2,28957.0,6594045.4,0.0008849557522123686,0.08849557522123686,SHL
2023-03-23,225.0,226.5,222.1,224.0,14401.0,3213094.4,-0.00972590627763037,-0.972590627763037,SHL
2023-03-26,226.0,226.0,220.0,223.0,95553.0,21463963.3,-0.004464285714285698,-0.44642857142856984,SHL
2023-03-27,223.0,227.0,222.1,227.0,16069.0,3619436.8,0.017937219730941756,1.7937219730941756,SHL
2023-03-28,229.0,229.0,225.0,228.8,48446.0,11026344.1,0.007929515418502175,0.7929515418502175,SHL
2023-03-29,225.7,235.5,225.5,233.0,65793.0,15288627.9,0.018356643356643332,1.8356643356643332,SHL
2023-03-30,230.2,241.6,230.0,237.8,82795.0,19651724.1,0.020600858369098862,2.0600858369098862,SHL
2023-04-02,242.5,247.7,230.4,238.0,78935.0,19004908.2,0.000841042893187538,0.0841042893187538,SHL
2023-04-03,233.5,239.4,232.0,234.2,38791.0,9071261.7,-0.015966386554621903,-1.5966386554621903,SHL
2023-04-04,232.0,237.1,230.1,234.0,34531.0,8053035.8,-0.0008539709649871829,-0.0853970964987183,SHL
2023-04-05,230.1,239.0,226.0,235.9,35964.0,8395933.4,0.00811965811965809,0.8119658119658091,SHL
2023-04-06,238.0,238.0,233.1,234.8,23190.0,5455182.6,-0.004662992793556531,-0.4662992793556531,SHL
2023-04-09,239.4,239.4,229.0,229.1,16168.0,3736733.1,-0.02427597955706995,-2.427597955706995,SHL
2023-04-10,229.0,233.4,228.1,232.5,8757.0,2025887.7,0.014840680925360061,1.4840680925360061,SHL
2023-04-11,234.0,241.0,233.6,237.0,22177.0,5283207.8,0.019354838709677358,1.9354838709677358,SHL
2023-04-12,241.0,245.0,237.0,245.0,121862.0,29346662.4,0.03375527426160341,3.3755274261603407,SHL
2023-04-13,249.0,249.0,241.0,245.9,105415.0,25928022.8,0.003673469387755146,0.3673469387755146,SHL
2023-04-16,249.0,268.0,247.0,259.0,151228.0,38904409.6,0.05327368849125658,5.327368849125658,SHL
2023-04-17,260.0,263.9,253.0,256.0,87714.0,22637568.1,-0.01158301158301156,-1.158301158301156,SHL
2023-04-18,255.5,263.0,250.0,261.8,93658.0,24037005.9,0.022656250000000044,2.2656250000000044,SHL
2023-04-19,260.0,265.0,258.0,264.5,43624.0,11369724.0,0.01031321619556902,1.031321619556902,SHL
2023-04-20,260.5,268.9,260.5,262.9,57988.0,15285241.9,-0.0060491493383744155,-0.6049149338374415,SHL
2023-04-23,263.0,263.0,253.4,253.8,60555.0,15543529.3,-0.0346139216432102,-3.46139216432102,SHL
2023-04-24,253.0,257.0,251.0,252.8,21920.0,5551364.8,-0.003940110323089052,-0.3940110323089052,SHL
2023-04-25,252.0,259.6,252.0,258.1,33353.0,8576736.2,0.020965189873417778,2.0965189873417778,SHL
2023-04-26,256.0,263.0,256.0,258.6,49254.0,12814397.6,0.0019372336303757898,0.19372336303757898,SHL
2023-04-27,262.0,265.0,255.3,264.9,64446.0,16817779.0,0.024361948955916368,2.436194895591637,SHL
2023-04-30,263.0,269.0,260.6,266.0,59508.0,15874539.5,0.004152510381276064,0.41525103812760644,SHL
2023-05-02,263.0,268.0,263.0,265.5,36591.0,9721848.7,-0.001879699248120259,-0.1879699248120259,SHL
2023-05-03,267.0,267.0,259.0,260.0,33930.0,8882497.7,-0.020715630885122405,-2.0715630885122405,SHL
2023-05-04,255.0,265.0,250.1,262.0,37970.0,9866807.2,0.007692307692307665,0.7692307692307665,SHL
2023-05-07,260.0,262.5,258.3,259.9,30415.0,7919124.8,-0.00801526717557266,-0.801526717557266,SHL
2023-05-08,258.0,262.0,255.3,256.6,25102.0,6458717.9,-0.012697191227394988,-1.2697191227394988,SHL
2023-05-09,261.0,265.0,257.1,261.0,41130.0,10725024.8,0.017147310989867437,1.7147310989867437,SHL
2023-05-10,256.3,265.0,256.3,262.0,37566.0,9878479.9,0.003831417624521105,0.3831417624521105,SHL
2023-05-11,264.0,264.5,260.0,263.8,26170.0,6842918.2,0.006870229007633677,0.6870229007633677,SHL
2023-05-14,265.0,269.0,253.0,260.0,69568.0,17903539.4,-0.014404852160727843,-1.4404852160727843,SHL
2023-05-15,260.9,260.9,252.5,257.0,24807.0,6339626.8,-0.011538461538461497,-1.1538461538461497,SHL
2023-05-16,256.0,261.0,256.0,258.0,15359.0,3976445.0,0.0038910505836575737,0.3891050583657574,SHL
2023-05-17,255.3,260.0,255.0,258.8,26768.0,6905669.1,0.0031007751937985883,0.31007751937985883,SHL
2023-05-18,259.0,270.0,258.0,268.5,86158.0,22919315.0,0.0374806800618237,3.74806800618237,SHL
2023-05-21,270.0,280.0,267.0,279.0,95017.0,26046071.3,0.03910614525139655,3.910614525139655,SHL
2023-05-22,279.0,295.0,274.4,284.0,216022.0,61768923.5,0.017921146953405076,1.7921146953405076,SHL
2023-05-23,284.0,295.0,284.0,291.5,129213.0,37467204.0,0.02640845070422526,2.640845070422526,SHL
2023-05-24,294.0,309.3,286.2,309.0,190776.0,56819745.9,0.06003430531732423,6.003430531732423,SHL
2023-05-28,315.1,320.0,300.0,301.0,284769.0,88669067.9,-0.02588996763754048,-2.588996763754048,SHL
2023-05-30,298.0,303.9,289.1,295.8,181915.0,53791746.9,-0.017275747508305628,-1.7275747508305628,SHL
2023-05-31,290.0,300.0,284.2,286.0,122990.0,35724610.4,-0.03313049357674103,-3.3130493576741027,SHL
2023-06-01,291.7,298.0,285.0,291.0,105855.0,30809080.4,0.0174825174825175,1.7482517482517501,SHL
2023-06-04,296.0,320.0,296.0,319.0,260186.0,81314386.4,0.09621993127147777,9.621993127147777,SHL
2023-06-05,324.8,329.9,315.0,320.0,226079.0,73095230.6,0.0031347962382444194,0.31347962382444194,SHL
2023-06-06,320.0,350.7,318.1,348.0,284955.0,96872433.2,0.08749999999999991,8.749999999999991,SHL
2023-06-07,354.5,360.0,335.0,343.0,290070.0,101310734.2,-0.014367816091954033,-1.4367816091954033,SHL
2023-06-08,344.0,351.0,338.0,342.0,218172.0,75339538.7,-0.002915451895043719,-0.2915451895043719,SHL
2023-06-11,347.5,350.0,335.2,346.0,203084.0,70316725.7,0.011695906432748648,1.1695906432748648,SHL
2023-06-12,340.2,377.0,340.2,375.3,421428.0,152858821.7,0.08468208092485563,8.468208092485563,SHL
2023-06-13,374.0,396.6,370.1,386.0,314880.0,121846780.6,0.028510524913402557,2.8510524913402557,SHL
2023-06-14,385.0,393.7,376.0,381.0,275813.0,106440685.0,-0.012953367875647714,-1.2953367875647714,SHL
2023-06-15,381.0,407.0,369.8,407.0,412405.0,160402881.2,0.06824146981627299,6.824146981627299,SHL
2023-06-18,411.0,444.0,402.5,443.4,391209.0,166600999.9,0.08943488943488931,8.94348894348893,SHL
2023-06-19,443.0,449.0,417.5,436.0,413282.0,178925599.9,-0.016689219666215505,-1.6689219666215505,SHL
2023-06-20,433.0,450.8,428.5,438.0,248515.0,109592371.7,0.004587155963302836,0.4587155963302836,SHL
2023-06-21,446.7,474.0,431.3,470.6,420174.0,193516611.5,0.07442922374429228,7.442922374429228,SHL
2023-06-22,470.5,517.6,458.0,513.3,595602.0,296382738.1,0.09073523161920938,9.073523161920939,SHL
2023-06-25,505.0,535.0,491.0,517.0,757920.0,389093517.3,0.007208260276641454,0.7208260276641454,SHL
2023-06-26,517.0,536.0,507.0,519.9,520687.0,272696091.2,0.00560928433268848,0.560928433268848,SHL
2023-06-27,530.0,533.9,510.0,518.0,428144.0,224229638.4,-0.003654548951721459,-0.3654548951721459,SHL
2023-06-28,528.0,528.0,496.0,503.1,462726.0,235638999.1,-0.02876447876447874,-2.876447876447874,SHL
2023-07-02,513.0,513.0,479.0,483.0,420702.0,208650316.3,-0.03995229576624926,-3.9952295766249257,SHL
2023-07-03,485.0,505.0,465.0,484.8,429779.0,209439285.0,0.003726708074534235,0.3726708074534235,SHL
2023-07-04,492.0,497.4,476.3,495.0,149335.0,73264602.1,0.021039603960395947,2.1039603960395947,SHL
2023-07-05,503.0,503.0,478.0,480.0,196619.0,95774240.8,-0.030303030303030276,-3.0303030303030276,SHL
2023-07-06,482.0,490.0,471.4,485.0,221429.0,106900979.4,0.01041666666666674,1.041666666666674,SHL
2023-07-09,487.0,505.0,487.0,502.0,281978.0,140848826.0,0.035051546391752675,3.5051546391752675,SHL
2023-07-10,512.0,514.0,490.0,496.1,664961.0,331290912.6,-0.011752988047808666,-1.1752988047808666,SHL
2023-07-11,506.0,506.0,485.1,491.0,215621.0,106765408.8,-0.01028018544648257,-1.028018544648257,SHL
2023-07-12,497.0,497.0,480.1,480.1,187533.0,91401809.1,-0.022199592668024404,-2.2199592668024404,SHL
2023-07-13,475.0,499.0,475.0,486.0,364928.0,179294561.9,0.012289106436158992,1.2289106436158992,SHL
2023-07-16,494.0,494.0,480.0,485.0,111915.0,54487518.7,-0.002057613168724326,-0.2057613168724326,SHL
2023-07-17,488.0,499.5,479.0,497.0,157729.0,77332248.0,0.024742268041237025,2.4742268041237025,SHL
2023-07-18,506.0,506.0,477.3,485.0,169862.0,83323586.3,-0.024144869215291798,-2.4144869215291798,SHL
2023-07-19,490.0,490.0,473.4,481.9,105633.0,50950986.8,-0.006391752577319609,-0.6391752577319609,SHL
2023-07-20,488.0,488.0,470.0,480.0,195233.0,93496320.2,-0.0039427267067856375,-0.39427267067856375,SHL
2023-07-23,485.0,492.0,474.5,478.0,166292.0,80565914.6,-0.004166666666666652,-0.4166666666666652,SHL
2023-07-24,478.0,485.2,461.0,465.0,221811.0,104955717.2,-0.027196652719665315,-2.7196652719665315,SHL
2023-07-25,460.0,483.0,451.8,473.0,326051.0,152779074.3,0.017204301075268713,1.7204301075268713,SHL
2023-07-26,475.0,479.9,463.0,464.0,126019.0,59307540.5,-0.019027484143763207,-1.9027484143763207,SHL
2023-07-27,464.5,469.0,455.1,457.0,104460.0,48095977.5,-0.015086206896551713,-1.5086206896551713,SHL
2023-07-30,458.6,459.9,434.0,447.9,268774.0,119915284.4,-0.01991247264770246,-1.9912472647702462,SHL
2023-07-31,450.0,457.5,441.0,447.0,121514.0,54760353.3,-0.002009377093101117,-0.20093770931011168,SHL
2023-08-01,455.0,455.9,429.0,430.0,143373.0,62650837.0,-0.03803131991051456,-3.803131991051456,SHL
2023-08-02,438.0,443.0,424.4,439.0,121445.0,52725053.9,0.020930232558139528,2.0930232558139528,SHL
2023-08-03,443.5,446.9,435.0,436.0,101469.0,44729904.0,-0.006833712984054663,-0.6833712984054663,SHL
2023-08-06,436.1,441.9,418.2,422.8,152360.0,64623514.5,-0.03027522935779814,-3.027522935779814,SHL
2023-08-07,422.9,433.0,414.1,427.0,178122.0,75758571.3,0.009933774834437026,0.9933774834437026,SHL
2023-08-08,434.0,434.0,411.6,420.0,96898.0,40972552.1,-0.016393442622950838,-1.6393442622950838,SHL
2023-08-09,412.0,438.0,412.0,437.0,125094.0,53479491.9,0.040476190476190554,4.047619047619055,SHL
2023-08-10,437.1,471.1,431.3,461.7,372232.0,169582610.4,0.05652173913043468,5.652173913043468,SHL
2023-08-13,465.0,484.0,456.0,477.0,307246.0,145299096.2,0.033138401559454245,3.3138401559454245,SHL
2023-08-14,484.8,484.9,462.0,463.0,231909.0,108732146.0,-0.02935010482180289,-2.935010482180289,SHL
2023-08-15,469.5,469.5,449.1,450.1,166147.0,76215563.2,-0.027861771058315332,-2.786177105831533,SHL
2023-08-16,447.0,454.0,438.0,453.0,133170.0,59408273.8,0.006443012663852388,0.6443012663852388,SHL
2023-08-17,460.0,474.0,449.0,463.0,295677.0,137105646.8,0.02207505518763786,2.207505518763786,SHL
2023-08-20,468.0,468.4,452.0,452.0,88545.0,40618850.2,-0.023758099352051865,-2.3758099352051865,SHL
2023-08-21,450.0,461.0,444.2,450.0,127440.0,57861950.4,-0.004424778761061954,-0.4424778761061954,SHL
2023-08-22,451.0,461.0,445.9,458.0,90803.0,41409658.4,0.01777777777777767,1.777777777777767,SHL
2023-08-23,453.1,470.0,453.1,463.0,151713.0,70629098.3,0.01091703056768556,1.091703056768556,SHL
2023-08-24,463.0,470.0,453.8,455.1,170218.0,78795634.7,-0.017062634989200798,-1.7062634989200798,SHL
2023-08-27,463.0,463.0,445.0,448.0,109762.0,49312355.4,-0.015600966820479067,-1.5600966820479067,SHL
2023-08-28,449.0,458.0,441.0,452.0,109939.0,49807934.2,0.008928571428571397,0.8928571428571397,SHL
2023-08-29,459.5,459.5,449.0,450.0,46892.0,21147256.2,-0.004424778761061954,-0.4424778761061954,SHL
2023-08-30,455.0,455.0,449.0,451.0,55097.0,24854055.8,0.0022222222222221255,0.22222222222221255,SHL
2023-09-03,457.5,457.5,435.0,438.0,88202.0,38888106.0,-0.02882483370288247,-2.882483370288247,SHL
2023-09-04,442.0,448.0,433.0,443.0,76994.0,33876623.4,0.011415525114155223,1.1415525114155223,SHL
2023-09-05,445.0,445.0,435.0,439.0,40884.0,17958284.1,-0.009029345372460473,-0.9029345372460473,SHL
2023-09-07,435.0,439.0,432.1,434.0,92513.0,40198928.0,-0.011389521640091105,-1.1389521640091105,SHL
2023-09-10,442.6,445.0,436.1,437.0,79082.0,34781446.2,0.00691244239631339,0.691244239631339,SHL
2023-09-11,438.2,460.0,438.2,456.0,115794.0,52418782.9,0.04347826086956519,4.347826086956519,SHL
2023-09-12,452.0,462.0,446.1,447.6,65591.0,29873733.2,-0.018421052631578894,-1.8421052631578894,SHL
2023-09-13,440.0,466.0,440.0,464.0,146123.0,67083438.3,0.03663985701519201,3.663985701519201,SHL
2023-09-17,459.0,460.0,444.0,447.0,102798.0,46579966.9,-0.03663793103448276,-3.6637931034482762,SHL
2023-09-18,445.2,458.0,443.0,451.1,51227.0,23158547.3,0.009172259507830072,0.9172259507830072,SHL
2023-09-19,451.3,455.0,448.3,451.1,50582.0,22851758.5,0.0,0.0,SHL
2023-09-21,460.0,470.0,451.8,460.0,161590.0,74711423.3,0.01972954998891585,1.972954998891585,SHL
2023-09-24,455.0,466.9,449.8,451.0,79104.0,36186177.4,-0.019565217391304346,-1.9565217391304346,SHL
2023-09-25,450.0,459.0,447.2,450.0,52006.0,23440748.0,-0.0022172949002217113,-0.22172949002217113,SHL
2023-09-26,456.0,460.0,445.0,452.0,51455.0,23358038.8,0.004444444444444473,0.4444444444444473,SHL
2023-09-27,454.0,454.0,445.0,447.0,64977.0,29085643.1,-0.011061946902654829,-1.106194690265483,SHL
2023-10-01,442.1,448.0,438.5,438.5,47500.0,20976572.3,-0.019015659955257225,-1.9015659955257225,SHL
2023-10-02,430.0,437.0,421.0,431.1,189731.0,81064978.9,-0.016875712656784447,-1.6875712656784447,SHL
2023-10-03,425.0,433.5,424.0,430.0,48353.0,20782770.6,-0.002551612154952476,-0.2551612154952476,SHL
2023-10-04,430.0,443.0,430.0,438.2,48328.0,21181689.2,0.019069767441860508,1.9069767441860508,SHL
2023-10-05,439.0,442.5,428.0,434.2,70679.0,30941338.6,-0.009128251939753529,-0.9128251939753529,SHL
2023-10-08,442.0,442.0,422.0,422.0,98954.0,42303176.9,-0.028097650852141887,-2.8097650852141887,SHL
2023-10-09,422.0,430.0,421.0,422.0,45986.0,19499235.2,0.0,0.0,SHL
2023-10-10,422.5,425.0,410.0,414.0,59829.0,24861381.0,-0.018957345971563955,-1.8957345971563955,SHL
2023-10-11,422.2,422.2,410.5,415.0,32563.0,13534481.6,0.0024154589371980784,0.24154589371980784,SHL
2023-10-12,416.0,417.0,407.7,407.7,59890.0,24614176.6,-0.017590361445783187,-1.7590361445783187,SHL
2023-10-16,406.1,406.1,390.0,395.0,54778.0,21706866.6,-0.03115035565366686,-3.115035565366686,SHL
2023-10-17,401.0,409.0,391.0,393.0,36312.0,14390137.6,-0.005063291139240533,-0.5063291139240533,SHL
2023-10-18,390.0,410.0,390.0,405.0,28545.0,11529257.4,0.03053435114503822,3.053435114503822,SHL
2023-10-19,404.0,405.0,394.9,398.0,37793.0,15143703.6,-0.01728395061728394,-1.7283950617283939,SHL
2023-10-29,396.0,398.0,387.0,391.9,20693.0,8090344.0,-0.015326633165829162,-1.5326633165829162,SHL
2023-10-30,385.0,393.0,385.0,390.0,27110.0,10539417.0,-0.00484817555498851,-0.48481755549885097,SHL
2023-10-31,388.0,391.0,386.3,389.0,22040.0,8558093.6,-0.002564102564102555,-0.2564102564102555,SHL
2023-11-01,390.0,392.0,382.2,383.7,26094.0,10068105.6,-0.013624678663239131,-1.3624678663239131,SHL
2023-11-02,384.0,403.0,383.1,402.0,71809.0,27981764.8,0.04769351055512128,4.769351055512128,SHL
2023-11-05,402.0,409.0,390.0,405.0,45678.0,18218276.0,0.00746268656716409,0.746268656716409,SHL
2023-11-06,413.1,433.0,405.0,428.5,152580.0,64320910.0,0.05802469135802468,5.802469135802468,SHL
2023-11-07,435.0,437.0,423.0,434.0,86699.0,37438635.5,0.012835472578763163,1.2835472578763163,SHL
2023-11-08,428.0,436.5,428.0,428.2,50391.0,21755651.1,-0.013364055299539213,-1.3364055299539213,SHL
2023-11-09,428.0,428.0,420.0,420.0,90376.0,38126079.6,-0.019149929939280663,-1.9149929939280663,SHL
2023-11-20,422.0,422.0,400.9,409.0,167100.0,68436804.0,-0.02619047619047621,-2.619047619047621,SHL
2023-11-21,404.0,408.0,396.2,400.0,71848.0,28827722.0,-0.022004889975550168,-2.200488997555017,SHL
2023-11-22,400.0,415.9,396.0,412.0,55249.0,22557561.5,0.030000000000000027,3.0000000000000027,SHL
2023-11-23,407.0,422.0,405.1,415.0,63518.0,26399962.7,0.00728155339805836,0.728155339805836,SHL
2023-11-26,406.8,422.0,406.8,416.0,70024.0,29224242.8,0.002409638554216942,0.24096385542169418,SHL
2023-11-27,416.0,423.4,413.1,416.0,79514.0,33275048.5,0.0,0.0,SHL
2023-11-28,411.0,436.5,411.0,429.0,153446.0,65808960.0,0.03125,3.125,SHL
2023-11-29,435.0,442.0,422.0,429.8,98648.0,42769945.8,0.0018648018648019793,0.18648018648019793,SHL
2023-11-30,430.0,432.4,422.0,423.0,102921.0,43970202.5,-0.01582131223825034,-1.582131223825034,SHL
2023-12-03,423.0,425.4,415.0,424.9,54827.0,23010980.7,0.004491725768321464,0.4491725768321464,SHL
2023-12-04,427.9,431.0,418.0,422.0,59446.0,25363440.4,-0.006825135325958964,-0.6825135325958964,SHL
2023-12-05,423.0,426.0,416.0,420.0,34833.0,14637975.9,-0.004739336492891044,-0.4739336492891044,SHL
2023-12-06,419.0,421.9,416.0,417.0,38533.0,16101758.8,-0.0071428571428571175,-0.7142857142857117,SHL
2023-12-07,415.0,429.9,415.0,420.0,70011.0,29592187.9,0.007194244604316502,0.7194244604316502,SHL
2023-12-10,428.0,445.0,428.0,440.0,35292.0,15516890.5,0.04761904761904767,4.761904761904767,SHL
2023-12-11,445.0,448.0,433.0,440.1,244683.0,108050932.2,0.00022727272727274261,0.02272727272727426,SHL
2023-12-12,443.0,474.9,442.0,466.0,257055.0,118176683.8,0.058850261304248974,5.885026130424897,SHL
2023-12-13,470.0,474.0,452.0,455.0,126816.0,58899384.0,-0.023605150214592308,-2.3605150214592308,SHL
2023-12-14,458.0,471.2,451.5,461.0,106831.0,49183079.3,0.01318681318681314,1.318681318681314,SHL
2023-12-17,455.0,475.5,451.0,471.0,173530.0,81171037.0,0.021691973969631295,2.1691973969631295,SHL
2023-12-18,479.0,497.7,462.6,488.0,381248.0,184347095.0,0.03609341825902335,3.6093418259023347,SHL
2023-12-19,495.0,519.6,482.2,515.0,569116.0,287324331.5,0.055327868852458995,5.5327868852458995,SHL
2023-12-20,525.0,533.0,507.0,507.0,474000.0,245377640.6,-0.01553398058252431,-1.553398058252431,SHL
2023-12-21,492.0,492.0,466.0,468.8,221387.0,105528538.0,-0.07534516765285992,-7.534516765285993,SHL
2023-12-24,465.0,490.0,460.9,461.0,265774.0,125789696.0,-0.016638225255972694,-1.6638225255972694,SHL
2023-12-27,467.9,470.0,452.0,459.9,104221.0,47765064.7,-0.0023861171366594824,-0.23861171366594824,SHL
2023-12-28,466.0,471.9,453.0,461.2,147502.0,68157254.3,0.0028267014568383875,0.28267014568383875,SHL
2024-01-01,468.0,474.0,455.9,458.0,137081.0,63570399.7,-0.006938421509106618,-0.6938421509106618,SHL
2024-01-02,462.0,462.0,441.4,441.6,162562.0,73099683.0,-0.03580786026200866,-3.580786026200866,SHL
2024-01-03,450.0,457.0,439.1,455.0,138983.0,62495949.1,0.030344202898550776,3.0344202898550776,SHL
2024-01-04,462.0,472.0,454.0,456.7,234252.0,109061049.5,0.0037362637362636786,0.37362637362636786,SHL
2024-01-07,454.0,465.0,450.0,453.1,122112.0,55806180.0,-0.007882636303919388,-0.7882636303919388,SHL
2024-01-08,460.0,465.0,454.3,459.1,139242.0,64058333.5,0.013242109909512356,1.3242109909512356,SHL
2024-01-09,468.2,492.0,464.0,484.0,363290.0,175381612.8,0.05423654977129155,5.423654977129155,SHL
2024-01-10,488.0,493.6,480.0,484.0,262213.0,127383774.8,0.0,0.0,SHL
2024-01-11,481.0,490.0,470.4,477.6,77025.0,37069257.4,-0.013223140495867702,-1.3223140495867702,SHL
2024-01-14,483.0,488.4,473.0,478.0,88633.0,42765707.6,0.0008375209380233617,0.08375209380233617,SHL
2024-01-16,483.0,492.0,476.3,485.1,160856.0,78439634.4,0.014853556485355801,1.48535564853558,SHL
2024-01-17,490.0,494.0,470.0,477.9,207694.0,100281106.2,-0.014842300556586419,-1.4842300556586419,SHL
2024-01-18,475.0,480.0,463.0,469.0,150927.0,71411948.8,-0.018623142916928126,-1.8623142916928126,SHL
2024-01-21,469.0,478.0,461.0,463.4,144246.0,67596557.3,-0.011940298507462699,-1.1940298507462699,SHL
2024-01-22,460.1,475.0,455.8,461.0,97443.0,45268053.2,-0.005179110919292129,-0.5179110919292129,SHL
2024-01-23,465.0,475.0,460.0,474.0,124374.0,58228602.9,0.02819956616052055,2.819956616052055,SHL
2024-01-24,483.0,483.0,463.3,467.3,170197.0,80737747.1,-0.01413502109704634,-1.413502109704634,SHL
2024-01-25,468.0,472.0,455.7,461.0,62533.0,29140308.8,-0.013481703402525191,-1.3481703402525191,SHL
2024-01-28,460.0,469.0,451.0,459.5,66350.0,30568536.0,-0.0032537960954447387,-0.32537960954447387,SHL
2024-01-29,468.0,470.0,459.6,462.1,58265.0,27057618.9,0.005658324265505943,0.5658324265505943,SHL
2024-01-30,464.0,465.0,460.0,461.2,73253.0,33917750.8,-0.001947630383034027,-0.1947630383034027,SHL
2024-01-31,463.1,468.0,451.2,454.0,94199.0,43407280.7,-0.015611448395490002,-1.5611448395490002,SHL
2024-02-01,460.0,460.0,452.4,454.1,60780.0,27665384.3,0.00022026431718069617,0.022026431718069617,SHL
2024-02-04,446.3,460.0,440.0,456.9,35190.0,16014693.9,0.006166042721867271,0.6166042721867271,SHL
2024-02-05,458.0,465.0,449.9,457.0,61194.0,28182209.9,0.00021886627270739645,0.021886627270739645,SHL
2024-02-06,464.6,464.6,456.1,460.2,23978.0,11055379.0,0.0070021881838073785,0.7002188183807379,SHL
2024-02-07,462.0,473.0,460.0,468.0,110431.0,51620466.9,0.016949152542372836,1.6949152542372836,SHL
2024-02-08,470.0,473.0,464.0,470.2,79676.0,37458595.8,0.004700854700854684,0.4700854700854684,SHL
2024-02-11,479.6,479.6,461.5,465.0,71112.0,33231093.0,-0.011059123777116042,-1.1059123777116042,SHL
2024-02-12,462.0,466.5,459.3,464.7,37991.0,17572201.2,-0.00064516129032266,-0.064516129032266,SHL
2024-02-13,456.0,461.0,447.2,454.0,67454.0,30704212.5,-0.023025607919087587,-2.3025607919087587,SHL
2024-02-14,454.0,459.0,444.0,453.1,52903.0,23999772.5,-0.0019823788546254884,-0.19823788546254884,SHL
2024-02-15,454.1,458.0,446.0,452.1,64029.0,29044941.5,-0.0022070183182520964,-0.22070183182520964,SHL
2024-02-18,461.0,461.0,440.9,449.8,33837.0,15230125.2,-0.005087370050873674,-0.5087370050873674,SHL
2024-02-20,452.0,454.8,448.0,449.5,34012.0,15310814.3,-0.0006669630947088168,-0.06669630947088168,SHL
2024-02-21,456.5,456.5,439.5,447.0,35901.0,16092480.3,-0.005561735261401579,-0.5561735261401579,SHL
2024-02-22,453.6,453.6,436.0,440.0,41416.0,18273312.1,-0.015659955257270708,-1.5659955257270708,SHL
2024-02-25,433.0,445.0,432.0,433.0,32429.0,14158958.1,-0.015909090909090873,-1.5909090909090873,SHL
2024-02-26,433.1,443.0,432.0,441.6,20224.0,8832448.6,0.0198614318706698,1.98614318706698,SHL
2024-02-27,440.0,445.0,435.2,437.1,17987.0,7878865.3,-0.010190217391304324,-1.0190217391304324,SHL
2024-02-28,435.0,443.0,433.2,440.0,21604.0,9526868.5,0.006634637382749942,0.6634637382749942,SHL
2024-02-29,440.0,441.0,428.3,428.5,33334.0,14426212.0,-0.026136363636363624,-2.6136363636363624,SHL
2024-03-03,428.5,435.0,426.1,432.0,36893.0,15840409.5,0.008168028004667427,0.8168028004667427,SHL
2024-03-04,440.6,457.0,440.6,457.0,2635.0,1193227.5,0.05787037037037046,5.787037037037046,SHL
2024-03-05,460.0,460.0,438.0,438.0,37220.0,16496540.0,-0.04157549234135671,-4.157549234135671,SHL
2024-03-06,430.1,450.0,428.0,442.0,75278.0,32902640.6,0.009132420091324311,0.9132420091324311,SHL
2024-03-07,435.0,450.0,435.0,437.0,31188.0,13686592.1,-0.011312217194570096,-1.1312217194570096,SHL
2024-03-10,437.2,453.4,427.6,444.0,41254.0,18222060.1,0.016018306636155666,1.6018306636155666,SHL
2024-03-12,452.8,469.0,437.1,464.9,135840.0,62019880.5,0.04707207207207209,4.707207207207209,SHL
2024-03-13,470.0,470.0,452.8,462.9,128683.0,59721649.1,-0.004302000430200015,-0.4302000430200015,SHL
2024-03-14,464.0,464.0,452.1,456.0,45249.0,20619103.2,-0.0149060272197018,-1.49060272197018,SHL
2024-03-17,453.1,457.9,441.0,447.1,46668.0,21023691.0,-0.0195175438596491,-1.95175438596491,SHL
2024-03-18,448.0,453.9,447.0,451.0,52648.0,23702234.9,0.008722880787295884,0.8722880787295884,SHL
2024-03-19,451.0,458.9,442.0,452.9,31571.0,14298245.9,0.004212860310421229,0.4212860310421229,SHL
2024-03-20,450.1,454.0,441.0,446.5,16285.0,7309693.4,-0.014131154780304689,-1.4131154780304689,SHL
2024-03-21,444.1,452.0,440.0,443.0,31457.0,14001087.4,-0.007838745800671898,-0.7838745800671898,SHL
2024-03-25,444.5,445.0,427.4,439.0,31276.0,13666045.6,-0.009029345372460473,-0.9029345372460473,SHL
2024-03-26,437.1,447.7,434.3,442.0,44432.0,19600917.0,0.006833712984054774,0.6833712984054774,SHL
2024-03-27,442.0,446.5,436.1,438.0,22753.0,10013004.0,-0.009049773755656076,-0.9049773755656076,SHL
2024-03-28,438.0,441.9,426.0,438.0,49955.0,21936336.2,0.0,0.0,SHL
2024-03-31,436.2,440.0,427.0,433.0,34904.0,15197747.5,-0.011415525114155223,-1.1415525114155223,SHL
2024-04-01,434.0,436.5,432.7,434.0,28707.0,12467622.5,0.002309468822170979,0.23094688221709792,SHL
2024-04-02,439.9,439.9,433.0,435.0,46085.0,20071082.5,0.0023041474654377225,0.23041474654377225,SHL
2024-04-03,436.4,439.5,428.8,439.0,29508.0,12907905.6,0.009195402298850519,0.9195402298850519,SHL
2024-04-04,437.5,441.0,437.0,437.8,31434.0,13774796.5,-0.0027334851936218207,-0.2733485193621821,SHL
2024-04-07,438.0,450.7,438.0,449.0,48693.0,21583814.1,0.025582457743261733,2.5582457743261733,SHL
2024-04-09,449.0,449.0,434.7,446.0,44526.0,19830108.5,-0.006681514476614692,-0.6681514476614692,SHL
2024-04-10,437.1,444.9,437.1,439.0,45231.0,19936380.5,-0.015695067264574036,-1.5695067264574036,SHL
2024-04-14,441.0,443.0,432.2,440.0,34260.0,15083281.7,0.002277904328018332,0.2277904328018332,SHL
2024-04-15,431.7,440.3,431.7,436.6,12806.0,5602915.0,-0.007727272727272694,-0.7727272727272694,SHL
2024-04-16,440.0,440.0,424.4,431.7,44301.0,19224488.1,-0.011223087494274031,-1.122308749427403,SHL
2024-04-18,439.0,439.0,421.7,430.0,23161.0,9965621.0,-0.00393791985174885,-0.393791985174885,SHL
2024-04-21,426.3,435.9,417.8,430.0,25730.0,11091633.7,0.0,0.0,SHL
2024-04-22,435.0,437.0,429.1,430.0,19450.0,8386464.0,0.0,0.0,SHL
2024-04-24,435.0,435.0,428.3,429.0,29267.0,12612090.9,-0.0023255813953488857,-0.23255813953488857,SHL
2024-04-25,429.0,431.0,420.0,431.0,26248.0,11225804.1,0.004662004662004726,0.4662004662004726,SHL
2024-04-28,435.0,435.0,423.4,431.9,18704.0,8089278.0,0.0020881670533641206,0.20881670533641206,SHL
2024-04-29,430.0,432.0,422.0,429.0,19815.0,8514990.4,-0.006714517249363228,-0.6714517249363228,SHL
2024-04-30,429.0,455.0,420.5,444.0,52235.0,22824602.6,0.034965034965035,3.4965034965035002,SHL
2024-05-02,441.0,445.0,433.4,440.0,58405.0,25761300.5,-0.009009009009009028,-0.9009009009009028,SHL
2024-05-05,440.0,440.0,427.0,432.0,32470.0,14051919.6,-0.018181818181818188,-1.8181818181818188,SHL
2024-05-06,432.0,434.4,427.2,431.9,23446.0,10093360.2,-0.00023148148148155467,-0.023148148148155467,SHL
2024-05-07,433.0,439.0,428.2,430.0,14148.0,6090832.1,-0.004399166473720739,-0.4399166473720739,SHL
2024-05-08,430.5,432.0,427.1,429.2,20196.0,8685174.3,-0.0018604651162791308,-0.18604651162791308,SHL
2024-05-09,437.7,464.5,434.0,461.0,318419.0,144792005.7,0.0740913327120225,7.409133271202251,SHL
2024-05-12,470.2,470.2,436.1,444.0,146954.0,66325948.7,-0.03687635574837311,-3.6876355748373113,SHL
2024-05-13,448.8,448.8,439.9,443.7,86024.0,38222635.8,-0.0006756756756757243,-0.06756756756757243,SHL
2024-05-14,450.0,452.5,436.6,444.0,53596.0,23890779.4,0.0006761325219744041,0.06761325219744041,SHL
2024-05-15,452.6,452.7,436.1,444.1,53023.0,23718048.2,0.00022522522522527844,0.022522522522527844,SHL
2024-05-16,451.0,451.0,430.0,436.9,126187.0,55394478.6,-0.016212564737671742,-1.6212564737671742,SHL
2024-05-19,440.0,449.0,437.1,443.0,74909.0,33119657.4,0.013962005035477176,1.3962005035477176,SHL
2024-05-20,449.6,451.4,435.0,444.0,74041.0,33098602.8,0.0022573363431150906,0.22573363431150906,SHL
2024-05-21,448.9,449.0,434.7,444.0,55493.0,24669713.4,0.0,0.0,SHL
2024-05-22,444.0,455.0,442.0,448.5,112870.0,50880917.5,0.010135135135135087,1.0135135135135087,SHL
2024-05-26,452.0,460.0,445.0,456.1,219886.0,100179096.2,0.016945373467112557,1.6945373467112557,SHL
2024-05-27,459.0,460.0,445.2,450.0,78300.0,35261100.9,-0.013374260030695084,-1.3374260030695084,SHL
2024-05-29,458.0,459.0,441.0,446.0,95456.0,43104851.7,-0.008888888888888835,-0.8888888888888835,SHL
2024-05-30,454.0,454.0,433.2,437.8,122032.0,53731178.4,-0.018385650224215233,-1.8385650224215233,SHL
2024-06-02,444.9,444.9,428.5,438.0,42346.0,18560135.2,0.0004568296025582175,0.04568296025582175,SHL
2024-06-03,439.0,443.0,430.0,436.0,33916.0,14822782.7,-0.004566210045662156,-0.45662100456621557,SHL
2024-06-04,444.7,444.7,426.3,434.0,62805.0,27300298.1,-0.004587155963302725,-0.4587155963302725,SHL
2024-06-05,433.0,438.9,424.4,432.0,38975.0,16885593.4,-0.004608294930875556,-0.4608294930875556,SHL
2024-06-06,431.0,439.9,426.6,433.7,35450.0,15444095.0,0.003935185185185208,0.3935185185185208,SHL
2024-06-09,436.0,445.0,431.5,439.9,71795.0,31621528.9,0.014295596034124891,1.429559603412489,SHL
2024-06-10,435.5,441.0,426.8,435.0,76850.0,33595556.5,-0.011138895203455235,-1.1138895203455235,SHL
2024-06-11,440.0,440.0,426.5,438.0,45261.0,19740528.6,0.006896551724137945,0.6896551724137945,SHL
2024-06-12,440.0,445.1,430.0,436.5,84800.0,37432829.5,-0.003424657534246589,-0.3424657534246589,SHL
2024-06-13,442.0,443.0,429.4,436.0,75446.0,32955241.7,-0.001145475372279492,-0.11454753722794919,SHL
2024-06-16,437.0,441.0,433.5,433.5,32087.0,13979245.0,-0.005733944954128489,-0.5733944954128489,SHL
2024-06-18,432.5,436.1,432.0,432.0,25296.0,10967012.9,-0.0034602076124568004,-0.34602076124568004,SHL
2024-06-19,430.0,432.5,428.0,430.0,56948.0,24468963.5,-0.00462962962962965,-0.462962962962965,SHL
2024-06-20,434.5,434.5,425.0,425.2,53911.0,23036005.4,-0.011162790697674452,-1.1162790697674452,SHL
2024-06-23,425.4,429.9,420.2,421.0,56865.0,24126173.6,-0.009877704609595472,-0.9877704609595472,SHL
2024-06-24,422.0,427.0,416.5,421.0,46367.0,19620006.2,0.0,0.0,SHL
2024-06-25,422.0,428.0,417.0,424.5,36994.0,15713066.5,0.008313539192398967,0.8313539192398967,SHL
2024-06-26,422.0,429.9,419.0,425.5,41149.0,17437287.0,0.002355712603062443,0.2355712603062443,SHL
2024-06-27,424.9,430.7,421.5,422.0,28010.0,11832018.4,-0.008225616921269108,-0.8225616921269108,SHL
2024-06-30,422.7,423.5,420.2,420.2,35905.0,15130751.2,-0.004265402843601884,-0.4265402843601884,SHL
2024-07-01,422.0,425.0,420.0,422.2,20589.0,8693960.3,0.004759638267491706,0.4759638267491706,SHL
2024-07-02,430.6,447.0,424.1,426.9,39729.0,17107735.1,0.011132164850781612,1.1132164850781612,SHL
2024-07-03,424.5,428.8,417.0,427.0,33526.0,14266979.0,0.00023424689622864037,0.023424689622864037,SHL
2024-07-04,430.0,432.0,422.2,430.0,75919.0,32604543.2,0.007025761124121788,0.7025761124121788,SHL
2024-07-07,436.0,446.8,430.1,444.0,164987.0,73148224.0,0.032558139534883734,3.2558139534883734,SHL
2024-07-08,444.6,448.4,440.4,442.0,58504.0,25943571.1,-0.0045045045045044585,-0.45045045045044585,SHL
2024-07-09,440.0,441.8,438.0,440.0,53976.0,23715732.4,-0.004524886877828038,-0.4524886877828038,SHL
2024-07-10,448.0,448.0,431.5,441.2,53167.0,23441561.1,0.0027272727272726893,0.27272727272726893,SHL
2024-07-11,442.0,450.1,432.2,446.0,83393.0,37152405.3,0.010879419764279197,1.0879419764279197,SHL
2024-07-14,454.9,462.0,445.0,451.0,69731.0,31383418.4,0.011210762331838486,1.1210762331838486,SHL
2024-07-15,453.0,455.0,439.9,442.0,56867.0,25415836.5,-0.019955654101995512,-1.9955654101995512,SHL
2024-07-16,442.1,458.5,440.0,456.0,118323.0,53471813.0,0.03167420814479649,3.167420814479649,SHL
2024-07-17,464.9,489.0,455.0,482.0,341883.0,161476667.2,0.05701754385964919,5.701754385964919,SHL
2024-07-18,482.0,491.0,471.4,477.2,205712.0,99367238.5,-0.009958506224066466,-0.9958506224066466,SHL
2024-07-21,481.1,522.0,475.1,512.0,678574.0,341096307.1,0.07292539815590948,7.292539815590948,SHL
2024-07-22,517.0,527.3,500.8,515.5,361548.0,187015860.7,0.0068359375,0.68359375,SHL
2024-07-23,520.0,528.9,508.7,524.0,223141.0,116645265.8,0.016488845780795236,1.6488845780795236,SHL
2024-07-24,524.0,528.0,497.9,517.0,405858.0,210596551.7,-0.013358778625954248,-1.3358778625954248,SHL
2024-07-25,512.0,532.4,510.0,517.5,264891.0,137776794.7,0.0009671179883945502,0.09671179883945502,SHL
2024-07-28,520.0,530.0,504.1,518.6,270720.0,139990322.7,0.002125603864734371,0.2125603864734371,SHL
2024-07-29,528.9,528.9,506.1,519.0,294150.0,152270850.5,0.0007713073659854075,0.07713073659854075,SHL
2024-07-30,512.0,561.0,511.0,559.0,663561.0,364301107.4,0.07707129094412335,7.707129094412335,SHL
2024-07-31,570.0,580.0,548.8,561.1,324978.0,184992864.3,0.0037567084078713453,0.37567084078713453,SHL
2024-08-01,570.0,570.0,545.1,553.8,369102.0,207105192.3,-0.013010158617002388,-1.3010158617002388,SHL
2024-08-05,564.0,603.9,549.0,601.0,505999.0,293659917.7,0.08522932466594457,8.522932466594458,SHL
2024-08-06,613.0,617.0,555.0,555.0,511497.0,298204923.8,-0.0765391014975042,-7.65391014975042,SHL
2024-08-07,555.0,594.0,550.0,588.0,286409.0,164918773.5,0.05945945945945952,5.945945945945952,SHL
2024-08-08,599.7,611.6,565.0,578.0,371098.0,218344268.2,-0.017006802721088454,-1.7006802721088454,SHL
2024-08-11,575.0,600.7,568.0,594.0,271619.0,160292410.9,0.02768166089965396,2.768166089965396,SHL
2024-08-12,601.0,632.0,601.0,619.0,569649.0,354745725.2,0.042087542087542174,4.208754208754217,SHL
2024-08-13,630.0,636.0,594.9,605.0,275702.0,168516290.9,-0.022617124394184174,-2.2617124394184174,SHL
2024-08-14,617.1,628.2,583.1,624.1,490503.0,298970182.6,0.03157024793388441,3.157024793388441,SHL
2024-08-15,636.5,636.5,607.0,613.4,268580.0,167040582.8,-0.017144688351225845,-1.7144688351225845,SHL
2024-08-18,601.2,617.9,583.0,585.0,252259.0,150898280.6,-0.04629931529181608,-4.629931529181608,SHL
2024-08-21,591.9,597.7,581.1,585.0,136878.0,80623756.1,0.0,0.0,SHL
2024-08-22,596.7,596.7,573.5,580.0,138558.0,81383545.4,-0.008547008547008517,-0.8547008547008517,SHL
2024-08-25,578.0,589.5,566.7,571.0,155127.0,89112240.6,-0.01551724137931032,-1.551724137931032,SHL
2024-08-27,563.0,583.9,560.0,563.0,260154.0,149248006.5,-0.014010507880910628,-1.4010507880910628,SHL
2024-08-28,574.2,590.0,555.7,563.6,147818.0,84723623.2,0.001065719360568318,0.1065719360568318,SHL
2024-08-29,565.0,577.0,551.1,561.0,126780.0,71178947.9,-0.004613200851667942,-0.46132008516679424,SHL
2024-09-01,567.1,570.0,543.0,545.0,102695.0,56593465.8,-0.028520499108734443,-2.8520499108734443,SHL
2024-09-02,549.9,565.0,530.0,564.0,128109.0,71044890.2,0.034862385321100975,3.4862385321100975,SHL
2024-09-03,570.0,580.0,559.0,561.2,82223.0,46527342.8,-0.00496453900709215,-0.496453900709215,SHL
2024-09-04,560.1,567.0,538.0,541.0,144453.0,79153503.1,-0.035994297933000796,-3.5994297933000796,SHL
2024-09-05,531.1,548.0,521.9,535.2,120114.0,64172764.1,-0.010720887245840971,-1.072088724584097,SHL
2024-09-08,545.9,545.9,525.0,527.0,80146.0,42785423.8,-0.015321375186846176,-1.5321375186846176,SHL
2024-09-09,523.7,531.5,511.0,515.0,138659.0,71915737.1,-0.022770398481973486,-2.2770398481973486,SHL
2024-09-10,525.3,525.3,510.4,520.0,78031.0,40416473.4,0.009708737864077666,0.9708737864077666,SHL
2024-09-11,513.0,530.4,506.3,513.9,59545.0,30615354.3,-0.011730769230769322,-1.1730769230769322,SHL
2024-09-12,513.0,530.0,507.0,526.5,101099.0,52731772.4,0.024518388791593848,2.451838879159385,SHL
2024-09-15,531.0,535.0,509.0,509.0,104852.0,54983104.1,-0.03323836657169987,-3.3238366571699873,SHL
2024-09-16,519.0,519.0,495.0,498.7,92179.0,46378176.1,-0.020235756385068804,-2.0235756385068804,SHL
2024-09-18,507.0,507.0,487.0,501.0,70257.0,35056872.9,0.004611991177060348,0.46119911770603483,SHL
2024-09-22,510.0,514.0,495.0,495.7,45622.0,22826447.4,-0.010578842315369319,-1.057884231536932,SHL
2024-09-23,492.3,496.0,477.1,482.1,71985.0,35045987.3,-0.02743594916280001,-2.743594916280001,SHL
2024-09-24,480.1,491.0,471.1,473.0,75987.0,36301831.1,-0.018875751918689065,-1.8875751918689065,SHL
2024-09-25,479.0,490.0,464.0,489.0,92639.0,44117465.1,0.03382663847780121,3.3826638477801207,SHL
2024-09-26,495.0,495.0,477.0,481.0,40088.0,19410655.4,-0.01635991820040905,-1.6359918200409052,SHL
2024-09-29,482.0,486.9,470.0,471.0,51661.0,24561040.5,-0.02079002079002079,-2.079002079002079,SHL
2024-09-30,480.0,483.9,471.0,483.5,25527.0,12278814.9,0.026539278131634925,2.6539278131634925,SHL
2024-10-01,490.9,515.0,485.0,514.9,111234.0,55949013.6,0.06494312306101335,6.494312306101335,SHL
2024-10-02,514.9,515.0,495.8,508.0,82481.0,41938991.3,-0.013400660322392621,-1.3400660322392621,SHL
2024-10-06,508.0,520.0,502.0,519.0,47525.0,24391050.0,0.021653543307086576,2.1653543307086576,SHL
2024-10-07,520.1,549.0,520.0,535.2,117594.0,62762111.6,0.031213872832370093,3.1213872832370093,SHL
2024-10-08,532.0,540.9,520.2,522.0,53086.0,28099114.6,-0.024663677130044914,-2.4663677130044914,SHL
2024-10-09,517.0,535.0,515.0,528.0,30827.0,16204099.1,0.011494252873563315,1.1494252873563315,SHL
2024-10-15,530.0,532.9,520.1,532.9,27169.0,14440072.5,0.009280303030303028,0.9280303030303028,SHL
2024-10-16,530.0,544.0,530.0,541.0,53432.0,28823689.4,0.015199849878025917,1.5199849878025917,SHL
2024-10-17,542.0,544.4,534.0,535.0,72803.0,39325304.1,-0.011090573012939031,-1.1090573012939031,SHL
2024-10-20,530.0,535.0,520.0,522.0,85828.0,45242629.8,-0.024299065420560706,-2.4299065420560706,SHL
2024-10-21,513.1,522.0,506.0,512.7,53723.0,27559387.7,-0.017816091954022895,-1.7816091954022895,SHL
2024-10-22,517.0,519.0,508.0,516.5,20415.0,10499059.9,0.007411741759313362,0.7411741759313362,SHL
2024-10-23,518.0,523.3,505.0,510.0,35926.0,18540967.8,-0.012584704743465625,-1.2584704743465625,SHL
2024-10-24,511.5,516.5,505.0,508.0,32239.0,16416830.0,-0.0039215686274509665,-0.39215686274509665,SHL
2024-10-27,510.0,517.8,500.0,509.5,25356.0,12959704.9,0.0029527559055118058,0.2952755905511806,SHL
2024-10-28,509.6,516.0,501.8,514.9,17966.0,9218496.9,0.010598626104023401,1.05986261040234,SHL
2024-10-29,524.9,536.0,520.0,536.0,85283.0,45302201.3,0.040978830840940006,4.097883084094001,SHL
2024-10-30,546.7,588.0,546.7,563.5,373835.0,209826843.1,0.051305970149253755,5.1305970149253755,SHL
2024-11-05,574.7,585.0,566.0,574.5,148281.0,85428874.9,0.01952085181898844,1.9520851818988438,SHL
2024-11-06,575.0,575.0,564.0,568.0,77280.0,44073272.7,-0.011314186248912117,-1.1314186248912117,SHL
2024-11-10,570.0,570.5,561.0,568.0,100647.0,57147975.5,0.0,0.0,SHL
2024-11-11,573.0,574.0,553.0,567.0,99452.0,56349564.8,-0.0017605633802817433,-0.17605633802817433,SHL
2024-11-12,567.0,570.0,550.8,562.0,67155.0,37988176.0,-0.00881834215167554,-0.881834215167554,SHL
2024-11-13,562.0,566.0,553.7,555.2,61063.0,34139858.1,-0.012099644128113818,-1.2099644128113818,SHL
2024-11-14,563.8,563.8,555.0,559.0,71045.0,39761452.6,0.006844380403458139,0.6844380403458139,SHL
2024-11-17,559.0,577.0,559.0,575.0,174633.0,99465054.1,0.028622540250447193,2.8622540250447193,SHL
2024-11-19,578.7,578.7,553.7,562.9,105407.0,59725828.6,-0.021043478260869608,-2.104347826086961,SHL
2024-11-20,570.0,570.0,555.0,562.0,49006.0,27524001.0,-0.0015988630307336438,-0.15988630307336438,SHL
2024-11-21,565.0,569.8,552.0,556.2,62966.0,35338125.2,-0.010320284697508786,-1.0320284697508786,SHL
2024-11-24,556.0,567.0,555.1,555.6,63157.0,35350983.5,-0.0010787486515642097,-0.10787486515642097,SHL
2024-11-25,566.0,566.7,550.1,561.0,77555.0,43564838.9,0.009719222462202914,0.9719222462202914,SHL
2024-11-26,570.0,570.0,555.0,562.0,89930.0,50701412.7,0.0017825311942958333,0.17825311942958333,SHL
2024-11-27,570.0,572.0,555.0,570.0,266148.0,151056530.1,0.014234875444839812,1.4234875444839812,SHL
2024-11-28,518.2,530.0,518.2,520.0,100778.0,52765234.3,-0.08771929824561409,-8.771929824561408,SHL
2024-12-01,530.4,530.4,504.7,504.7,56228.0,28950263.1,-0.029423076923076996,-2.9423076923076996,SHL
2024-12-02,505.0,546.0,505.0,530.2,173941.0,92715323.5,0.050525064394689956,5.052506439468996,SHL
2024-12-03,535.0,540.0,519.4,521.0,42731.0,22588120.8,-0.017351942663146103,-1.7351942663146103,SHL
2024-12-04,519.0,531.4,519.0,522.3,37988.0,19856956.3,0.00249520153550864,0.249520153550864,SHL
2024-12-05,516.0,520.9,494.9,505.1,68151.0,34775743.7,-0.032931265556193634,-3.2931265556193634,SHL
2024-12-08,511.0,511.0,491.0,493.1,57539.0,28841028.0,-0.023757671748168674,-2.3757671748168674,SHL
2024-12-09,502.0,503.0,486.6,487.3,51779.0,25460618.0,-0.011762320016223904,-1.1762320016223904,SHL
2024-12-10,488.9,495.0,485.2,487.9,24239.0,11895306.8,0.0012312743689717465,0.12312743689717465,SHL
2024-12-11,484.1,493.0,484.0,493.0,20593.0,10046267.7,0.010452961672474004,1.0452961672474004,SHL
2024-12-12,493.0,494.9,481.2,485.0,30616.0,14954349.8,-0.016227180527383367,-1.6227180527383367,SHL
2024-12-16,484.0,487.5,470.0,473.4,46458.0,22225816.5,-0.023917525773195947,-2.3917525773195947,SHL
2024-12-17,481.0,481.0,470.0,477.0,25235.0,12023980.4,0.0076045627376426506,0.7604562737642651,SHL
2024-12-18,486.0,486.0,475.0,475.0,32056.0,15297539.7,-0.004192872117400381,-0.41928721174003813,SHL
2024-12-19,480.0,483.0,470.0,470.0,28383.0,13413983.5,-0.010526315789473717,-1.0526315789473717,SHL
2024-12-22,472.5,473.0,455.0,465.8,26896.0,12563427.9,-0.008936170212765937,-0.8936170212765937,SHL
2024-12-23,472.0,472.0,458.1,466.0,34051.0,15831222.0,0.0004293688278231844,0.04293688278231844,SHL
2024-12-24,470.0,475.3,467.0,472.9,29507.0,13898222.4,0.014806866952789655,1.4806866952789655,SHL
2024-12-26,470.0,471.9,460.6,469.0,20942.0,9815438.8,-0.008246986677944546,-0.8246986677944546,SHL
2024-12-29,465.1,471.2,462.0,464.0,23710.0,11009002.8,-0.010660980810234588,-1.0660980810234588,SHL
2024-12-31,470.0,470.0,457.2,463.0,33338.0,15347619.4,-0.0021551724137931494,-0.21551724137931494,SHL
2025-01-01,461.0,470.9,459.0,470.5,26776.0,12422675.9,0.016198704103671746,1.6198704103671746,SHL
2025-01-02,465.3,474.8,465.0,471.1,17851.0,8392805.8,0.0012752391073327374,0.12752391073327374,SHL
2025-01-05,471.0,474.0,466.0,470.8,29220.0,13708077.5,-0.0006368074718743344,-0.06368074718743344,SHL
2025-01-06,475.0,492.0,470.0,490.0,58062.0,28180088.0,0.040781648258283676,4.078164825828368,SHL
2025-01-07,497.9,497.9,482.0,493.6,41687.0,20527292.0,0.007346938775510292,0.7346938775510292,SHL
2025-01-08,492.0,494.8,481.5,492.0,23362.0,11480995.9,-0.0032414910858995505,-0.32414910858995505,SHL
2025-01-09,495.0,497.0,483.2,492.0,22261.0,10947091.0,0.0,0.0,SHL
2025-01-12,492.0,492.0,480.0,490.0,20373.0,9948287.5,-0.004065040650406471,-0.40650406504064707,SHL
2025-01-13,488.0,489.0,477.3,480.3,39562.0,19071823.0,-0.019795918367346954,-1.9795918367346954,SHL
2025-01-15,480.3,491.0,479.1,489.9,31943.0,15571433.8,0.019987507807620153,1.9987507807620153,SHL
2025-01-16,485.0,504.0,485.0,493.0,33445.0,16522604.3,0.0063278220044906686,0.6327822004490669,SHL
2025-01-19,495.0,495.0,485.0,489.5,28566.0,13976185.8,-0.007099391480730244,-0.7099391480730244,SHL
2025-01-20,490.0,493.9,489.5,491.0,32693.0,16077945.6,0.003064351378958108,0.3064351378958108,SHL
2025-01-21,491.0,504.9,490.0,500.0,40177.0,19996796.4,0.018329938900203624,1.8329938900203624,SHL
2025-01-22,500.0,519.0,500.0,518.0,137082.0,70403692.2,0.03600000000000003,3.600000000000003,SHL
2025-01-23,520.0,520.0,500.0,513.9,43221.0,22104666.3,-0.007915057915057977,-0.7915057915057977,SHL
2025-01-26,514.0,518.0,508.1,514.9,65954.0,33713327.1,0.0019459038723486088,0.19459038723486088,SHL
2025-01-27,514.0,514.8,500.8,509.7,38900.0,19820728.1,-0.010099048358904628,-1.0099048358904628,SHL
2025-01-28,511.0,517.0,500.0,515.0,44820.0,22854523.6,0.010398273494212296,1.0398273494212296,SHL
2025-02-02,510.0,526.1,510.0,521.0,101593.0,52970373.3,0.011650485436893288,1.1650485436893288,SHL
2025-02-03,524.0,532.0,516.6,526.0,91197.0,47701864.9,0.009596928982725572,0.9596928982725572,SHL
2025-02-04,525.9,525.9,513.5,515.0,41998.0,21767396.8,-0.020912547528517123,-2.0912547528517123,SHL
2025-02-05,510.0,516.0,500.1,515.0,46341.0,23765005.8,0.0,0.0,SHL
2025-02-06,517.0,517.9,506.0,510.0,38461.0,19563104.9,-0.009708737864077666,-0.9708737864077666,SHL
2025-02-09,501.1,514.0,500.0,507.0,21170.0,10744520.9,-0.00588235294117645,-0.588235294117645,SHL
2025-02-10,507.0,507.0,500.0,505.9,18343.0,9236226.0,-0.002169625246548401,-0.21696252465484012,SHL
2025-02-11,497.0,503.9,487.6,493.0,41220.0,20459537.4,-0.025499110496145394,-2.5499110496145394,SHL
2025-02-12,491.0,499.0,485.5,494.0,34970.0,17333919.7,0.0020283975659229903,0.20283975659229903,SHL
2025-02-13,484.2,500.0,481.2,491.0,30489.0,15048432.6,-0.006072874493927127,-0.6072874493927127,SHL
2025-02-16,491.0,503.7,475.3,499.0,127765.0,62369901.5,0.016293279022403295,1.6293279022403295,SHL
2025-02-17,499.0,524.9,491.0,510.3,92094.0,46987920.8,0.02264529058116227,2.264529058116227,SHL
2025-02-18,511.0,523.5,500.1,506.0,59691.0,30459522.1,-0.008426415833823309,-0.8426415833823309,SHL
2025-02-20,505.0,514.0,491.0,502.0,34200.0,17163029.0,-0.007905138339920903,-0.7905138339920903,SHL
2025-02-23,495.0,510.0,486.2,499.0,52054.0,25973319.1,-0.005976095617529875,-0.5976095617529875,SHL
2025-02-24,496.1,508.0,487.0,494.0,51003.0,25479303.2,-0.01002004008016033,-1.002004008016033,SHL
2025-02-25,494.0,502.0,486.3,495.0,40032.0,19917496.9,0.002024291497975783,0.2024291497975783,SHL
2025-02-27,495.0,503.0,486.3,497.0,29342.0,14592006.9,0.004040404040404066,0.40404040404040664,SHL
2025-03-02,504.0,522.9,496.0,518.0,117090.0,60346032.4,0.04225352112676051,4.225352112676051,SHL
2025-03-03,517.0,521.0,507.0,511.0,74206.0,38254448.5,-0.013513513513513487,-1.3513513513513487,SHL
2025-03-04,515.0,519.0,497.9,506.0,66830.0,34184328.3,-0.009784735812133127,-0.9784735812133127,SHL
2025-03-05,506.0,514.0,494.1,503.0,47814.0,24106250.6,-0.005928853754940677,-0.5928853754940677,SHL
2025-03-06,503.0,506.0,491.0,500.0,41007.0,20496464.6,-0.005964214711729587,-0.5964214711729587,SHL
2025-03-09,500.1,505.5,490.0,498.0,52240.0,26045797.2,-0.0040000000000000036,-0.40000000000000036,SHL
2025-03-10,499.0,503.0,490.0,493.3,44839.0,22281915.4,-0.009437751004016004,-0.9437751004016004,SHL
2025-03-11,489.1,500.5,485.1,486.4,42471.0,20854098.9,-0.013987431583215137,-1.3987431583215137,SHL
2025-03-12,495.0,496.1,488.0,489.5,18462.0,9053503.7,0.006373355263157965,0.6373355263157965,SHL
2025-03-16,495.0,496.0,480.0,490.0,44346.0,21746907.2,0.0010214504596526286,0.10214504596526286,SHL
2025-03-17,485.0,494.0,485.0,490.0,24967.0,12244935.4,0.0,0.0,SHL
2025-03-18,494.0,494.9,477.3,488.0,22131.0,10848267.2,-0.004081632653061273,-0.40816326530612734,SHL
2025-03-19,493.8,495.0,488.1,490.0,37395.0,18341058.0,0.004098360655737654,0.4098360655737654,SHL
2025-03-20,494.0,495.0,485.0,488.99,25574.0,12516356.4,-0.002061224489795954,-0.20612244897959542,SHL
2025-03-23,485.2,490.5,480.0,480.78,40257.0,19470029.5,-0.016789709401010322,-1.6789709401010322,SHL
2025-03-24,480.0,486.0,472.0,484.81,36437.0,17421585.5,0.008382212238445819,0.8382212238445819,SHL
2025-03-25,476.0,482.0,470.4,471.94,56357.0,26766009.5,-0.026546482127018822,-2.6546482127018822,SHL
2025-03-26,474.0,483.0,472.0,482.26,18612.0,8928899.5,0.02186718650675923,2.186718650675923,SHL
2025-03-27,478.0,484.5,469.0,481.41,38312.0,18433953.5,-0.0017625347323020346,-0.17625347323020346,SHL
2025-03-30,480.8,490.0,480.0,486.48,33419.0,16229652.5,0.010531563532124366,1.0531563532124366,SHL
2025-04-01,480.0,486.0,470.0,478.85,25594.0,12273140.3,-0.015684098010195657,-1.5684098010195657,SHL
2025-04-02,478.5,486.0,472.0,485.07,28246.0,13649328.4,0.01298945389996864,1.298945389996864,SHL
2025-04-03,482.4,490.0,482.3,486.36,35234.0,17099872.3,0.0026594099820644868,0.2659409982064487,SHL
2025-04-07,480.0,483.0,475.1,479.09,30666.0,14689854.6,-0.014947775310469646,-1.4947775310469646,SHL
2025-04-08,475.0,480.0,469.2,476.13,32877.0,15599315.8,-0.006178379845123039,-0.6178379845123039,SHL
2025-04-09,480.0,496.0,475.3,494.8,62267.0,30582366.8,0.03921197992145009,3.921197992145009,SHL
2025-04-10,496.9,496.9,480.4,492.02,22678.0,11148452.7,-0.005618431689571657,-0.5618431689571657,SHL
2025-04-13,489.3,494.8,477.0,492.53,25099.0,12256116.3,0.0010365432299499489,0.10365432299499489,SHL
2025-04-15,497.0,507.0,490.0,506.04,107134.0,53930051.5,0.027429801230381967,2.7429801230381967,SHL
2025-04-16,507.9,510.0,495.9,505.39,75902.0,38338935.0,-0.0012844834400442817,-0.12844834400442817,SHL
2025-04-17,512.0,515.0,500.3,509.12,94140.0,48048389.0,0.007380438868992201,0.7380438868992201,SHL
2025-04-20,514.8,515.0,496.4,501.9,66230.0,33526347.3,-0.01418133249528608,-1.418133249528608,SHL
2025-04-21,499.5,508.0,490.0,501.18,60608.0,30405985.6,-0.0014345487148833547,-0.14345487148833547,SHL
2025-04-22,508.9,513.0,498.0,508.23,107177.0,54461041.3,0.014066802346462293,1.4066802346462293,SHL
2025-04-23,509.0,510.0,500.0,500.97,78296.0,39450008.3,-0.014284871022962053,-1.4284871022962053,SHL
2025-04-24,501.0,504.0,488.1,495.98,42546.0,21193962.6,-0.009960676288001347,-0.9960676288001347,SHL
2025-04-27,494.0,509.0,493.0,502.71,109402.0,54816137.3,0.013569095528045416,1.3569095528045416,SHL
2025-04-28,503.3,506.9,500.1,500.88,57009.0,28651537.1,-0.0036402697380198967,-0.3640269738019897,SHL
2025-04-29,502.0,502.0,489.0,499.8,30608.0,15263999.6,-0.00215620507906078,-0.215620507906078,SHL
2025-04-30,499.8,503.7,493.0,502.35,52501.0,26269652.8,0.005102040816326481,0.5102040816326481,SHL
2025-05-04,502.0,506.0,501.6,502.97,61481.0,30968750.5,0.0012341992634616883,0.12341992634616883,SHL
2025-05-05,495.1,503.9,495.1,501.76,27528.0,13789876.9,-0.0024057100821123223,-0.24057100821123223,SHL
2025-05-06,501.5,504.9,490.5,500.85,49467.0,24783140.4,-0.0018136160714284921,-0.1813616071428492,SHL
2025-05-07,506.0,509.8,496.0,507.13,70383.0,35656060.4,0.012538684236797382,1.2538684236797382,SHL
2025-05-08,513.0,515.0,500.0,511.16,109167.0,55553654.7,0.007946680338374756,0.7946680338374756,SHL
2025-05-11,515.0,562.2,515.0,553.91,573286.0,311493868.3,0.08363330464042562,8.363330464042562,SHL
2025-05-13,562.2,566.6,534.6,542.5,253205.0,139406501.1,-0.0205990142802982,-2.05990142802982,SHL
2025-05-14,552.0,562.0,526.1,529.25,188073.0,101127675.8,-0.02442396313364059,-2.442396313364059,SHL
2025-05-15,529.0,575.5,525.0,571.85,824999.0,461915510.4,0.08049126121870587,8.049126121870586,SHL
2025-05-18,571.0,586.0,560.0,566.93,409600.0,234808358.4,-0.008603654804581695,-0.8603654804581695,SHL
2025-05-19,555.6,574.9,544.9,555.34,346161.0,192756562.8,-0.020443440989187267,-2.0443440989187267,SHL
2025-05-20,561.0,590.1,556.1,582.63,505312.0,292809184.8,0.049141066733892735,4.9141066733892735,SHL
2025-05-21,594.2,606.0,570.0,585.38,412921.0,241554818.8,0.004719976657570069,0.47199766575700686,SHL
2025-05-22,582.0,597.0,570.0,573.52,347850.0,203109109.4,-0.020260343708360384,-2.0260343708360384,SHL
2025-05-25,571.1,577.0,545.9,563.14,318522.0,179511664.8,-0.018098758543729887,-1.8098758543729887,SHL
2025-05-26,574.4,580.0,550.0,557.98,230821.0,129463327.8,-0.009162907980253543,-0.9162907980253543,SHL
2025-05-27,551.0,565.0,546.7,561.8,226773.0,126355057.8,0.0068461235169718915,0.6846123516971891,SHL
2025-05-28,550.6,580.0,550.6,570.85,315844.0,181108166.7,0.016108935564257854,1.6108935564257854,SHL
2025-06-02,582.2,601.0,578.0,585.4,561476.0,330379078.3,0.025488306910746994,2.5488306910746994,SHL
2025-06-03,586.0,589.0,562.0,571.18,236083.0,135739162.4,-0.024291083020157256,-2.4291083020157256,SHL
2025-06-04,572.0,578.5,564.0,565.87,123545.0,70212243.0,-0.009296543996638484,-0.9296543996638484,SHL
2025-06-05,558.0,571.8,550.0,560.82,212462.0,119410290.5,-0.00892431123756332,-0.892431123756332,SHL
2025-06-08,558.1,574.8,557.1,565.74,297550.0,168432356.2,0.008772868299989245,0.8772868299989245,SHL
2025-06-09,555.0,569.7,551.9,558.64,239199.0,134550220.2,-0.012549934598932388,-1.2549934598932388,SHL
2025-06-10,565.0,578.0,558.6,572.03,315155.0,179213315.7,0.023968924531003744,2.3968924531003744,SHL
2025-06-11,568.1,574.0,559.0,561.07,194522.0,110175044.6,-0.019159834274426024,-1.9159834274426024,SHL
2025-06-12,572.2,579.9,551.0,570.28,350935.0,200086278.9,0.016415064074001284,1.6415064074001284,SHL
2025-06-15,578.0,578.0,553.2,563.62,159010.0,90107506.3,-0.011678473732201655,-1.1678473732201655,SHL
2025-06-16,554.0,604.0,554.0,599.15,900638.0,530557987.4,0.06303892693658852,6.303892693658852,SHL
2025-06-17,611.1,617.9,588.0,592.55,501929.0,302980441.0,-0.01101560544104152,-1.101560544104152,SHL
2025-06-18,593.0,597.0,583.0,588.75,144559.0,85095455.9,-0.006412960931566847,-0.6412960931566847,SHL
2025-06-19,586.9,596.0,573.5,579.75,358731.0,209441372.7,-0.015286624203821653,-1.5286624203821653,SHL
2025-06-22,579.9,581.0,555.0,556.64,213001.0,120585926.5,-0.039862009486847816,-3.9862009486847816,SHL
2025-06-23,563.0,569.9,543.0,563.45,142891.0,80297448.9,0.012234118999712607,1.2234118999712607,SHL
2025-06-24,572.0,574.0,556.0,556.9,96835.0,54500915.9,-0.011624811429585713,-1.1624811429585713,SHL
2025-06-25,558.1,566.9,550.0,562.84,97030.0,54557248.5,0.01066618782546258,1.066618782546258,SHL
2025-06-26,561.0,578.3,546.0,550.65,204538.0,113742018.6,-0.02165802004121964,-2.165802004121964,SHL
2025-06-29,540.0,557.8,540.0,553.26,99674.0,55017462.7,0.004739852901116892,0.4739852901116892,SHL
2025-06-30,553.2,561.7,550.0,553.27,96374.0,53528395.5,1.8074684596802726e-05,0.0018074684596802726,SHL
2025-07-01,555.0,559.9,544.0,558.5,84327.0,46908540.5,0.009452889186111646,0.9452889186111646,SHL
2025-07-02,556.0,565.0,550.0,561.66,87947.0,49363769.2,0.005658012533572121,0.5658012533572121,SHL
2025-07-03,564.0,565.0,549.0,559.13,114750.0,64364147.8,-0.0045045045045044585,-0.45045045045044585,SHL
2025-07-06,564.9,564.9,550.0,559.1,106025.0,59363780.0,-5.365478511254462e-05,-0.005365478511254462,SHL
2025-07-07,566.0,577.0,555.1,564.65,169163.0,96017406.2,0.009926667859059046,0.9926667859059046,SHL
2025-07-08,570.0,570.0,550.0,564.25,84450.0,47776183.2,-0.0007084034357566216,-0.07084034357566216,SHL
2025-07-09,565.0,569.9,553.7,564.13,75423.0,42666346.4,-0.0002126716880814783,-0.02126716880814783,SHL
2025-07-10,569.0,576.3,553.0,564.16,72957.0,41254352.3,5.317923173731032e-05,0.005317923173731032,SHL
2025-07-13,572.6,575.4,551.8,567.25,169044.0,95628222.5,0.005477169597277509,0.5477169597277509,SHL
2025-07-14,568.1,574.8,558.6,566.02,120143.0,68241429.3,-0.0021683561040105603,-0.21683561040105603,SHL
2025-07-15,568.0,579.0,563.5,573.63,171988.0,98306685.6,0.013444754602310871,1.344475460231087,SHL
2025-07-16,585.1,585.1,567.0,577.58,181350.0,104941295.8,0.006885971793664902,0.6885971793664902,SHL
2025-07-17,583.0,599.0,577.3,588.65,192333.0,113285652.9,0.019166176114131295,1.9166176114131295,SHL
2025-07-20,590.0,599.3,575.0,584.27,228293.0,134898315.8,-0.007440754268240868,-0.7440754268240868,SHL
2025-07-21,581.0,595.0,572.0,584.07,156962.0,91780322.7,-0.00034230749482244693,-0.03423074948224469,SHL
2025-07-22,594.0,615.0,586.0,612.98,544088.0,329001030.4,0.04949749173900386,4.949749173900386,SHL
2025-07-23,614.5,616.0,588.5,601.42,319537.0,193332052.7,-0.018858690332474226,-1.8858690332474226,SHL
2025-07-24,613.3,613.3,590.0,605.47,212009.0,127980800.3,0.006734062718233735,0.6734062718233735,SHL
2025-07-27,608.9,619.0,588.0,590.37,453779.0,272657848.2,-0.024939303351115716,-2.4939303351115716,SHL
2025-07-28,581.1,595.0,575.0,589.33,210958.0,123848362.7,-0.0017616071277334333,-0.17616071277334333,SHL
2025-07-29,599.9,600.0,583.3,586.45,151771.0,90024072.2,-0.004886905468922342,-0.48869054689223423,SHL
2025-07-30,590.0,593.0,567.0,576.19,237920.0,137751702.4,-0.017495097621280542,-1.7495097621280542,SHL
2025-07-31,564.7,582.8,564.7,573.85,136308.0,78530385.9,-0.004061160381124362,-0.40611603811243624,SHL
2025-08-03,580.0,580.0,560.0,568.76,101379.0,57794007.0,-0.008869913740524593,-0.8869913740524593,SHL
2025-08-04,574.0,575.0,559.2,566.15,106407.0,60333982.9,-0.004588930304522121,-0.4588930304522121,SHL
2025-08-05,570.9,570.9,557.0,559.43,113878.0,63950003.1,-0.01186964585357242,-1.186964585357242,SHL
2025-08-06,555.0,565.0,550.0,561.68,60761.0,34113717.3,0.004021950914323558,0.40219509143235577,SHL
2025-08-07,560.0,570.0,560.0,565.31,45717.0,25891623.2,0.006462754593362652,0.6462754593362652,SHL
2025-08-11,561.0,569.5,549.8,556.71,79745.0,44634434.6,-0.015212892041534531,-1.5212892041534531,SHL
2025-08-12,556.71,560.8,550.0,556.1,43033.0,23963695.5,-0.0010957230874243384,-0.10957230874243384,SHL
2025-08-13,555.0,560.0,550.0,557.78,26187.0,14611820.4,0.0030210393814060765,0.30210393814060765,SHL
2025-08-14,557.5,564.9,556.0,560.85,42863.0,24040936.1,0.005503962135609219,0.5503962135609219,SHL
2025-08-17,561.0,568.0,550.1,562.09,42265.0,23783320.5,0.0022109298386376874,0.22109298386376874,SHL
2025-08-18,566.8,567.0,555.0,565.49,29115.0,16442476.7,0.0060488533864682115,0.6048853386468211,SHL
2025-08-19,568.8,568.8,555.0,561.75,38347.0,21615614.0,-0.006613733222515017,-0.6613733222515017,SHL
2025-08-20,560.4,579.0,560.0,571.9,86698.0,49638187.5,0.01806853582554524,1.806853582554524,SHL
2025-08-21,576.9,579.0,560.0,563.63,24961.0,14165532.0,-0.01446057002972545,-1.446057002972545,SHL
2025-08-24,569.0,572.0,550.0,558.48,45670.0,25599320.9,-0.00913719993612827,-0.9137199936128271,SHL
2025-08-25,560.0,562.4,550.0,561.12,24835.0,13891802.09,0.004727116458959957,0.4727116458959957,SHL
2025-08-26,564.0,565.0,555.0,561.8,15674.0,8813316.8,0.0012118619903049854,0.12118619903049854,SHL
2025-08-27,565.5,575.0,555.0,571.15,48014.0,27243814.1,0.016642933428266282,1.6642933428266282,SHL
2025-08-28,571.0,575.0,560.0,561.95,87475.0,49633184.1,-0.016107852578131743,-1.6107852578131743,SHL
2025-08-31,566.0,566.0,550.2,559.32,35900.0,20098054.2,-0.004680131684313582,-0.4680131684313582,SHL
2025-09-01,555.0,565.0,552.0,561.44,21663.0,12174594.4,0.0037903168132733533,0.37903168132733533,SHL
2025-09-02,556.3,565.0,551.8,563.3,40466.0,22686290.7,0.0033129096608719433,0.3312909660871943,SHL
2025-09-03,558.1,564.5,555.0,557.34,44279.0,24769100.6,-0.010580507722350307,-1.0580507722350307,SHL
2025-09-04,558.0,561.0,547.0,551.78,73684.0,40640907.4,-0.00997595722539213,-0.9975957225392129,SHL
2025-09-07,554.0,557.0,550.1,552.15,40514.0,22430028.5,0.0006705571060929838,0.06705571060929838,SHL
2025-09-08,561.0,561.0,542.0,544.31,32918.0,17993095.9,-0.014199040115910555,-1.4199040115910555,SHL
2025-09-18,533.5,533.5,489.9,489.9,5696.0,2823860.4,-0.09996141904429456,-9.996141904429457,SHL
2025-09-21,480.2,525.0,480.2,517.6,89896.0,45621025.1,0.056542151459481715,5.6542151459481715,SHL
2025-09-23,521.0,540.0,519.0,537.1,37955.0,20203308.4,0.0376738794435858,3.76738794435858,SHL
2025-09-24,540.0,540.0,520.0,532.0,32711.0,17389578.0,-0.009495438465835115,-0.9495438465835115,SHL
2025-09-25,523.4,535.0,515.0,530.2,26208.0,13826307.1,-0.0033834586466164884,-0.33834586466164884,SHL
2025-09-28,539.9,539.9,526.0,536.4,12303.0,6557493.5,0.011693700490380765,1.1693700490380765,SHL
2025-10-07,526.0,530.0,515.5,521.0,40916.0,21333730.1,-0.02870991797166289,-2.870991797166289,SHL
2025-10-08,515.2,518.0,498.0,505.7,56489.0,28732677.2,-0.029366602687140086,-2.9366602687140086,SHL
2025-10-09,515.8,536.5,506.0,511.0,31500.0,16268542.7,0.010480522048645469,1.0480522048645469,SHL
2025-10-12,504.3,505.0,470.4,478.2,132788.0,64518060.4,-0.06418786692759293,-6.4187866927592925,SHL
2025-10-13,477.0,501.0,477.0,501.0,55736.0,27363062.7,0.04767879548306153,4.767879548306153,SHL
2025-10-14,499.8,500.9,488.0,493.0,20551.0,10166782.9,-0.015968063872255467,-1.5968063872255467,SHL
2025-10-15,486.0,498.0,486.0,488.5,30371.0,14933290.5,-0.009127789046653123,-0.9127789046653123,SHL
2025-10-16,487.5,494.0,483.3,485.0,19520.0,9496547.3,-0.007164790174002067,-0.7164790174002067,SHL
2025-10-19,494.0,495.5,485.0,494.5,21984.0,10879596.9,0.019587628865979312,1.9587628865979312,SHL
2025-10-26,488.0,502.7,485.0,501.0,17881.0,8812503.2,0.013144590495449915,1.3144590495449915,SHL
2025-10-28,505.8,518.9,499.1,518.9,61184.0,31245788.8,0.0357285429141716,3.57285429141716,SHL
2025-10-29,529.2,559.8,529.2,543.1,207945.0,113891899.1,0.04663711697822315,4.663711697822315,SHL
2025-10-30,553.0,555.0,538.1,549.0,102925.0,56519720.2,0.01086356103848285,1.086356103848285,SHL
2025-11-02,555.0,557.5,549.0,552.0,76357.0,42258807.9,0.005464480874316946,0.5464480874316946,SHL
2025-11-03,549.0,555.0,538.1,548.0,47749.0,26255109.5,-0.007246376811594235,-0.7246376811594235,SHL
2025-11-04,558.9,558.9,537.1,544.0,35815.0,19554437.6,-0.007299270072992692,-0.7299270072992692,SHL
2025-11-05,534.0,545.0,534.0,542.2,41106.0,22280100.7,-0.003308823529411642,-0.3308823529411642,SHL
2025-11-06,543.0,555.0,536.2,540.0,48155.0,26109361.9,-0.004057543341940306,-0.4057543341940306,SHL
2025-11-09,545.0,545.0,535.0,540.0,35370.0,19097279.8,0.0,0.0,SHL
2025-11-10,542.0,543.6,536.0,543.6,35661.0,19279713.1,0.006666666666666599,0.6666666666666599,SHL
2025-11-11,545.0,554.4,531.0,548.8,83496.0,46064503.5,0.009565857247976428,0.9565857247976428,SHL
2025-11-12,551.9,551.9,540.0,541.5,25230.0,13722802.7,-0.01330174927113692,-1.330174927113692,SHL
2025-11-13,547.0,547.0,536.0,539.7,48141.0,25981517.0,-0.003324099722991636,-0.3324099722991636,SHL
2025-11-16,543.8,543.8,525.0,536.0,59547.0,31815737.4,-0.006855660552158693,-0.6855660552158693,SHL
2025-11-17,540.0,550.0,533.0,543.0,28431.0,15372045.4,0.013059701492537323,1.3059701492537323,SHL
2025-11-18,540.0,550.9,540.0,545.0,28435.0,15535525.9,0.0036832412523020164,0.36832412523020164,SHL
2025-11-19,552.0,552.0,542.0,545.8,28517.0,15527139.9,0.0014678899082567476,0.14678899082567476,SHL
2025-11-20,550.0,552.0,544.0,546.0,96431.0,52624320.2,0.00036643459142560175,0.036643459142560175,SHL
2025-11-23,480.0,481.0,464.0,471.9,46349.0,21923022.9,-0.1357142857142858,-13.571428571428578,SHL
2025-11-24,472.0,480.0,471.9,477.0,30245.0,14388696.0,0.010807374443738027,1.0807374443738027,SHL
2025-11-25,477.5,479.7,470.0,477.9,15265.0,7267733.6,0.0018867924528300772,0.18867924528300772,SHL
2025-11-26,479.0,494.0,477.9,493.0,50083.0,24439262.5,0.03159656831973212,3.159656831973212,SHL
2025-11-27,494.0,496.5,490.0,495.0,24097.0,11879985.1,0.0040567951318457585,0.40567951318457585,SHL
2025-11-30,495.0,500.0,487.2,498.4,63990.0,31749248.5,0.006868686868686913,0.6868686868686913,SHL
2025-12-01,491.3,500.0,488.0,493.0,24408.0,12001564.3,-0.0108346709470305,-1.08346709470305,SHL
2025-12-02,495.0,496.0,486.0,487.4,11361.0,5551747.5,-0.011359026369168412,-1.1359026369168412,SHL
2025-12-03,481.0,496.7,478.2,484.0,16548.0,8098602.7,-0.006975789905621643,-0.6975789905621643,SHL
2025-12-07,491.2,491.2,478.0,480.0,17710.0,8515783.9,-0.008264462809917328,-0.8264462809917328,SHL
2025-12-08,470.4,485.1,470.4,479.7,11295.0,5421434.2,-0.0006249999999999867,-0.06249999999999867,SHL
2025-12-09,480.0,487.8,475.0,484.5,13710.0,6632780.9,0.01000625390869292,1.000625390869292,SHL
2025-12-10,488.0,490.0,479.3,489.0,19935.0,9706571.7,0.009287925696594534,0.9287925696594534,SHL
2025-12-11,485.0,489.8,475.3,485.5,8582.0,4175941.5,-0.007157464212678932,-0.7157464212678932,SHL
2025-12-14,485.0,487.8,475.9,487.0,11193.0,5439543.0,0.003089598352214118,0.3089598352214118,SHL
2025-12-15,487.0,497.0,480.0,486.0,10782.0,5235756.7,-0.002053388090349051,-0.2053388090349051,SHL
2025-12-16,487.0,495.0,483.0,495.0,13058.0,6386912.4,0.0185185185185186,1.85185185185186,SHL
2025-12-17,495.0,496.0,485.0,491.6,14580.0,7169711.2,-0.006868686868686802,-0.6868686868686802,SHL
2025-12-18,491.0,494.8,486.0,494.7,15109.0,7386285.0,0.006305939788445736,0.6305939788445736,SHL
2025-12-21,488.0,493.0,480.0,486.0,9156.0,4450123.0,-0.017586416009702788,-1.7586416009702788,SHL
2025-12-22,477.0,485.7,470.0,478.6,34104.0,16321420.2,-0.015226337448559613,-1.5226337448559613,SHL
2025-12-23,478.0,485.0,471.0,479.5,15466.0,7425662.4,0.0018804847471791675,0.18804847471791675,SHL
2025-12-24,479.5,486.0,475.0,480.5,11182.0,5374158.5,0.002085505735140769,0.2085505735140769,SHL
2025-12-28,470.9,490.1,470.9,488.5,12144.0,5920904.6,0.01664932362122795,1.6649323621227952,SHL
2025-12-29,485.0,493.0,480.0,488.1,29177.0,14280950.5,-0.0008188331627430046,-0.08188331627430046,SHL
2025-12-31,493.0,493.0,485.0,492.0,25981.0,12713319.8,0.007990165949600447,0.7990165949600447,SHL
2026-01-01,490.0,494.0,480.0,487.9,14998.0,7316628.4,-0.008333333333333415,-0.8333333333333415,SHL
2026-01-04,487.9,493.0,475.0,489.0,17633.0,8606685.6,0.002254560360729796,0.2254560360729796,SHL
2026-01-05,485.0,496.0,485.0,494.0,42684.0,21019331.8,0.010224948875255713,1.0224948875255713,SHL
2026-01-06,494.0,510.0,490.0,499.9,58331.0,29179110.6,0.011943319838056743,1.1943319838056743,SHL
2026-01-07,500.0,500.0,490.0,495.0,14764.0,7335405.5,-0.009801960392078368,-0.9801960392078368,SHL
2026-01-08,491.1,500.0,491.1,497.0,11547.0,5714462.0,0.004040404040404066,0.40404040404040664,SHL
2026-01-12,492.2,498.9,483.2,493.0,62815.0,30884732.1,-0.008048289738430636,-0.8048289738430636,SHL
2026-01-13,486.0,497.9,486.0,495.7,16894.0,8375052.3,0.005476673427991852,0.5476673427991852,SHL
2026-01-14,499.0,503.0,487.7,498.0,46757.0,23218898.2,0.0046399031672381685,0.46399031672381685,SHL
2026-01-18,502.0,502.0,497.3,498.0,29400.0,14676960.5,0.0,0.0,SHL
2026-01-20,502.0,515.2,499.0,515.0,99453.0,50724250.1,0.034136546184738936,3.4136546184738936,SHL
2026-01-21,509.0,512.0,500.0,502.0,31970.0,16162396.1,-0.025242718446601975,-2.5242718446601975,SHL
2026-01-22,500.0,510.0,495.0,501.8,17717.0,8889773.6,-0.00039840637450194727,-0.03984063745019473,SHL
2026-01-25,499.9,515.2,495.0,508.5,40572.0,20664383.0,0.013351933041052089,1.3351933041052089,SHL
2026-01-26,507.0,514.4,498.5,513.0,33023.0,16844456.1,0.008849557522123908,0.8849557522123908,SHL
2026-01-27,515.0,523.0,499.2,507.0,62156.0,31757447.6,-0.011695906432748537,-1.1695906432748537,SHL
2026-01-28,505.0,507.1,493.0,503.1,22435.0,11276366.1,-0.007692307692307665,-0.7692307692307665,SHL
2026-01-29,499.0,513.0,499.0,501.5,27785.0,13980637.0,-0.0031802822500497374,-0.31802822500497374,SHL
2026-02-01,501.5,504.9,490.0,496.1,30983.0,15420343.7,-0.01076769690927215,-1.076769690927215,SHL
2026-02-02,500.0,500.0,490.1,493.1,10981.0,5444531.3,-0.006047167909695617,-0.6047167909695617,SHL
2026-02-03,493.2,513.0,493.1,497.0,38791.0,19438733.6,0.007909146217805585,0.7909146217805585,SHL
2026-02-04,500.0,505.0,495.0,499.0,25371.0,12600694.7,0.004024144869215318,0.4024144869215318,SHL
2026-02-05,494.0,504.0,494.0,503.5,16517.0,8260825.1,0.009018036072144353,0.9018036072144353,SHL
2026-02-08,500.0,504.0,496.0,498.0,27063.0,13556734.9,-0.010923535253227423,-1.0923535253227423,SHL
2026-02-09,495.0,499.0,490.0,497.0,25082.0,12421323.9,-0.002008032128514081,-0.20080321285140812,SHL
2026-02-10,504.9,504.9,494.6,496.0,18543.0,9191926.6,-0.002012072434607659,-0.2012072434607659,SHL
2026-02-11,505.9,507.0,494.0,497.0,10898.0,5418893.5,0.002016129032258007,0.20161290322580072,SHL
2026-02-12,495.1,503.0,488.1,491.5,41181.0,20255981.8,-0.01106639839034207,-1.106639839034207,SHL
2026-02-16,492.0,498.0,485.0,491.0,20299.0,9990712.4,-0.0010172939979654627,-0.10172939979654627,SHL
2026-02-17,494.9,496.0,485.0,489.0,20615.0,10104569.8,-0.004073319755600768,-0.40733197556007683,SHL
2026-02-22,489.0,492.0,485.0,487.1,31530.0,15394484.9,-0.0038854805725970776,-0.38854805725970776,SHL
2026-02-23,489.1,489.5,483.0,486.3,31198.0,15211406.6,-0.001642373229316374,-0.1642373229316374,SHL
2026-02-24,488.0,490.0,480.0,490.0,16284.0,7928767.2,0.0076084721365412555,0.7608472136541256,SHL
2026-02-25,490.0,494.0,490.0,491.0,7134.0,3510471.0,0.0020408163265306367,0.20408163265306367,SHL
2026-02-26,490.0,500.0,488.0,493.1,10105.0,4985044.0,0.004276985743380868,0.4276985743380868,SHL
2026-03-01,493.0,498.0,485.0,496.0,16267.0,8045874.5,0.005881160008111896,0.5881160008111896,SHL
2026-03-03,496.0,505.0,495.0,501.8,19351.0,9677405.6,0.011693548387096797,1.1693548387096797,SHL
2026-03-09,511.8,532.0,511.8,530.0,2165.0,1132747.0,0.05619768832204053,5.619768832204053,SHL
2026-03-10,530.0,530.0,503.0,515.0,137995.0,71292162.5,-0.028301886792452824,-2.8301886792452824,SHL
2026-03-11,525.0,525.0,500.9,510.0,65828.0,33691728.6,-0.009708737864077666,-0.9708737864077666,SHL
2026-03-12,503.0,515.0,498.9,511.0,43826.0,22350149.0,0.0019607843137254832,0.19607843137254832,SHL
2026-03-15,511.0,522.2,499.8,511.6,47014.0,24030889.7,0.0011741682974559797,0.11741682974559797,SHL
2026-03-16,510.0,520.0,500.0,508.9,37910.0,19289849.1,-0.005277560594214359,-0.5277560594214359,SHL
2026-03-17,514.0,514.0,500.0,507.8,57512.0,29268094.1,-0.002161524857535846,-0.2161524857535846,SHL
2026-03-19,507.6,525.0,502.0,516.0,107712.0,55482424.0,0.016148089799133514,1.6148089799133514,SHL
2026-03-22,524.9,537.0,503.0,535.0,168314.0,88701854.1,0.036821705426356655,3.6821705426356655,SHL
2026-03-23,538.0,540.0,520.0,528.4,111657.0,59009250.3,-0.012336448598130878,-1.2336448598130878,SHL
2026-03-24,531.0,531.0,510.0,522.1,66533.0,34876256.4,-0.011922785768357258,-1.1922785768357258,SHL
2026-03-25,525.0,527.0,514.5,518.0,73932.0,38329841.3,-0.00785290174296116,-0.785290174296116,SHL
2026-03-26,512.0,522.2,509.0,519.1,125133.0,64622643.9,0.002123552123552086,0.2123552123552086,SHL
2026-03-29,519.0,520.0,505.0,508.9,82444.0,42138089.4,-0.01964939318050485,-1.9649393180504848,SHL
2026-03-30,505.0,512.0,499.0,499.0,82569.0,41587144.9,-0.019453723717822724,-1.9453723717822724,SHL
2026-03-31,500.2,506.0,488.0,504.1,35389.0,17626490.0,0.01022044088176366,1.022044088176366,SHL
2026-04-01,502.0,505.0,481.0,491.0,82708.0,40669694.6,-0.025986907359650924,-2.5986907359650924,SHL
2026-04-02,492.2,495.0,481.2,492.0,33660.0,16568734.0,0.0020366598778003286,0.20366598778003286,SHL
2026-04-05,492.0,492.0,479.0,479.0,61854.0,29870127.5,-0.026422764227642226,-2.6422764227642226,SHL
2026-04-06,479.0,499.0,475.0,491.0,36249.0,17692554.8,0.025052192066805867,2.5052192066805867,SHL
2026-04-07,491.0,500.0,480.0,493.9,60466.0,29682568.8,0.0059063136456212195,0.590631364562122,SHL
2026-04-08,497.0,500.0,488.0,496.9,75218.0,37070610.6,0.0060741040696496995,0.60741040696497,SHL
2026-04-09,497.1,510.0,495.0,509.0,49840.0,25130180.4,0.02435097605151948,2.435097605151948,SHL
2026-04-10,510.0,512.0,495.0,501.0,67873.0,34107983.5,-0.015717092337917515,-1.5717092337917515,SHL
2026-04-13,500.1,509.0,500.0,508.0,38220.0,19328074.6,0.013972055888223478,1.3972055888223478,SHL
2026-04-15,505.0,535.0,501.0,521.1,186977.0,97180497.0,0.025787401574803193,2.5787401574803193,SHL
2026-04-16,521.0,522.0,507.0,512.5,55865.0,28592192.3,-0.016503550182306648,-1.6503550182306648,SHL
2026-04-17,513.0,522.5,502.4,515.0,96258.0,49234138.8,0.004878048780487809,0.4878048780487809,SHL
2026-04-20,507.0,511.0,503.6,509.5,51947.0,26255512.3,-0.010679611650485477,-1.0679611650485477,SHL
2026-04-21,505.1,515.0,503.1,506.9,32825.0,16610810.6,-0.005103042198233654,-0.5103042198233654,SHL
2026-04-22,503.1,505.0,483.0,503.0,48418.0,24164042.9,-0.007693825212073291,-0.7693825212073291,SHL
2026-04-23,506.0,510.0,483.1,497.5,18979.0,9454061.0,-0.010934393638170947,-1.0934393638170947,SHL
2026-04-24,484.0,528.8,484.0,501.0,26882.0,13794003.3,0.007035175879396949,0.7035175879396949,SHL
2026-04-27,501.0,505.9,500.0,504.8,13686.0,6899697.3,0.007584830339321336,0.7584830339321336,SHL
2026-04-28,504.8,506.0,488.9,501.9,12445.0,6244986.5,-0.00574484944532494,-0.574484944532494,SHL
2026-04-29,501.9,501.0,490.0,498.0,14002.0,6969867.0,-0.0077704722056185505,-0.777047220561855,SHL
2026-04-30,490.0,530.0,490.0,496.1,40288.0,20565734.1,-0.003815261044176621,-0.3815261044176621,SHL
2026-05-04,490.2,500.0,489.0,492.1,21376.0,10546967.2,-0.008062890546260859,-0.8062890546260859,SHL
2026-05-05,491.0,500.0,489.1,492.3,14185.0,6995572.0,0.000406421459053119,0.0406421459053119,SHL
2026-05-06,492.3,497.0,480.0,495.9,22373.0,10969840.3,0.007312614259597838,0.7312614259597838,SHL
2026-05-07,503.0,503.0,490.0,496.9,9486.0,4698806.1,0.002016535591853108,0.2016535591853108,SHL
2026-05-08,497.0,498.5,490.0,495.6,20264.0,10035329.2,-0.0026162205675185346,-0.26162205675185346,SHL
2026-05-11,500.0,502.9,495.0,500.8,23853.0,11932910.2,0.010492332526230719,1.0492332526230719,SHL
2026-05-12,500.0,504.0,487.0,497.9,14049.0,6998725.1,-0.005790734824281163,-0.5790734824281163,SHL
2026-05-13,492.0,499.0,485.0,497.4,13938.0,6913355.8,-0.0010042177144005127,-0.10042177144005127,SHL
2026-05-14,493.0,498.0,490.0,497.7,12043.0,5970223.4,0.0006031363088057073,0.060313630880570734,SHL
2026-05-15,495.0,500.0,490.0,498.4,15141.0,7518400.9,0.0014064697609001975,0.14064697609001975,SHL
2026-05-18,495.0,500.0,494.0,497.8,17467.0,8713378.6,-0.0012038523274477964,-0.12038523274477964,SHL
2026-05-19,497.8,500.6,495.0,500.6,9518.0,4751522.8,0.005624748895138643,0.5624748895138643,SHL
2026-05-20,503.0,505.0,496.3,505.0,18507.0,9294436.9,0.008789452656811747,0.8789452656811747,SHL
2026-05-21,503.0,509.9,497.5,499.0,14641.0,7313258.0,-0.011881188118811892,-1.1881188118811892,SHL
2026-05-22,500.0,504.0,497.0,500.1,10068.0,5032016.2,0.002204408817635395,0.2204408817635395,SHL
2026-05-25,501.5,509.0,500.0,508.0,37226.0,18775128.4,0.015796840631873588,1.5796840631873588,SHL
2026-05-26,508.0,512.0,498.0,508.0,34537.0,17521440.1,0.0,0.0,SHL
2026-05-27,508.0,512.0,505.0,511.0,20202.0,10275302.8,0.0059055118110236116,0.5905511811023612,SHL
2026-06-01,506.0,520.0,500.0,510.0,22177.0,11214814.5,-0.00195694716242667,-0.195694716242667,SHL
2026-06-02,508.0,509.9,504.0,506.5,20630.0,10450723.2,-0.006862745098039191,-0.6862745098039191,SHL
2026-06-03,509.9,512.9,500.0,505.7,18437.0,9346726.5,-0.0015794669299111774,-0.15794669299111774,SHL
2026-06-04,505.7,511.0,502.0,503.7,10883.0,5497623.3,-0.003954913980620867,-0.39549139806208666,SHL
2026-06-05,505.0,518.0,500.0,503.1,18018.0,9083614.0,-0.00119118522930306,-0.119118522930306,SHL
2026-06-08,502.3,507.1,490.0,503.1,5320.0,2677064.8,0.0,0.0,SHL
2026-06-09,503.0,503.0,480.6,502.7,39630.0,19662605.3,-0.0007950705625124899,-0.07950705625124899,SHL
2026-06-10,494.1,506.9,483.0,500.0,3657.0,1824887.5,-0.005370996618261348,-0.5370996618261348,SHL
2026-06-11,507.0,507.9,495.0,505.0,31145.0,15599814.7,0.010000000000000009,1.0000000000000009,SHL
2026-06-12,500.0,509.0,500.0,505.0,20365.0,10285909.9,0.0,0.0,SHL
2026-06-15,500.0,505.0,498.0,500.0,14410.0,7200480.3,-0.00990099009900991,-0.990099009900991,SHL
2026-06-16,500.0,504.0,497.0,498.0,14809.0,7372056.9,-0.0040000000000000036,-0.40000000000000036,SHL
2026-06-17,500.0,500.0,492.0,495.8,48298.0,23885740.3,-0.004417670682730912,-0.4417670682730912,SHL
2026-06-18,492.3,497.0,490.0,494.8,35377.0,17394748.5,-0.002016942315449799,-0.2016942315449799,SHL
2026-06-19,498.0,498.0,490.1,494.0,13969.0,6878512.9,-0.0016168148746968924,-0.16168148746968924,SHL
2026-06-22,494.0,495.0,488.0,493.0,29833.0,14668977.5,-0.002024291497975672,-0.2024291497975672,SHL
2026-06-23,500.0,522.0,491.0,492.3,20291.0,10211386.4,-0.0014198782961459822,-0.14198782961459822,SHL
2026-06-24,490.0,494.9,488.1,494.9,18141.0,8900680.1,0.005281332520820525,0.5281332520820525,SHL
2026-06-25,490.0,499.9,490.0,494.0,10134.0,5027270.3,-0.0018185492018588656,-0.18185492018588656,SHL
2026-06-26,492.1,493.1,491.6,492.0,8477.0,4173758.8,-0.004048582995951455,-0.4048582995951455,SHL
2026-06-29,492.0,492.0,488.2,488.2,10113.0,4951644.2,-0.007723577235772328,-0.7723577235772328,SHL
2026-06-30,490.0,490.0,483.1,487.0,21792.0,10605966.7,-0.002458009012699658,-0.2458009012699658,SHL
2026-07-01,489.9,500.0,489.1,492.0,13270.0,6523505.6,0.010266940451745477,1.0266940451745477,SHL
2026-07-02,498.0,505.0,487.5,493.0,6333.0,3109101.2,0.00203252032520318,0.20325203252031798,SHL
2026-07-03,490.0,498.0,485.0,491.2,7613.0,3741279.1,-0.0036511156186612714,-0.36511156186612714,SHL
2026-07-06,500.0,500.0,490.0,493.0,27533.0,13563317.2,0.003664495114006572,0.3664495114006572,SHL
2026-07-07,499.8,521.0,490.0,496.0,54285.0,27305448.6,0.006085192697768749,0.6085192697768749,SHL
2026-07-08,494.0,505.0,490.0,493.0,18401.0,9048692.7,-0.006048387096774244,-0.6048387096774244,SHL
2026-07-09,492.9,500.0,488.5,492.0,33083.0,16254545.0,-0.0020283975659228792,-0.20283975659228792,SHL
2026-07-10,497.8,500.0,489.0,490.5,16511.0,8107934.4,-0.0030487804878048808,-0.3048780487804881,SHL
2026-07-13,490.5,492.0,486.4,486.4,29566.0,14428062.5,-0.008358817533129503,-0.8358817533129503,SHL
2026-07-14,486.5,490.0,474.4,486.0,45360.0,22037922.4,-0.0008223684210525439,-0.08223684210525439,SHL
2026-07-15,496.0,496.0,487.0,487.0,21524.0,10521638.0,0.002057613168724215,0.2057613168724215,SHL
2026-07-16,496.0,496.0,488.6,489.5,14876.0,7295352.9,0.005133470225872738,0.5133470225872738,SHL
2026-07-17,492.0,500.0,490.2,499.5,17187.0,8543621.5,0.020429009193054126,2.0429009193054126,SHL
2026-07-20,499.0,510.0,499.0,503.8,15033.0,7533616.3,0.00860860860860857,0.860860860860857,SHL
2026-07-21,503.9,510.0,500.0,505.0,31042.0,15602092.0,0.002381897578404013,0.2381897578404013,SHL
2026-07-22,505.0,505.0,497.7,502.0,18022.0,9013671.3,-0.005940594059405946,-0.5940594059405946,SHL
2026-07-23,498.0,504.4,496.4,499.6,9794.0,4895109.6,-0.004780876494023811,-0.47808764940238113,SHL
2026-07-24,504.9,505.0,499.0,503.0,15100.0,7578356.3,0.006805444355484358,0.6805444355484358,SHL
2026-07-27,502.0,505.5,499.1,502.0,25899.0,13011503.2,-0.001988071570576566,-0.1988071570576566,SHL
2026-07-28,505.0,508.0,495.0,500.9,25363.0,12722770.0,-0.002191235059761043,-0.2191235059761043,SHL
2026-07-29,499.0,502.0,498.2,500.0,10770.0,5388888.0,-0.0017967658215212179,-0.1796765821521218,SHL
2026-07-30,500.0,501.4,498.3,500.0,6446.0,3219978.4,0.0,0.0,SHL
2026-07-31,496.0,501.0,496.0,501.0,9444.0,4709150.4,0.0020000000000000018,0.20000000000000018,SHL
2026-08-03,500.0,504.0,498.0,500.0,23716.0,11890689.3,-0.001996007984031989,-0.1996007984031989,SHL
2026-08-04,500.0,513.4,496.0,500.0,5881.0,2933315.0,0.0,0.0,SHL
2026-08-05,499.0,505.0,497.0,501.0,10373.0,5181083.5,0.0020000000000000018,0.20000000000000018,SHL
2026-08-06,500.0,502.0,498.0,498.6,16007.0,7994298.2,-0.004790419161676551,-0.4790419161676551,SHL
2026-08-07,498.6,502.0,497.3,499.1,16785.0,8387335.0,0.0010028078620136771,0.10028078620136771,SHL
2026-08-10,499.0,501.0,497.3,498.0,12145.0,6054138.5,-0.00220396714085358,-0.220396714085358,SHL
2026-08-11,502.0,519.1,489.5,503.0,19086.0,9558970.1,0.010040160642570184,1.0040160642570184,SHL
2026-08-12,502.0,508.0,502.0,508.0,23413.0,11822596.1,0.00994035785288272,0.994035785288272,SHL
2026-08-13,508.0,509.9,500.0,509.0,14077.0,7129594.9,0.0019685039370078705,0.19685039370078705,SHL
2026-08-14,511.9,511.9,500.0,504.4,6324.0,3196777.1,-0.009037328094302577,-0.9037328094302577,SHL
2026-08-17,503.0,505.0,501.0,505.0,11790.0,5936505.6,0.0011895321173671647,0.11895321173671647,SHL
2026-08-18,500.2,502.9,498.1,502.9,27813.0,13899474.7,-0.004158415841584162,-0.4158415841584162,SHL
2026-08-19,498.0,500.0,490.0,498.0,24850.0,12381140.5,-0.009743487770928594,-0.9743487770928594,SHL
2026-08-20,499.0,499.3,496.0,498.0,19847.0,9882598.4,0.0,0.0,SHL
2026-08-21,505.0,511.0,500.0,500.2,19907.0,10037288.7,0.004417670682730801,0.4417670682730801,SHL
2026-08-24,500.0,515.2,495.0,509.9,52670.0,26818707.7,0.019392243102758888,1.9392243102758888,SHL
2026-08-25,509.0,510.0,500.0,508.9,24876.0,12549227.8,-0.001961168856638551,-0.1961168856638551,SHL
2026-08-26,503.0,508.9,500.0,508.0,29027.0,14625505.1,-0.0017685203379838033,-0.17685203379838033,SHL
2026-08-27,500.0,508.7,495.0,508.7,12179.0,6138138.1,0.001377952755905465,0.1377952755905465,SHL
2026-08-31,511.0,511.0,496.0,497.1,12590.0,6271106.7,-0.02280322390406908,-2.280322390406908,SHL
2026-09-01,498.0,507.0,495.0,500.0,30819.0,15364099.3,0.005833836250251467,0.5833836250251467,SHL
2026-09-02,501.5,501.5,495.0,500.0,28236.0,14039768.2,0.0,0.0,SHL
2026-09-03,498.0,502.0,497.0,502.0,6427.0,3214553.7,0.0040000000000000036,0.40000000000000036,SHL
2026-09-07,503.0,503.0,488.0,502.5,27156.0,13563454.9,0.0009960159362549792,0.09960159362549792,SHL
2026-09-09,501.0,508.0,498.3,501.8,14645.0,7332594.5,-0.0013930348258706093,-0.13930348258706093,SHL
2026-09-10,500.0,508.5,495.0,501.9,101711.0,50460400.4,0.00019928258270218713,0.019928258270218713,SHL
2026-09-11,501.9,506.0,497.5,505.3,22053.0,11097615.0,0.006774257820282958,0.6774257820282958,SHL
2026-09-14,505.0,507.5,490.0,505.0,28074.0,14186904.5,-0.0005937067088858106,-0.059370670888581056,SHL
2026-09-15,530.2,530.2,502.0,509.9,44897.0,22841220.1,0.009702970297029712,0.9702970297029712,SHL
2026-09-16,509.0,510.0,501.0,508.1,20290.0,10279179.0,-0.003530103941949303,-0.3530103941949303,SHL
2026-09-17,510.0,520.0,500.0,515.0,70692.0,36444279.8,0.013580003936233043,1.3580003936233043,SHL
2026-09-18,508.0,520.5,508.0,516.5,49428.0,25572032.1,0.002912621359223211,0.2912621359223211,SHL
2026-09-22,520.2,520.2,511.1,519.0,44000.0,22753656.8,0.004840271055179146,0.4840271055179146,SHL
2026-09-23,519.0,520.3,515.0,517.6,35072.0,18173443.3,-0.002697495183044296,-0.2697495183044296,SHL
2026-09-24,515.1,520.9,512.0,518.0,36250.0,18782577.6,0.0007727975270479526,0.07727975270479526,SHL
2026-09-28,513.2,520.0,513.0,516.0,30748.0,15854584.5,-0.0038610038610038533,-0.38610038610038533,SHL
2026-09-29,514.0,515.9,508.1,513.4,27271.0,13946313.4,-0.005038759689922512,-0.5038759689922512,SHL
2026-09-30,510.2,515.0,509.0,509.1,19199.0,9798710.3,-0.008375535644721377,-0.8375535644721377,SHL
2026-10-01,510.0,515.0,508.0,509.8,20385.0,10375995.9,0.0013749754468670439,0.1374975446867044,SHL
